feature,selection_frequency,top20_frequency,permutation_importance,effect_size,effect_direction,missing_rate_change,ks_statistic,spc_alert_rate,rank_stability,consensus_rank,interpretation,absolute_effect_size,q_contribution,consensus_score
sensor_021,1.0,1.0,0.0033061791503711815,0.36358290759239836,higher among failures,0.0006604739497403196,0.34546107784431135,0.18675179569034317,0.30510051218771933,1,Candidate process variable; association-based triage signal for engineering investigation priority that does not establish causality.,0.36358290759239836,0.012512833041748753,0.8953860640301318
sensor_247,0.75,0.75,0.002602810270887998,0.3035523557806445,higher among failures,0.27562718500167105,0.2757934595524957,0.0,0.6796227589829592,2,Candidate process variable; association-based triage signal for engineering investigation priority that does not establish causality.,0.3035523557806445,0.0,0.8448210922787195
sensor_059,1.0,1.0,-0.0031615545635832825,0.6623974023757023,higher among failures,0.007297043517010519,0.3307884691325524,0.3399840383080607,1.0,3,Candidate process variable; association-based triage signal for engineering investigation priority that does not establish causality.,0.6623974023757023,0.19237346131534655,0.8400188323917137
sensor_519,0.75,0.75,0.0019311845411654148,0.27278065583501754,higher among failures,0.27562718500167105,0.2729569707401033,0.0,0.37041520828107966,4,Candidate process variable; association-based triage signal for engineering investigation priority that does not establish causality.,0.27278065583501754,0.0,0.8380414312617703
sensor_129,0.5,0.5,0.0009640065408387688,0.5103995524646271,higher among failures,0.007989347536617843,0.5728843017192974,0.0,0.15384615384615385,5,Candidate process variable; association-based triage signal for engineering investigation priority that does not establish causality.,0.5103995524646271,0.0,0.8213747645951037
sensor_103,1.0,0.75,9.759580305046811e-05,0.4818926073861264,higher among failures,0.00398406374501992,0.4217310252996005,0.0,0.09294016602622353,6,Candidate process variable; association-based triage signal for engineering investigation priority that does not establish causality.,0.4818926073861264,0.0,0.8016949152542373
sensor_510,1.0,0.25,0.0009716676091757248,0.40046617951549474,higher among failures,0.00398406374501992,0.3512330226364847,0.0,0.10189471924240713,7,Candidate process variable; association-based triage signal for engineering investigation priority that does not establish causality.,0.40046617951549474,0.0,0.7981167608286253
sensor_064,1.0,1.0,0.0009253852981952013,0.2776686660971245,higher among failures,0.007297043517010519,0.14941988378871363,0.0,0.28989794855663564,8,Candidate process variable; association-based triage signal for engineering investigation priority that does not establish causality.,0.2776686660971245,0.0,0.7891713747645953
sensor_065,1.0,1.0,0.00288203716895164,0.2573291888329672,higher among failures,0.007297043517010519,0.14746422459993624,0.0,0.2204812092115424,9,Candidate process variable; association-based triage signal for engineering investigation priority that does not establish causality.,0.2573291888329672,0.0,0.7867231638418081
sensor_014,1.0,0.0,0.0004111438320163613,-0.2417497389489075,lower among failures,0.0,0.14913183484437742,0.22825219473264166,0.10160154936892239,10,Candidate process variable; association-based triage signal for engineering investigation priority that does not establish causality.,0.2417497389489075,0.7632671732508252,0.7663841807909605
sensor_333,0.75,0.75,0.0019982208700090793,0.20173483547206378,higher among failures,0.00862860143978016,0.10856069751844397,0.0,0.5147186257614297,11,Candidate process variable; association-based triage signal for engineering investigation priority that does not establish causality.,0.20173483547206378,0.0,0.7662900188323918
sensor_031,0.75,0.75,0.00019040627880843874,-0.21137589234750348,lower among failures,0.0006604739497403196,0.3421157684630738,0.0,0.3797958971132712,12,Candidate process variable; association-based triage signal for engineering investigation priority that does not establish causality.,0.21137589234750348,0.0,0.7612052730696799
sensor_542,0.25,0.0,0.0,-0.25939815309497655,lower among failures,0.0,0.7283807512957492,0.4405426975259378,1.0,13,Candidate process variable; association-based triage signal for engineering investigation priority that does not establish causality.,0.25939815309497655,0.0020144184583546095,0.7554613935969868
sensor_550,0.5,0.0,-0.0009536923634401812,0.16922537963799245,higher among failures,0.13348470299892307,0.20778755294884327,0.047086991221069435,0.6666666666666666,14,Candidate process variable; association-based triage signal for engineering investigation priority that does not establish causality.,0.16922537963799245,0.003251013740202824,0.7512241054613935
sensor_477,0.5,0.5,0.0,0.18463697686974406,higher among failures,0.00862860143978016,0.26388464118041594,0.0,0.5,15,Candidate process variable; association-based triage signal for engineering investigation priority that does not establish causality.,0.18463697686974406,0.0,0.7486817325800378
sensor_205,0.5,0.5,0.0,0.21366922236166733,higher among failures,0.00862860143978016,0.2464064386317908,0.0,0.14285714285714285,16,Candidate process variable; association-based triage signal for engineering investigation priority that does not establish causality.,0.21366922236166733,0.0,0.7466101694915256
sensor_562,0.25,0.25,0.0,-0.17710550528061927,lower among failures,0.322300677449987,0.18059769732740338,0.0,1.0,17,Candidate process variable; association-based triage signal for engineering investigation priority that does not establish causality.,0.17710550528061927,0.0,0.7463276836158194
sensor_125,0.5,0.0,0.0006157544926650577,-0.3884638655776943,lower among failures,0.007989347536617843,0.2580149201850316,0.0,0.125,18,Candidate process variable; association-based triage signal for engineering investigation priority that does not establish causality.,0.3884638655776943,0.0,0.745762711864407
sensor_000,1.0,1.0,0.0022382662829745063,-0.30196296607625644,lower among failures,0.004665757741338242,0.08662567626141826,0.0,0.1774053291584318,19,Candidate process variable; association-based triage signal for engineering investigation priority that does not establish causality.,0.30196296607625644,0.0,0.7447269303201507
sensor_554,0.75,0.0,0.00024020208802405936,0.18601234413666376,higher among failures,0.13348470299892307,0.17945584881068743,0.0,0.34654620645552786,20,Candidate process variable; association-based triage signal for engineering investigation priority that does not establish causality.,0.18601234413666376,0.0,0.7441619585687382
sensor_341,0.25,0.25,0.0,0.19388315486464153,higher among failures,0.00862860143978016,0.23106103286384982,0.0,1.0,21,Candidate process variable; association-based triage signal for engineering investigation priority that does not establish causality.,0.19388315486464153,0.0,0.7433145009416197
sensor_468,0.25,0.25,0.0,-0.2156317052587581,lower among failures,0.007297043517010519,0.2596889749713232,0.0,1.0,22,Candidate process variable; association-based triage signal for engineering investigation priority that does not establish causality.,0.2156317052587581,0.0,0.7387947269303203
sensor_557,0.75,0.0,0.0002877181817856303,0.1833538186860507,higher among failures,0.13348470299892307,0.1387504072987944,0.0,0.1355556846194033,23,Candidate process variable; association-based triage signal for engineering investigation priority that does not establish causality.,0.1833538186860507,0.0,0.7247645951035782
sensor_197,0.75,0.0,0.0026769050748864072,0.20628512481493627,higher among failures,0.00862860143978016,0.1210033534540576,0.0,0.6796227589829592,24,Candidate process variable; association-based triage signal for engineering investigation priority that does not establish causality.,0.20628512481493627,0.0,0.7209981167608288
sensor_460,1.0,1.0,0.0010294671533531378,0.2766178618302799,higher among failures,0.0013315579227696406,0.04381938911022576,0.0,0.585786437626905,25,Candidate process variable; association-based triage signal for engineering investigation priority that does not establish causality.,0.2766178618302799,0.0,0.7161016949152542
sensor_295,1.0,0.0,0.0009702078371599462,0.3146684876802033,higher among failures,0.0006604739497403196,0.309253493013972,0.0,0.08752482628899845,26,Candidate process variable; association-based triage signal for engineering investigation priority that does not establish causality.,0.3146684876802033,0.0,0.7110169491525424
sensor_026,1.0,0.0,0.0004547382215342649,-0.24687130182460065,lower among failures,0.0006604739497403196,0.39077045908183633,0.0,0.12789210656028413,27,Candidate process variable; association-based triage signal for engineering investigation priority that does not establish causality.,0.24687130182460065,0.0,0.7108286252354049
sensor_122,1.0,0.5,-0.004428977155293326,-0.3635999927522217,lower among failures,0.007989347536617843,0.2789352656488141,0.0,0.08920376686034932,28,Candidate process variable; association-based triage signal for engineering investigation priority that does not establish causality.,0.3635999927522217,0.0,0.7056497175141243
sensor_022,1.0,0.0,0.00035421080469541234,-0.2617949035535851,lower among failures,0.0006604739497403196,0.338259481037924,0.0,0.07498258646697199,29,Candidate process variable; association-based triage signal for engineering investigation priority that does not establish causality.,0.2617949035535851,0.0,0.7055555555555556
sensor_431,1.0,0.0,0.0011818259442247236,0.33147744257696216,higher among failures,0.0006604739497403196,0.25529740518962074,0.0,0.0832545344929116,30,Candidate process variable; association-based triage signal for engineering investigation priority that does not establish causality.,0.33147744257696216,0.0,0.702919020715631
sensor_553,0.0,0.0,0.0,0.1705855827002532,higher among failures,0.13348470299892307,0.21421472792440527,0.040702314445331206,0.0,31,Candidate process variable; association-based triage signal for engineering investigation priority that does not establish causality.,0.1705855827002532,0.01299247673875329,0.694632768361582
sensor_058,0.25,0.25,0.0,0.18957880519922604,higher among failures,0.0020026418957989614,0.16653057521321002,0.0,1.0,32,Candidate process variable; association-based triage signal for engineering investigation priority that does not establish causality.,0.18957880519922604,0.0,0.6943502824858758
sensor_130,0.5,0.5,-0.0014306018052864175,0.2638866499515596,higher among failures,0.007989347536617843,0.23808390598679108,0.0,0.16666666666666666,33,Candidate process variable; association-based triage signal for engineering investigation priority that does not establish causality.,0.2638866499515596,0.0,0.6925612052730697
sensor_102,0.25,0.25,0.0,-0.17749417065222003,lower among failures,0.005305011644500559,0.13472581916450843,0.0,1.0,34,Candidate process variable; association-based triage signal for engineering investigation priority that does not establish causality.,0.17749417065222003,0.0,0.6917137476459511
sensor_556,0.0,0.0,0.0,0.16273360871794793,higher among failures,0.13348470299892307,0.2049038774845226,0.04389465283320032,0.0,35,Candidate process variable; association-based triage signal for engineering investigation priority that does not establish causality.,0.16273360871794793,0.004605295709073527,0.6886064030131827
sensor_030,0.5,0.0,-0.0014947797237815793,0.20785501967939038,higher among failures,0.0006604739497403196,0.22893413173652694,0.5091779728651237,0.08333333333333333,36,Candidate process variable; association-based triage signal for engineering investigation priority that does not establish causality.,0.20785501967939038,0.21231747594001657,0.6822975517890773
sensor_278,0.5,0.0,0.0,-0.17175809805710385,lower among failures,0.01062063331229012,0.17921505376344082,0.0,0.3333333333333333,37,Candidate process variable; association-based triage signal for engineering investigation priority that does not establish causality.,0.17175809805710385,0.0,0.6799435028248588
sensor_210,0.75,0.0,0.0021383605806129607,0.26342311240902794,higher among failures,0.0,0.23663269690876965,0.0,0.14890977052086576,38,Candidate process variable; association-based triage signal for engineering investigation priority that does not establish causality.,0.26342311240902794,0.0,0.6765536723163843
sensor_090,0.75,0.75,0.001394020364267752,-0.26291356175940495,lower among failures,0.0,0.052694680664824134,0.0,0.275887238151612,39,Candidate process variable; association-based triage signal for engineering investigation priority that does not establish causality.,0.26291356175940495,0.0,0.6749529190207157
sensor_143,0.5,0.0,0.0,-0.20649202125358143,lower among failures,0.01062063331229012,0.1462795698924731,0.0,0.15384615384615385,40,Candidate process variable; association-based triage signal for engineering investigation priority that does not establish causality.,0.20649202125358143,0.0,0.6749529190207157
sensor_411,0.25,0.0,0.0,0.19475032044089022,higher among failures,0.01062063331229012,0.13337634408602148,0.0,1.0,41,Candidate process variable; association-based triage signal for engineering investigation priority that does not establish causality.,0.19475032044089022,0.0,0.6714689265536724
sensor_416,0.5,0.0,0.0,-0.19436652075172944,lower among failures,0.01062063331229012,0.14904301075268817,0.0,0.13333333333333333,42,Candidate process variable; association-based triage signal for engineering investigation priority that does not establish causality.,0.19436652075172944,0.0,0.6709981167608287
sensor_095,0.5,0.0,0.0,0.23254374759297114,higher among failures,0.005305011644500559,0.19877105216594004,0.0,0.6666666666666666,43,Candidate process variable; association-based triage signal for engineering investigation priority that does not establish causality.,0.23254374759297114,0.0,0.6706214689265537
sensor_310,0.5,0.0,0.00010826240063713938,0.1499359582975214,higher among failures,0.0013315579227696406,0.2441646746347942,0.0,0.047619047619047616,44,Candidate process variable; association-based triage signal for engineering investigation priority that does not establish causality.,0.1499359582975214,0.0,0.6704331450094163
sensor_138,0.25,0.0,0.0,0.19842778452965631,higher among failures,0.01062063331229012,0.12212365591397847,0.0,1.0,45,Candidate process variable; association-based triage signal for engineering investigation priority that does not establish causality.,0.19842778452965631,0.0,0.6667608286252354
sensor_200,1.0,0.0,0.00237972630188312,0.16735422734772357,higher among failures,0.007297043517010519,0.05487128377743093,0.0,0.12210903915707426,46,Candidate process variable; association-based triage signal for engineering investigation priority that does not establish causality.,0.16735422734772357,0.0,0.6654425612052732
sensor_063,0.25,0.0,0.0,0.22078359618334817,higher among failures,0.007297043517010519,0.1418417044322008,0.0,1.0,47,Candidate process variable; association-based triage signal for engineering investigation priority that does not establish causality.,0.22078359618334817,0.0,0.6605461393596987
sensor_127,0.75,0.0,-0.0009472616125500308,-0.3173444050716764,lower among failures,0.007989347536617843,0.30556699376988683,0.0,0.3164309725825327,48,Candidate process variable; association-based triage signal for engineering investigation priority that does not establish causality.,0.3173444050716764,0.0,0.6601694915254237
sensor_076,0.5,0.25,0.0,-0.20587306327246022,lower among failures,0.0,0.23935682038822081,0.0,0.08,49,Candidate process variable; association-based triage signal for engineering investigation priority that does not establish causality.,0.20587306327246022,0.0,0.6590395480225989
sensor_033,1.0,1.0,-0.0006717653063332441,0.23898964817986051,higher among failures,0.0013315579227696406,0.2056361221779548,0.0,0.13341888991522402,50,Candidate process variable; association-based triage signal for engineering investigation priority that does not establish causality.,0.23898964817986051,0.0,0.658286252354049
sensor_469,0.75,0.25,-0.002537324301926333,0.1980007904209464,higher among failures,0.00862860143978016,0.13392354124748485,0.0,0.10197252377610658,51,Candidate process variable; association-based triage signal for engineering investigation priority that does not establish causality.,0.1980007904209464,0.0,0.6581920903954802
sensor_549,0.0,0.0,0.0,0.022909204251186657,higher among failures,0.13348470299892307,0.3080237862495927,0.1189146049481245,0.0,52,Candidate process variable; association-based triage signal for engineering investigation priority that does not establish causality.,0.022909204251186657,0.005592718771463848,0.6556497175141243
sensor_159,1.0,0.0,0.000402532437183907,0.2829303250167723,higher among failures,0.0006604739497403196,0.09021157684630743,0.0,0.1975496259559987,53,Candidate process variable; association-based triage signal for engineering investigation priority that does not establish causality.,0.2829303250167723,0.0,0.6542372881355932
sensor_268,0.25,0.0,0.0,-0.08675676527850476,lower among failures,0.006657789613848202,0.2937365818228427,0.0,1.0,54,Candidate process variable; association-based triage signal for engineering investigation priority that does not establish causality.,0.08675676527850476,0.0,0.6516007532956686
sensor_540,0.25,0.0,0.0,-0.08936605908538875,lower among failures,0.006657789613848202,0.2811328412889995,0.0,1.0,55,Candidate process variable; association-based triage signal for engineering investigation priority that does not establish causality.,0.08936605908538875,0.0,0.6510357815442561
sensor_079,0.75,0.5,-0.0006801402606644857,0.36505840664594746,higher among failures,0.0,0.3849236874074939,0.0,0.14028671408070123,56,Candidate process variable; association-based triage signal for engineering investigation priority that does not establish causality.,0.36505840664594746,0.0,0.6487758945386065
sensor_405,0.25,0.0,0.0,0.05160987726022124,higher among failures,0.006657789613848202,0.3816636937504673,0.0,1.0,57,Candidate process variable; association-based triage signal for engineering investigation priority that does not establish causality.,0.05160987726022124,0.0,0.6448210922787195
sensor_551,0.75,0.0,-4.044525390052151e-05,0.18487372901649224,higher among failures,0.13348470299892307,0.17992831541218635,0.0,0.18192030456471747,58,Candidate process variable; association-based triage signal for engineering investigation priority that does not establish causality.,0.18487372901649224,0.0,0.6428436911487759
sensor_053,0.25,0.0,0.0,-0.12379801594482394,lower among failures,0.0020026418957989614,0.23487250098733015,0.0,1.0,59,Candidate process variable; association-based triage signal for engineering investigation priority that does not establish causality.,0.12379801594482394,0.0,0.6398305084745763
sensor_348,1.0,0.25,-0.00036213648622415023,0.31967311508843865,higher among failures,0.0,0.2508209505519864,0.0,0.12556198186509598,60,Candidate process variable; association-based triage signal for engineering investigation priority that does not establish causality.,0.31967311508843865,0.0,0.6395480225988701
sensor_406,0.25,0.0,0.0,-0.054766124027920096,lower among failures,0.006657789613848202,0.299787445392692,0.0,1.0,61,Candidate process variable; association-based triage signal for engineering investigation priority that does not establish causality.,0.054766124027920096,0.0,0.6395480225988701
sensor_267,0.25,0.0,0.0,0.037746748894103795,higher among failures,0.006657789613848202,0.4151757580936309,0.0,1.0,62,Candidate process variable; association-based triage signal for engineering investigation priority that does not establish causality.,0.037746748894103795,0.0,0.6382297551789078
sensor_539,0.25,0.0,0.0,0.03095529344627425,higher among failures,0.006657789613848202,0.4169808700853423,0.0,1.0,63,Candidate process variable; association-based triage signal for engineering investigation priority that does not establish causality.,0.03095529344627425,0.0,0.6359698681732581
sensor_032,0.25,0.0,0.0,0.17636955845350563,higher among failures,0.0013315579227696406,0.2057636122177955,0.0,1.0,64,Candidate process variable; association-based triage signal for engineering investigation priority that does not establish causality.,0.17636955845350563,0.0,0.6358757062146894
sensor_527,0.5,0.5,0.0,-0.039423227261250034,lower among failures,0.0,0.5050397610622755,0.0,0.3333333333333333,65,Candidate process variable; association-based triage signal for engineering investigation priority that does not establish causality.,0.039423227261250034,0.0,0.6346516007532957
sensor_078,0.5,0.0,0.0,-0.2835697155100875,lower among failures,0.0,0.781794261038403,0.0,0.0625,66,Candidate process variable; association-based triage signal for engineering investigation priority that does not establish causality.,0.2835697155100875,0.0,0.6344632768361582
sensor_025,0.0,0.0,0.0,-0.12664903590738516,lower among failures,0.0006604739497403196,0.3947624750499002,0.43575418994413406,0.0,67,Candidate process variable; association-based triage signal for engineering investigation priority that does not establish causality.,0.12664903590738516,0.022160435436057915,0.6343691148775895
sensor_126,0.75,0.0,-0.001003130015121627,0.20180803175996384,higher among failures,0.007989347536617843,0.29490360704831675,0.0,0.06932559416839032,68,Candidate process variable; association-based triage signal for engineering investigation priority that does not establish causality.,0.20180803175996384,0.0,0.6326741996233523
sensor_543,0.0,0.0,0.0,-0.1838690207547279,lower among failures,0.0,0.6805932064020881,0.42857142857142855,0.0,69,Candidate process variable; association-based triage signal for engineering investigation priority that does not establish causality.,0.1838690207547279,0.005237662178889257,0.6317325800376647
sensor_316,0.5,0.0,0.0,-0.26046358162183386,lower among failures,0.0013315579227696406,0.12415405046480743,0.0,1.0,70,Candidate process variable; association-based triage signal for engineering investigation priority that does not establish causality.,0.26046358162183386,0.0,0.6308851224105463
sensor_298,1.0,0.25,-0.0029707182573270275,0.3045123563148831,higher among failures,0.0006604739497403196,0.173125748502994,0.0,0.04402561264741438,71,Candidate process variable; association-based triage signal for engineering investigation priority that does not establish causality.,0.3045123563148831,0.0,0.628813559322034
sensor_280,1.0,0.5,-0.0020110133889174276,-0.3210466857647634,lower among failures,0.0,0.18308125686335885,0.0,0.2187841884486319,72,Candidate process variable; association-based triage signal for engineering investigation priority that does not establish causality.,0.3210466857647634,0.0,0.6278719397363466
sensor_446,0.5,0.25,-0.004271316460394209,0.17288265648006063,higher among failures,0.0013315579227696406,0.19548472775564407,0.0,0.2857142857142857,73,Candidate process variable; association-based triage signal for engineering investigation priority that does not establish causality.,0.17288265648006063,0.0,0.6276836158192091
sensor_144,0.25,0.25,0.0,-0.12392604713348314,lower among failures,0.0,0.13761465456416683,0.0,1.0,74,Candidate process variable; association-based triage signal for engineering investigation priority that does not establish causality.,0.12392604713348314,0.0,0.6267419962335218
sensor_163,1.0,0.5,-0.0015566663429311205,0.30179442971034254,higher among failures,0.0006604739497403196,0.14601996007984042,0.0,0.04299257692528224,75,Candidate process variable; association-based triage signal for engineering investigation priority that does not establish causality.,0.30179442971034254,0.0,0.6246704331450095
sensor_587,0.75,0.25,-0.001328043964241192,0.21622966653764483,higher among failures,0.0013315579227696406,0.15682868525896418,0.0,0.06183115856562895,76,Candidate process variable; association-based triage signal for engineering investigation priority that does not establish causality.,0.21622966653764483,0.0,0.623728813559322
sensor_028,0.75,0.0,-0.0009102738984813396,-0.4263402270524012,lower among failures,0.0006604739497403196,0.5101876247504991,0.0,0.6796227589829592,77,Candidate process variable; association-based triage signal for engineering investigation priority that does not establish causality.,0.4263402270524012,0.0,0.6232580037664784
sensor_128,0.25,0.0,-9.497875279324275e-05,0.24442816700069236,higher among failures,0.007989347536617843,0.14222572796064065,0.0,1.0,78,Candidate process variable; association-based triage signal for engineering investigation priority that does not establish causality.,0.24442816700069236,0.0,0.6202448210922787
sensor_175,0.5,0.25,-0.0028958536457785234,0.17899506114050215,higher among failures,0.0013315579227696406,0.18367065073041167,0.0,0.1111111111111111,79,Candidate process variable; association-based triage signal for engineering investigation priority that does not establish causality.,0.17899506114050215,0.0,0.6200564971751413
sensor_115,0.5,0.5,0.0,-0.23340415981347437,lower among failures,0.0,0.0499864722203065,0.0,0.6666666666666666,80,Candidate process variable; association-based triage signal for engineering investigation priority that does not establish causality.,0.23340415981347437,0.0,0.6166666666666667
sensor_443,0.25,0.0,0.0,0.24951243726670647,higher among failures,0.0013315579227696406,0.11146879150066402,0.0,1.0,81,Candidate process variable; association-based triage signal for engineering investigation priority that does not establish causality.,0.24951243726670647,0.0,0.6164783427495293
sensor_007,0.25,0.0,-0.00042052064295350496,-0.18573067673341845,lower among failures,0.01062063331229012,0.12308602150537634,0.0,1.0,82,Candidate process variable; association-based triage signal for engineering investigation priority that does not establish causality.,0.18573067673341845,0.0,0.6149717514124294
sensor_174,0.25,0.0,0.0,0.25537350934714614,higher among failures,0.0013315579227696406,0.10022310756972114,0.0,1.0,83,Candidate process variable; association-based triage signal for engineering investigation priority that does not establish causality.,0.25537350934714614,0.0,0.6107344632768362
sensor_172,0.25,0.0,0.0,0.2552443359946755,higher among failures,0.0013315579227696406,0.10022310756972114,0.0,1.0,84,Candidate process variable; association-based triage signal for engineering investigation priority that does not establish causality.,0.2552443359946755,0.0,0.6105461393596987
sensor_445,0.25,0.0,0.0,0.2628688984582175,higher among failures,0.0013315579227696406,0.09552722443559092,0.0,1.0,85,Candidate process variable; association-based triage signal for engineering investigation priority that does not establish causality.,0.2628688984582175,0.0,0.6091337099811676
sensor_471,0.75,0.0,-0.0005481152624768435,0.13076172879044523,higher among failures,0.00862860143978016,0.16484238765928905,0.0,0.14518338349164053,86,Candidate process variable; association-based triage signal for engineering investigation priority that does not establish causality.,0.13076172879044523,0.0,0.6089453860640303
sensor_024,0.5,0.0,0.0,-0.11539387528150974,lower among failures,0.0006604739497403196,0.2798802395209581,0.0,0.06896551724137931,87,Candidate process variable; association-based triage signal for engineering investigation priority that does not establish causality.,0.11539387528150974,0.0,0.6071563088512242
sensor_132,0.25,0.0,-0.0016044077010663419,0.09156312829704283,higher among failures,0.006657789613848202,0.3968949937515354,0.0,1.0,88,Candidate process variable; association-based triage signal for engineering investigation priority that does not establish causality.,0.09156312829704283,0.0,0.6067796610169492
sensor_160,1.0,0.0,-0.0007945431514059992,0.3079633678646917,higher among failures,0.0006604739497403196,0.2899081836327345,0.0,0.10909596933252959,89,Candidate process variable; association-based triage signal for engineering investigation priority that does not establish causality.,0.3079633678646917,0.0,0.6063088512241055
sensor_029,0.0,0.0,0.0,0.09795645094369917,higher among failures,0.0006604739497403196,0.22969261477045905,0.47805267358339987,0.0,90,Candidate process variable; association-based triage signal for engineering investigation priority that does not establish causality.,0.09795645094369917,0.17988309228141042,0.6063088512241054
sensor_040,0.0,0.0,0.0,-0.1685379013085807,lower among failures,0.014572866987443037,0.5226322426494988,0.0,0.0,91,Candidate process variable; association-based triage signal for engineering investigation priority that does not establish causality.,0.1685379013085807,0.0,0.6035781544256121
sensor_302,0.25,0.0,0.0,0.0806433393148614,higher among failures,0.0006604739497403196,0.2683592814371258,0.0,1.0,92,Candidate process variable; association-based triage signal for engineering investigation priority that does not establish causality.,0.0806433393148614,0.0,0.6034839924670433
sensor_484,0.5,0.0,0.0,-0.16908886357316244,lower among failures,0.0,0.2138768494596845,0.0,0.2857142857142857,93,Candidate process variable; association-based triage signal for engineering investigation priority that does not establish causality.,0.16908886357316244,0.0,0.6023540489642185
sensor_167,0.25,0.0,0.0,0.06793804842092972,higher among failures,0.0006604739497403196,0.27651896207584836,0.0,1.0,94,Candidate process variable; association-based triage signal for engineering investigation priority that does not establish causality.,0.06793804842092972,0.0,0.5993408662900188
sensor_337,1.0,0.0,-0.0005059405607082291,0.15231268765921235,higher among failures,0.007297043517010519,0.1349216796103725,0.0,0.1975496259559987,95,Candidate process variable; association-based triage signal for engineering investigation priority that does not establish causality.,0.15231268765921235,0.0,0.5977401129943503
sensor_304,0.25,0.0,0.0,0.04056214731400253,higher among failures,0.0006604739497403196,0.3968862275449101,0.0,1.0,96,Candidate process variable; association-based triage signal for engineering investigation priority that does not establish causality.,0.04056214731400253,0.0,0.5972693032015066
sensor_124,0.0,0.0,0.0,0.2227239554800189,higher among failures,0.007989347536617843,0.47630685312441506,0.0,0.0,97,Candidate process variable; association-based triage signal for engineering investigation priority that does not establish causality.,0.2227239554800189,0.0,0.5970809792843692
sensor_196,0.75,0.0,-7.650524515324941e-06,0.16671615523624872,higher among failures,0.007297043517010519,0.13377461027849336,0.0,0.18030816435569247,98,Candidate process variable; association-based triage signal for engineering investigation priority that does not establish causality.,0.16671615523624872,0.0,0.5963276836158192
sensor_475,0.75,0.0,-0.007714983963494022,0.1586040225455845,higher among failures,0.00862860143978016,0.13013547954393023,0.0,0.16001693407561032,99,Candidate process variable; association-based triage signal for engineering investigation priority that does not establish causality.,0.1586040225455845,0.0,0.5957627118644068
sensor_112,0.0,0.0,0.0,0.19899436766751014,higher among failures,0.27562718500167105,0.22057142857142864,0.0,0.0,100,Candidate process variable; association-based triage signal for engineering investigation priority that does not establish causality.,0.19899436766751014,0.0,0.5951977401129944
sensor_438,0.25,0.0,0.0,0.03896304464123934,higher among failures,0.0006604739497403196,0.3198243512974052,0.0,1.0,101,Candidate process variable; association-based triage signal for engineering investigation priority that does not establish causality.,0.03896304464123934,0.0,0.5929378531073446
sensor_521,0.75,0.0,1.536247952896863e-05,0.15613268649964399,higher among failures,0.0,0.0053474517376564945,0.0,0.4449944320643648,102,Candidate process variable; association-based triage signal for engineering investigation priority that does not establish causality.,0.15613268649964399,0.0,0.5921845574387947
sensor_345,0.0,0.0,0.0,-0.022877416775939206,lower among failures,0.23276269091410656,0.07226477364717598,0.07182761372705507,0.0,103,Candidate process variable; association-based triage signal for engineering investigation priority that does not establish causality.,0.022877416775939206,0.17809512558507498,0.5914312617702449
sensor_547,0.0,0.0,0.0,0.1408357845168189,higher among failures,0.13348470299892307,0.2824128380579993,0.0,0.0,104,Candidate process variable; association-based triage signal for engineering investigation priority that does not establish causality.,0.1408357845168189,0.0,0.5889830508474577
sensor_440,0.5,0.0,0.0,0.03103801469043522,higher among failures,0.0006604739497403196,0.39771656686626744,0.0,0.15384615384615385,105,Candidate process variable; association-based triage signal for engineering investigation priority that does not establish causality.,0.03103801469043522,0.0,0.5881355932203389
sensor_203,0.75,0.0,-0.0007627491029445502,0.15475016105227238,higher among failures,0.00862860143978016,0.11806304493628435,0.0,0.08563786063744523,106,Candidate process variable; association-based triage signal for engineering investigation priority that does not establish causality.,0.15475016105227238,0.0,0.5874764595103578
sensor_169,0.25,0.0,0.0,0.014289019598939441,higher among failures,0.0006604739497403196,0.40640319361277444,0.0,1.0,107,Candidate process variable; association-based triage signal for engineering investigation priority that does not establish causality.,0.014289019598939441,0.0,0.5870998116760828
sensor_019,0.0,0.0,0.0,0.15930478973576595,higher among failures,0.013315579227696404,0.2721825249608852,0.0,0.0,108,Candidate process variable; association-based triage signal for engineering investigation priority that does not establish causality.,0.15930478973576595,0.0,0.5857815442561205
sensor_334,0.75,0.0,-0.00037406121011620413,0.1593548589979244,higher among failures,0.00862860143978016,0.10406438631790749,0.0,0.11060039876245883,109,Candidate process variable; association-based triage signal for engineering investigation priority that does not establish causality.,0.1593548589979244,0.0,0.5857815442561205
sensor_470,0.75,0.0,-0.00010111034200531027,0.15942172570265983,higher among failures,0.00862860143978016,0.10515627095908792,0.0,0.09896743785954679,110,Candidate process variable; association-based triage signal for engineering investigation priority that does not establish causality.,0.15942172570265983,0.0,0.5857815442561205
sensor_555,0.0,0.0,0.0,0.12554876360016054,higher among failures,0.13348470299892307,0.2928233952427501,0.0,0.0,111,Candidate process variable; association-based triage signal for engineering investigation priority that does not establish causality.,0.12554876360016054,0.0,0.5857815442561205
sensor_385,0.0,0.0,0.0,0.1715058938211263,higher among failures,0.27562718500167105,0.19281239242685022,0.0,0.0,112,Candidate process variable; association-based triage signal for engineering investigation priority that does not establish causality.,0.1715058938211263,0.0,0.5833333333333335
sensor_164,1.0,0.0,-0.00046544643317553424,0.2721321893536294,higher among failures,0.0006604739497403196,0.15449101796407183,0.0,0.15507184939175048,113,Candidate process variable; association-based triage signal for engineering investigation priority that does not establish causality.,0.2721321893536294,0.0,0.5822033898305085
sensor_580,0.0,0.0,0.0,0.20961970895870577,higher among failures,0.030899040323393523,0.16731403013182672,0.0,0.0,114,Candidate process variable; association-based triage signal for engineering investigation priority that does not establish causality.,0.20961970895870577,0.0,0.5808851224105462
sensor_281,0.25,0.0,0.0,-0.08966117705038079,lower among failures,0.0,0.21569646845374824,0.0,1.0,115,Candidate process variable; association-based triage signal for engineering investigation priority that does not establish causality.,0.08966117705038079,0.0,0.5805084745762712
sensor_198,0.75,0.0,-0.0018644648104381213,0.15535412028134105,higher among failures,0.00862860143978016,0.10576257545271633,0.0,0.09825821013033008,116,Candidate process variable; association-based triage signal for engineering investigation priority that does not establish causality.,0.15535412028134105,0.0,0.5786252354048965
sensor_588,0.75,0.0,-0.004901014922929867,0.2223371991690322,higher among failures,0.0013315579227696406,0.18793625498007965,0.0,0.0767592508244488,117,Candidate process variable; association-based triage signal for engineering investigation priority that does not establish causality.,0.2223371991690322,0.0,0.5784369114877589
sensor_435,1.0,0.0,-0.0007182827966222882,0.2864195502759321,higher among failures,0.0006604739497403196,0.13331736526946103,0.0,0.27792629762666365,118,Candidate process variable; association-based triage signal for engineering investigation priority that does not establish causality.,0.2864195502759321,0.0,0.5761770244821093
sensor_579,0.0,0.0,0.0,0.2516386508484562,higher among failures,0.030899040323393523,0.13535781544256123,0.0,0.0,119,Candidate process variable; association-based triage signal for engineering investigation priority that does not establish causality.,0.2516386508484562,0.0,0.5761770244821093
sensor_201,0.75,0.0,-0.0018641348361149875,0.13482047102444128,higher among failures,0.007297043517010519,0.12504936159010138,0.0,0.10442279017092135,120,Candidate process variable; association-based triage signal for engineering investigation priority that does not establish causality.,0.13482047102444128,0.0,0.5748587570621468
sensor_428,0.0,0.0,0.0,-0.08252766037688614,lower among failures,0.013315579227696404,0.4396395524514627,0.0,0.0,121,Candidate process variable; association-based triage signal for engineering investigation priority that does not establish causality.,0.08252766037688614,0.0,0.5739171374764597
sensor_565,0.0,0.0,0.0,0.12830365182746514,higher among failures,0.322300677449987,0.18625878049794264,0.0,0.0,122,Candidate process variable; association-based triage signal for engineering investigation priority that does not establish causality.,0.12830365182746514,0.0,0.5731638418079097
sensor_299,1.0,0.0,-0.0025564884056424736,0.2740903900706298,higher among failures,0.0006604739497403196,0.1702674650698603,0.0,0.06354337162504536,123,Candidate process variable; association-based triage signal for engineering investigation priority that does not establish causality.,0.2740903900706298,0.0,0.5729755178907721
sensor_155,0.0,0.0,0.0,-0.07980116132255934,lower among failures,0.013315579227696404,0.4296793930889129,0.0,0.0,124,Candidate process variable; association-based triage signal for engineering investigation priority that does not establish causality.,0.07980116132255934,0.0,0.5727871939736348
sensor_430,1.0,0.0,-0.0024627834357346876,0.30710014062221286,higher among failures,0.0006604739497403196,0.1308343313373253,0.0,0.2449655295864104,125,Candidate process variable; association-based triage signal for engineering investigation priority that does not establish causality.,0.30710014062221286,0.0,0.5725988700564971
sensor_255,0.5,0.0,0.0,-0.04028624403801795,lower among failures,0.0,0.5050291510389865,0.0,0.10526315789473684,126,Candidate process variable; association-based triage signal for engineering investigation priority that does not establish causality.,0.04028624403801795,0.0,0.5717514124293785
sensor_377,0.25,0.0,-0.005415337981392631,-0.16242302916502396,lower among failures,0.00398406374501992,0.1402769640479361,0.0,1.0,127,Candidate process variable; association-based triage signal for engineering investigation priority that does not establish causality.,0.16242302916502396,0.0,0.5712806026365348
sensor_121,0.0,0.0,0.0,0.17744539953481756,higher among failures,0.007989347536617843,0.250693868820022,0.0,0.0,128,Candidate process variable; association-based triage signal for engineering investigation priority that does not establish causality.,0.17744539953481756,0.0,0.5707156308851224
sensor_270,0.25,0.0,-0.0008310394193099633,-0.07853449474106051,lower among failures,0.006657789613848202,0.16218771028486592,0.0,1.0,129,Candidate process variable; association-based triage signal for engineering investigation priority that does not establish causality.,0.07853449474106051,0.0,0.5706214689265537
sensor_563,0.0,0.0,0.0,-0.07269337157886563,lower among failures,0.322300677449987,0.29428072654723814,0.0,0.0,130,Candidate process variable; association-based triage signal for engineering investigation priority that does not establish causality.,0.07269337157886563,0.0,0.5684557438794727
sensor_569,0.0,0.0,0.0,0.14736818315926406,higher among failures,0.322300677449987,0.1497319090569018,0.0,0.0,131,Candidate process variable; association-based triage signal for engineering investigation priority that does not establish causality.,0.14736818315926406,0.0,0.5667608286252355
sensor_354,0.25,0.0,0.0,-0.20912637652820243,lower among failures,0.0,0.08260433631651831,0.0,1.0,132,Candidate process variable; association-based triage signal for engineering investigation priority that does not establish causality.,0.20912637652820243,0.0,0.5663841807909604
sensor_544,0.0,0.0,0.00017169137813863867,0.1681200528900006,higher among failures,0.0,0.5922514999920425,0.0,0.0,133,Candidate process variable; association-based triage signal for engineering investigation priority that does not establish causality.,0.1681200528900006,0.0,0.5652542372881357
sensor_393,0.5,0.0,0.0,0.0018560275408144387,higher among failures,0.0,0.5548723879448916,0.0,0.4,134,Candidate process variable; association-based triage signal for engineering investigation priority that does not establish causality.,0.0018560275408144387,0.0,0.564406779661017
sensor_249,1.0,0.0,0.0,0.20207536432953194,higher among failures,0.0,0.007339483610166453,0.0,0.585786437626905,135,Candidate process variable; association-based triage signal for engineering investigation priority that does not establish causality.,0.20207536432953194,0.0,0.5639359698681733
sensor_123,0.0,0.0,0.0,0.14076201452418713,higher among failures,0.007989347536617843,0.26231984812428144,0.0,0.0,136,Candidate process variable; association-based triage signal for engineering investigation priority that does not establish causality.,0.14076201452418713,0.0,0.5637476459510358
sensor_274,0.0,0.0,0.0,-0.07115691606723955,lower among failures,0.01062063331229012,0.33188709677419354,0.0,0.0,137,Candidate process variable; association-based triage signal for engineering investigation priority that does not establish causality.,0.07115691606723955,0.0,0.562617702448211
sensor_340,0.0,0.0,0.0,0.10742431553624979,higher among failures,0.00862860143978016,0.2652635814889337,0.0,0.0,138,Candidate process variable; association-based triage signal for engineering investigation priority that does not establish causality.,0.10742431553624979,0.0,0.5609227871939737
sensor_060,0.0,0.0,0.0,0.10027140457159775,higher among failures,0.00862860143978016,0.2745539906103287,0.0,0.0,139,Candidate process variable; association-based triage signal for engineering investigation priority that does not establish causality.,0.10027140457159775,0.0,0.5603578154425612
sensor_567,0.0,0.0,0.0,0.11325878469680814,higher among failures,0.322300677449987,0.15777048090111812,0.0,0.0,140,Candidate process variable; association-based triage signal for engineering investigation priority that does not establish causality.,0.11325878469680814,0.0,0.5596045197740114
sensor_072,0.0,0.0,0.0,0.0986329949453429,higher among failures,0.23276269091410656,0.18375988542250454,0.0,0.0,141,Candidate process variable; association-based triage signal for engineering investigation priority that does not establish causality.,0.0986329949453429,0.0,0.5580979284369115
sensor_157,0.0,0.0,0.0,-0.28532654109154776,lower among failures,0.001586198481705603,0.24029680365296802,0.0,0.0,142,Candidate process variable; association-based triage signal for engineering investigation priority that does not establish causality.,0.28532654109154776,0.0,0.5577212806026366
sensor_165,1.0,0.0,-0.000469544751995947,0.27743313802828495,higher among failures,0.0006604739497403196,0.10386427145708588,0.0,0.13076394558967677,143,Candidate process variable; association-based triage signal for engineering investigation priority that does not establish causality.,0.27743313802828495,0.0,0.5560263653483992
sensor_204,0.0,0.0,0.0,0.10619246741587553,higher among failures,0.00862860143978016,0.23265727699530525,0.0,0.0,144,Candidate process variable; association-based triage signal for engineering investigation priority that does not establish causality.,0.10619246741587553,0.0,0.5556497175141244
sensor_139,0.0,0.0,0.0,-0.06431575897880544,lower among failures,0.01062063331229012,0.2995591397849462,0.0,0.0,145,Candidate process variable; association-based triage signal for engineering investigation priority that does not establish causality.,0.06431575897880544,0.0,0.5554613935969869
sensor_300,1.0,0.0,-0.00020259319757751776,0.2756955458411763,higher among failures,0.0006604739497403196,0.10996407185628743,0.0,0.07754716906313396,146,Candidate process variable; association-based triage signal for engineering investigation priority that does not establish causality.,0.2756955458411763,0.0,0.5554613935969868
sensor_548,0.0,0.0,0.0,0.036005180234113435,higher among failures,0.13348470299892307,0.36937113066145316,0.0,0.0,147,Candidate process variable; association-based triage signal for engineering investigation priority that does not establish causality.,0.036005180234113435,0.0,0.5541431261770245
sensor_293,0.0,0.0,0.0,0.5154514315215452,higher among failures,0.001586198481705603,0.18778538812785384,0.0,0.0,148,Candidate process variable; association-based triage signal for engineering investigation priority that does not establish causality.,0.5154514315215452,0.0,0.5524482109227873
sensor_294,1.0,0.0,-0.0005313772803355182,0.28658958896117437,higher among failures,0.0006604739497403196,0.10086227544910187,0.0,0.08581011445627786,149,Candidate process variable; association-based triage signal for engineering investigation priority that does not establish causality.,0.28658958896117437,0.0,0.5518832391713748
sensor_068,0.0,0.0,0.0,-0.11599135807084668,lower among failures,0.00862860143978016,0.18747686116700196,0.0,0.0,150,Candidate process variable; association-based triage signal for engineering investigation priority that does not establish causality.,0.11599135807084668,0.0,0.5516949152542374
sensor_546,0.0,0.0,0.0,-0.06144045040532835,lower among failures,0.13348470299892307,0.23677093515803194,0.0,0.0,151,Candidate process variable; association-based triage signal for engineering investigation priority that does not establish causality.,0.06144045040532835,0.0,0.551129943502825
sensor_067,0.0,0.0,0.0,0.11042709693614128,higher among failures,0.00862860143978016,0.19160026827632465,0.0,0.0,152,Candidate process variable; association-based triage signal for engineering investigation priority that does not establish causality.,0.11042709693614128,0.0,0.5501883239171375
sensor_491,0.0,0.0,0.0,0.17409107919957986,higher among failures,0.009331515482676484,0.12408636977058031,0.0,0.0,153,Candidate process variable; association-based triage signal for engineering investigation priority that does not establish causality.,0.17409107919957986,0.0,0.5490583804143127
sensor_199,0.0,0.0,0.0,0.12253238310627126,higher among failures,0.00862860143978016,0.16961770623742456,0.0,0.0,154,Candidate process variable; association-based triage signal for engineering investigation priority that does not establish causality.,0.12253238310627126,0.0,0.5486817325800377
sensor_436,1.0,0.0,-0.0002857472997038202,0.2859177406452479,higher among failures,0.0006604739497403196,0.07301397205588822,0.0,0.15732988971222167,155,Candidate process variable; association-based triage signal for engineering investigation priority that does not establish causality.,0.2859177406452479,0.0,0.5484934086629002
sensor_158,0.0,0.0,0.0,0.5550119227909714,higher among failures,0.001586198481705603,0.17237442922374424,0.0,0.0,156,Candidate process variable; association-based triage signal for engineering investigation priority that does not establish causality.,0.5550119227909714,0.0,0.5481167608286254
sensor_292,0.0,0.0,0.0,-0.23205983907815775,lower among failures,0.001586198481705603,0.21404109589041098,0.0,0.0,157,Candidate process variable; association-based triage signal for engineering investigation priority that does not establish causality.,0.23205983907815775,0.0,0.5469868173258005
sensor_202,0.0,0.0,0.0,0.132504881301979,higher among failures,0.007297043517010519,0.19342221553620786,0.0,0.0,158,Candidate process variable; association-based triage signal for engineering investigation priority that does not establish causality.,0.132504881301979,0.0,0.5452919020715632
sensor_365,0.0,0.0,0.0,0.18190281067545996,higher among failures,0.00398406374501992,0.22921704394141146,0.0,0.0,159,Candidate process variable; association-based triage signal for engineering investigation priority that does not establish causality.,0.18190281067545996,0.0,0.5451035781544257
sensor_335,0.0,0.0,0.0,0.09116320233401332,higher among failures,0.00862860143978016,0.20571428571428563,0.0,0.0,160,Candidate process variable; association-based triage signal for engineering investigation priority that does not establish causality.,0.09116320233401332,0.0,0.5445386064030132
sensor_552,0.0,0.0,0.0,0.022865186254753533,higher among failures,0.13348470299892307,0.3023053111762789,0.0,0.0,161,Candidate process variable; association-based triage signal for engineering investigation priority that does not establish causality.,0.022865186254753533,0.0,0.5437853107344633
sensor_476,0.0,0.0,0.0,0.07965994929716592,higher among failures,0.00862860143978016,0.22659691482226707,0.0,0.0,162,Candidate process variable; association-based triage signal for engineering investigation priority that does not establish causality.,0.07965994929716592,0.0,0.5434086629001884
sensor_133,0.0,0.0,0.0,0.21582453161955958,higher among failures,0.006657789613848202,0.1351857983615138,0.0,0.0,163,Candidate process variable; association-based triage signal for engineering investigation priority that does not establish causality.,0.21582453161955958,0.0,0.5429378531073447
sensor_412,0.0,0.0,0.0,-0.05079404463412062,lower among failures,0.01062063331229012,0.24968279569892465,0.0,0.0,164,Candidate process variable; association-based triage signal for engineering investigation priority that does not establish causality.,0.05079404463412062,0.0,0.5426553672316384
sensor_301,1.0,0.0,-0.002384323511451121,0.1947217176733089,higher among failures,0.0006604739497403196,0.115001996007984,0.0,0.10131098953634865,165,Candidate process variable; association-based triage signal for engineering investigation priority that does not establish causality.,0.1947217176733089,0.0,0.5426553672316383
sensor_344,0.0,0.0,0.0,-0.07951853150639523,lower among failures,0.00862860143978016,0.20936552649228712,0.0,0.0,166,Candidate process variable; association-based triage signal for engineering investigation priority that does not establish causality.,0.07951853150639523,0.0,0.5411487758945386
sensor_044,0.0,0.0,0.0,-0.18176467956145145,lower among failures,0.0013315579227696406,0.30013811420982733,0.0,0.0,167,Candidate process variable; association-based triage signal for engineering investigation priority that does not establish causality.,0.18176467956145145,0.0,0.5409604519774011
sensor_006,0.0,0.0,0.0,0.020781063237526935,higher among failures,0.01062063331229012,0.3311290322580645,0.0,0.0,168,Candidate process variable; association-based triage signal for engineering investigation priority that does not establish causality.,0.020781063237526935,0.0,0.5402071563088513
sensor_480,0.0,0.0,0.0,-0.038458605357859096,lower among failures,0.00862860143978016,0.3176042924211939,0.0,0.0,169,Candidate process variable; association-based triage signal for engineering investigation priority that does not establish causality.,0.038458605357859096,0.0,0.5394538606403013
sensor_290,0.0,0.0,0.0,-0.004682322388399556,lower among failures,0.013315579227696404,0.40731540773478286,0.0,0.0,170,Candidate process variable; association-based triage signal for engineering investigation priority that does not establish causality.,0.004682322388399556,0.0,0.5388888888888889
sensor_003,0.0,0.0,0.0,-0.021566194326925227,lower among failures,0.01062063331229012,0.3119784946236559,0.0,0.0,171,Candidate process variable; association-based triage signal for engineering investigation priority that does not establish causality.,0.021566194326925227,0.0,0.5387005649717514
sensor_434,1.0,0.0,-0.0013315649023863494,0.2916540843903863,higher among failures,0.0006604739497403196,0.07935329341317365,0.0,0.05242601760865861,172,Candidate process variable; association-based triage signal for engineering investigation priority that does not establish causality.,0.2916540843903863,0.0,0.5381355932203391
sensor_338,0.0,0.0,0.0,0.11478053342969775,higher among failures,0.007297043517010519,0.18904078677673514,0.0,0.0,173,Candidate process variable; association-based triage signal for engineering investigation priority that does not establish causality.,0.11478053342969775,0.0,0.538135593220339
sensor_437,1.0,0.0,-0.0016399120631223785,0.21696218299616513,higher among failures,0.0006604739497403196,0.1015489021956088,0.0,0.06312803685133789,174,Candidate process variable; association-based triage signal for engineering investigation priority that does not establish causality.,0.21696218299616513,0.0,0.5375706214689265
sensor_085,0.0,0.0,0.0,-0.5860504459460953,lower among failures,0.2749003984063745,0.0,0.0,0.0,175,Candidate process variable; association-based triage signal for engineering investigation priority that does not establish causality.,0.5860504459460953,0.0,0.5365348399246704
sensor_358,0.0,0.0,0.0,0.5596547615281876,higher among failures,0.2749003984063745,0.0,0.0,0.0,176,Candidate process variable; association-based triage signal for engineering investigation priority that does not establish causality.,0.5596547615281876,0.0,0.536346516007533
sensor_073,0.0,0.0,0.0,-0.1091095593020313,lower among failures,0.23276269091410656,0.1159163086119932,0.0,0.0,177,Candidate process variable; association-based triage signal for engineering investigation priority that does not establish causality.,0.1091095593020313,0.0,0.5362523540489642
sensor_346,0.0,0.0,0.0,-0.016000755074592914,lower among failures,0.23276269091410656,0.25493492745500956,0.0,0.0,178,Candidate process variable; association-based triage signal for engineering investigation priority that does not establish causality.,0.016000755074592914,0.0,0.5358757062146893
sensor_145,0.75,0.0,-0.0005412687070620037,-0.2631868368666323,lower among failures,0.0,0.11443705868934387,0.0,0.13620082938051373,179,Candidate process variable; association-based triage signal for engineering investigation priority that does not establish causality.,0.2631868368666323,0.0,0.5353107344632768
sensor_581,0.0,0.0,0.0,0.06767697745573692,higher among failures,0.030899040323393523,0.16213512241054612,0.0,0.0,180,Candidate process variable; association-based triage signal for engineering investigation priority that does not establish causality.,0.06767697745573692,0.0,0.5351224105461393
sensor_219,0.0,0.0,0.0,0.1641195882195125,higher among failures,0.009331515482676484,0.10480431848852903,0.0,0.0,181,Candidate process variable; association-based triage signal for engineering investigation priority that does not establish causality.,0.1641195882195125,0.0,0.534180790960452
sensor_208,0.0,0.0,0.0,-0.06369480290642217,lower among failures,0.00862860143978016,0.19671361502347423,0.0,0.0,182,Candidate process variable; association-based triage signal for engineering investigation priority that does not establish causality.,0.06369480290642217,0.0,0.5328625235404896
sensor_332,0.0,0.0,0.0,0.13629743520960935,higher among failures,0.007297043517010519,0.14498204178341073,0.0,0.0,183,Candidate process variable; association-based triage signal for engineering investigation priority that does not establish causality.,0.13629743520960935,0.0,0.5321092278719397
sensor_339,0.0,0.0,0.0,0.11802673441715245,higher among failures,0.00862860143978016,0.12679007377598925,0.0,0.0,184,Candidate process variable; association-based triage signal for engineering investigation priority that does not establish causality.,0.11802673441715245,0.0,0.5321092278719397
sensor_244,0.0,0.0,0.0,-0.25015698982140017,lower among failures,0.5597609561752988,0.0,0.0,0.0,185,Candidate process variable; association-based triage signal for engineering investigation priority that does not establish causality.,0.25015698982140017,0.0,0.5310734463276836
sensor_516,0.0,0.0,0.0,-0.2486516345445465,lower among failures,0.5597609561752988,0.0,0.0,0.0,186,Candidate process variable; association-based triage signal for engineering investigation priority that does not establish causality.,0.2486516345445465,0.0,0.5306967984934087
sensor_071,0.0,0.0,0.0,0.014079748547717683,higher among failures,0.00862860143978016,0.331010060362173,0.0,0.0,187,Candidate process variable; association-based triage signal for engineering investigation priority that does not establish causality.,0.014079748547717683,0.0,0.53060263653484
sensor_452,0.0,0.0,0.0,-0.22940958036907483,lower among failures,0.0013315579227696406,0.18085524568393097,0.0,0.0,188,Candidate process variable; association-based triage signal for engineering investigation priority that does not establish causality.,0.22940958036907483,0.0,0.5304143126177024
sensor_382,0.0,0.0,0.0,-0.22863000295941802,lower among failures,0.5597609561752988,0.0,0.0,0.0,189,Candidate process variable; association-based triage signal for engineering investigation priority that does not establish causality.,0.22863000295941802,0.0,0.528436911487759
sensor_518,0.0,0.0,0.0,0.21804154795959116,higher among failures,0.5597609561752988,0.0,0.0,0.0,190,Candidate process variable; association-based triage signal for engineering investigation priority that does not establish causality.,0.21804154795959116,0.0,0.527306967984934
sensor_246,0.0,0.0,0.0,0.21759276305770345,higher among failures,0.5597609561752988,0.0,0.0,0.0,191,Candidate process variable; association-based triage signal for engineering investigation priority that does not establish causality.,0.21759276305770345,0.0,0.5271186440677966
sensor_318,0.0,0.0,0.0,-0.161559877471747,lower among failures,0.0013315579227696406,0.23975564409030536,0.0,0.0,192,Candidate process variable; association-based triage signal for engineering investigation priority that does not establish causality.,0.161559877471747,0.0,0.526647834274953
sensor_492,0.0,0.0,0.0,0.24405188819229492,higher among failures,0.2749003984063745,0.0,0.0,0.0,193,Candidate process variable; association-based triage signal for engineering investigation priority that does not establish causality.,0.24405188819229492,0.0,0.5261770244821092
sensor_166,1.0,0.0,-0.002506103180010738,0.18530226215797066,higher among failures,0.0006604739497403196,0.0904271457085829,0.0,0.08489663000460163,194,Candidate process variable; association-based triage signal for engineering investigation priority that does not establish causality.,0.18530226215797066,0.0,0.5260828625235405
sensor_227,0.0,0.0,0.0,0.14946250047620602,higher among failures,0.00398406374501992,0.1752649800266311,0.0,0.0,195,Candidate process variable; association-based triage signal for engineering investigation priority that does not establish causality.,0.14946250047620602,0.0,0.5260828625235405
sensor_043,0.0,0.0,0.0,0.11374281564351645,higher among failures,0.0013315579227696406,0.3099017264276228,0.0,0.0,196,Candidate process variable; association-based triage signal for engineering investigation priority that does not establish causality.,0.11374281564351645,0.0,0.5255178907721281
sensor_285,0.0,0.0,0.0,-0.09846336926035133,lower among failures,0.0,0.04754881936965849,0.034317637669592976,0.0,197,Candidate process variable; association-based triage signal for engineering investigation priority that does not establish causality.,0.09846336926035133,0.27140969865134845,0.5255178907721281
sensor_343,0.0,0.0,0.0,0.11050931233416826,higher among failures,0.00862860143978016,0.11986586183769277,0.0,0.0,198,Candidate process variable; association-based triage signal for engineering investigation priority that does not establish causality.,0.11050931233416826,0.0,0.5255178907721281
sensor_566,0.0,0.0,0.0,-0.024902708727100716,lower among failures,0.322300677449987,0.1708466686063427,0.0,0.0,199,Candidate process variable; association-based triage signal for engineering investigation priority that does not establish causality.,0.024902708727100716,0.0,0.5255178907721281
sensor_511,0.0,0.0,0.0,0.1655554342971812,higher among failures,0.00398406374501992,0.16063914780292943,0.0,0.0,200,Candidate process variable; association-based triage signal for engineering investigation priority that does not establish causality.,0.1655554342971812,0.0,0.5253295668549905
sensor_273,0.0,0.0,0.0,0.09811664618329538,higher among failures,0.01062063331229012,0.11625268817204298,0.0,0.0,201,Candidate process variable; association-based triage signal for engineering investigation priority that does not establish causality.,0.09811664618329538,0.0,0.5247645951035781
sensor_488,1.0,0.0,-0.0005091926637389194,-0.24702514204284487,lower among failures,0.0,0.07598633429000376,0.0,0.16479123982494473,202,Candidate process variable; association-based triage signal for engineering investigation priority that does not establish causality.,0.24702514204284487,0.0,0.5247645951035781
sensor_110,0.0,0.0,0.0,0.20454535420433098,higher among failures,0.5597609561752988,0.0,0.0,0.0,203,Candidate process variable; association-based triage signal for engineering investigation priority that does not establish causality.,0.20454535420433098,0.0,0.5242937853107345
sensor_055,0.0,0.0,0.0,0.12779988507329645,higher among failures,0.0020026418957989614,0.19625721818395292,0.0,0.0,204,Candidate process variable; association-based triage signal for engineering investigation priority that does not establish causality.,0.12779988507329645,0.0,0.5240112994350282
sensor_454,0.0,0.0,0.0,-0.16321454745717737,lower among failures,0.0013315579227696406,0.2173917662682603,0.0,0.0,205,Candidate process variable; association-based triage signal for engineering investigation priority that does not establish causality.,0.16321454745717737,0.0,0.5238229755178908
sensor_357,0.0,0.0,0.0,0.1887261291340006,higher among failures,0.009331515482676484,0.058890688259109314,0.0,0.0,206,Candidate process variable; association-based triage signal for engineering investigation priority that does not establish causality.,0.1887261291340006,0.0,0.5236346516007533
sensor_568,0.0,0.0,0.0,0.026422344301083495,higher among failures,0.322300677449987,0.15666070909015334,0.0,0.0,207,Candidate process variable; association-based triage signal for engineering investigation priority that does not establish causality.,0.026422344301083495,0.0,0.522316384180791
sensor_150,0.0,0.0,0.0,-0.0941254189244098,lower among failures,0.0,0.0451960467053224,0.0335195530726257,0.0,208,Candidate process variable; association-based triage signal for engineering investigation priority that does not establish causality.,0.0941254189244098,0.09803321097571052,0.5213747645951037
sensor_180,0.0,0.0,0.0,-0.22210356611987625,lower among failures,0.0013315579227696406,0.1452270916334661,0.0,0.0,209,Candidate process variable; association-based triage signal for engineering investigation priority that does not establish causality.,0.22210356611987625,0.0,0.5196798493408663
sensor_041,0.0,0.0,0.0,-0.016671139149659873,lower among failures,0.014572866987443037,0.18544667153381567,0.0,0.0,210,Candidate process variable; association-based triage signal for engineering investigation priority that does not establish causality.,0.016671139149659873,0.0,0.5193973634651601
sensor_037,0.0,0.0,0.0,0.16632943337292116,higher among failures,0.0013315579227696406,0.19037450199203187,0.0,0.0,211,Candidate process variable; association-based triage signal for engineering investigation priority that does not establish causality.,0.16632943337292116,0.0,0.5191148775894538
sensor_564,0.0,0.0,0.0,0.014117444470897618,higher among failures,0.322300677449987,0.1647699405627831,0.0,0.0,212,Candidate process variable; association-based triage signal for engineering investigation priority that does not establish causality.,0.014117444470897618,0.0,0.5191148775894538
sensor_027,0.0,0.0,0.0,-0.11184706186163898,lower among failures,0.0006604739497403196,0.4234411177644711,0.0,0.0,213,Candidate process variable; association-based triage signal for engineering investigation priority that does not establish causality.,0.11184706186163898,0.0,0.517984934086629
sensor_182,0.0,0.0,0.0,-0.13985288998588993,lower among failures,0.0013315579227696406,0.20882868525896417,0.0,0.0,214,Candidate process variable; association-based triage signal for engineering investigation priority that does not establish causality.,0.13985288998588993,0.0,0.517608286252354
sensor_474,0.0,0.0,0.0,0.056119900992008954,higher among failures,0.007297043517010519,0.20602117377160145,0.0,0.0,215,Candidate process variable; association-based triage signal for engineering investigation priority that does not establish causality.,0.056119900992008954,0.0,0.517608286252354
sensor_413,0.0,0.0,0.0,0.10500135780968457,higher among failures,0.01062063331229012,0.09809139784946236,0.0,0.0,216,Candidate process variable; association-based triage signal for engineering investigation priority that does not establish causality.,0.10500135780968457,0.0,0.5168549905838042
sensor_061,0.0,0.0,0.0,0.04060074843695831,higher among failures,0.00862860143978016,0.17454862508383634,0.0,0.0,217,Candidate process variable; association-based triage signal for engineering investigation priority that does not establish causality.,0.04060074843695831,0.0,0.5159133709981167
sensor_277,0.0,0.0,0.0,-0.07349007874039999,lower among failures,0.01062063331229012,0.11867204301075274,0.0,0.0,218,Candidate process variable; association-based triage signal for engineering investigation priority that does not establish causality.,0.07349007874039999,0.0,0.5159133709981167
sensor_114,1.0,0.0,-2.4166232537951858e-05,0.20311767280812565,higher among failures,0.0,0.006679009660426116,0.0,0.585786437626905,219,Candidate process variable; association-based triage signal for engineering investigation priority that does not establish causality.,0.20311767280812565,0.0,0.5154425612052731
sensor_004,0.0,0.0,0.0,-0.042936197959530936,lower among failures,0.01062063331229012,0.14508602150537636,0.0,0.0,220,Candidate process variable; association-based triage signal for engineering investigation priority that does not establish causality.,0.042936197959530936,0.0,0.5153483992467043
sensor_170,0.0,0.0,0.0,0.15703766067927352,higher among failures,0.0013315579227696406,0.18677290836653382,0.0,0.0,221,Candidate process variable; association-based triage signal for engineering investigation priority that does not establish causality.,0.15703766067927352,0.0,0.5153483992467043
sensor_117,0.25,0.0,0.0,-0.0697293409451353,lower among failures,0.0,0.054707932583912044,0.0,1.0,222,Candidate process variable; association-based triage signal for engineering investigation priority that does not establish causality.,0.0697293409451353,0.0,0.5144067796610169
sensor_387,1.0,0.0,-1.7434362905416333e-05,0.2018046470284942,higher among failures,0.0,0.006679009660426116,0.0,0.4494897427831781,223,Candidate process variable; association-based triage signal for engineering investigation priority that does not establish causality.,0.2018046470284942,0.0,0.5141242937853107
sensor_011,0.0,0.0,0.0,-0.20248430390756525,lower among failures,0.0,0.28867751364714256,0.0,0.0,224,Candidate process variable; association-based triage signal for engineering investigation priority that does not establish causality.,0.20248430390756525,0.0,0.5132768361581922
sensor_050,0.0,0.0,0.0,0.1226546168852186,higher among failures,0.0013315579227696406,0.20781407702523247,0.0,0.0,225,Candidate process variable; association-based triage signal for engineering investigation priority that does not establish causality.,0.1226546168852186,0.0,0.5127118644067796
sensor_213,0.0,0.0,0.0,0.18734522348140514,higher among failures,0.0,0.3036562140253898,0.0,0.0,226,Candidate process variable; association-based triage signal for engineering investigation priority that does not establish causality.,0.18734522348140514,0.0,0.5125235404896422
sensor_239,0.0,0.0,0.0,-0.10961595237401839,lower among failures,0.00398406374501992,0.1689613848202397,0.0,0.0,227,Candidate process variable; association-based triage signal for engineering investigation priority that does not establish causality.,0.10961595237401839,0.0,0.5125235404896422
sensor_545,0.0,0.0,0.0,-0.15381708562756077,lower among failures,0.0,0.6168481864817694,0.0,0.0,228,Candidate process variable; association-based triage signal for engineering investigation priority that does not establish causality.,0.15381708562756077,0.0,0.5123352165725047
sensor_408,0.0,0.0,0.0,-0.07672703564643935,lower among failures,0.006657789613848202,0.16367772876323125,0.0,0.0,229,Candidate process variable; association-based triage signal for engineering investigation priority that does not establish causality.,0.07672703564643935,0.0,0.512241054613936
sensor_415,0.0,0.0,0.0,-0.0980201513718676,lower among failures,0.01062063331229012,0.09281182795698928,0.0,0.0,230,Candidate process variable; association-based triage signal for engineering investigation priority that does not establish causality.,0.0980201513718676,0.0,0.5121468926553673
sensor_455,0.0,0.0,0.0,0.09122798112020095,higher among failures,0.0013315579227696406,0.2811049136786189,0.0,0.0,231,Candidate process variable; association-based triage signal for engineering investigation priority that does not establish causality.,0.09122798112020095,0.0,0.5117702448210922
sensor_589,0.0,0.0,0.0,0.11533512013603094,higher among failures,0.0013315579227696406,0.21582470119521907,0.0,0.0,232,Candidate process variable; association-based triage signal for engineering investigation priority that does not establish causality.,0.11533512013603094,0.0,0.5117702448210922
sensor_220,0.0,0.0,0.0,0.1680385234939898,higher among failures,0.2749003984063745,0.0,0.0,0.0,233,Candidate process variable; association-based triage signal for engineering investigation priority that does not establish causality.,0.1680385234939898,0.0,0.5112994350282487
sensor_351,0.0,0.0,0.0,0.1806445285718417,higher among failures,0.0,0.306436040127108,0.0,0.0,234,Candidate process variable; association-based triage signal for engineering investigation priority that does not establish causality.,0.1806445285718417,0.0,0.5110169491525424
sensor_441,0.0,0.0,0.0,0.13938973761627857,higher among failures,0.0013315579227696406,0.18203452855245683,0.0,0.0,235,Candidate process variable; association-based triage signal for engineering investigation priority that does not establish causality.,0.13938973761627857,0.0,0.5110169491525424
sensor_479,0.0,0.0,0.0,0.135549278240379,higher among failures,0.00862860143978016,0.06783635144198519,0.0,0.0,236,Candidate process variable; association-based triage signal for engineering investigation priority that does not establish causality.,0.135549278240379,0.0,0.5108286252354048
sensor_439,0.0,0.0,0.0,-0.11234567732996112,lower among failures,0.0006604739497403196,0.3013333333333333,0.0,0.0,237,Candidate process variable; association-based triage signal for engineering investigation priority that does not establish causality.,0.11234567732996112,0.0,0.5102636534839925
sensor_183,0.0,0.0,0.0,0.09541895471839379,higher among failures,0.0013315579227696406,0.2626454183266933,0.0,0.0,238,Candidate process variable; association-based triage signal for engineering investigation priority that does not establish causality.,0.09541895471839379,0.0,0.5098870056497176
sensor_366,0.0,0.0,0.0,0.07562627945767962,higher among failures,0.00398406374501992,0.21249001331557915,0.0,0.0,239,Candidate process variable; association-based triage signal for engineering investigation priority that does not establish causality.,0.07562627945767962,0.0,0.5095103578154425
sensor_142,0.0,0.0,0.0,-0.08547765395619536,lower among failures,0.01062063331229012,0.09735483870967743,0.0,0.0,240,Candidate process variable; association-based triage signal for engineering investigation priority that does not establish causality.,0.08547765395619536,0.0,0.5087570621468926
sensor_331,0.0,0.0,0.0,0.08300635618645635,higher among failures,0.0020026418957989614,0.2132926660048886,0.0,0.0,241,Candidate process variable; association-based triage signal for engineering investigation priority that does not establish causality.,0.08300635618645635,0.0,0.5087570621468926
sensor_134,0.0,0.0,0.0,-0.10908373197212319,lower among failures,0.006657789613848202,0.12168484239983773,0.0,0.0,242,Candidate process variable; association-based triage signal for engineering investigation priority that does not establish causality.,0.10908373197212319,0.0,0.5084745762711864
sensor_066,0.0,0.0,0.0,-0.034047394826169086,lower among failures,0.00862860143978016,0.1599087860496312,0.0,0.0,243,Candidate process variable; association-based triage signal for engineering investigation priority that does not establish causality.,0.034047394826169086,0.0,0.5083804143126177
sensor_558,0.0,0.0,0.0,0.10027505589985695,higher among failures,0.0013315579227696406,0.23450730411686588,0.0,0.0,244,Candidate process variable; association-based triage signal for engineering investigation priority that does not establish causality.,0.10027505589985695,0.0,0.5081920903954802
sensor_135,0.0,0.0,0.0,-0.07530882524358228,lower among failures,0.006657789613848202,0.14915672430919752,0.0,0.0,245,Candidate process variable; association-based triage signal for engineering investigation priority that does not establish causality.,0.07530882524358228,0.0,0.507909604519774
sensor_207,0.0,0.0,0.0,0.12746627006747863,higher among failures,0.00862860143978016,0.06274714956405092,0.0,0.0,246,Candidate process variable; association-based triage signal for engineering investigation priority that does not establish causality.,0.12746627006747863,0.0,0.5074387947269303
sensor_433,0.0,0.0,0.0,0.1174782553319286,higher among failures,0.0006604739497403196,0.26578842315369255,0.0,0.0,247,Candidate process variable; association-based triage signal for engineering investigation priority that does not establish causality.,0.1174782553319286,0.0,0.5074387947269303
sensor_384,0.0,0.0,0.0,0.12917657456165066,higher among failures,0.5597609561752988,0.0,0.0,0.0,248,Candidate process variable; association-based triage signal for engineering investigation priority that does not establish causality.,0.12917657456165066,0.0,0.5071563088512241
sensor_099,0.0,0.0,0.0,0.15706012906079836,higher among failures,0.005305011644500559,0.10596457927839531,0.0,0.0,249,Candidate process variable; association-based triage signal for engineering investigation priority that does not establish causality.,0.15706012906079836,0.0,0.506120527306968
sensor_228,0.0,0.0,0.0,0.07398732881765893,higher among failures,0.00398406374501992,0.1953288948069241,0.0,0.0,250,Candidate process variable; association-based triage signal for engineering investigation priority that does not establish causality.,0.07398732881765893,0.0,0.505367231638418
sensor_162,0.0,0.0,0.0,-0.0847999526554298,lower among failures,0.0006604739497403196,0.366499001996008,0.0,0.0,251,Candidate process variable; association-based triage signal for engineering investigation priority that does not establish causality.,0.0847999526554298,0.0,0.5048022598870056
sensor_306,0.0,0.0,0.0,0.14689231544501732,higher among failures,0.0013315579227696406,0.15288711819389111,0.0,0.0,252,Candidate process variable; association-based triage signal for engineering investigation priority that does not establish causality.,0.14689231544501732,0.0,0.5044256120527307
sensor_062,0.0,0.0,0.0,-0.024316209480800193,lower among failures,0.00862860143978016,0.15738430583501017,0.0,0.0,253,Candidate process variable; association-based triage signal for engineering investigation priority that does not establish causality.,0.024316209480800193,0.0,0.5042372881355932
sensor_080,0.0,0.0,0.0,-0.1203637829533183,lower among failures,0.0,0.4900133155792277,0.0,0.0,254,Candidate process variable; association-based triage signal for engineering investigation priority that does not establish causality.,0.1203637829533183,0.0,0.5034839924670433
sensor_297,0.0,0.0,0.0,-0.08095211145778707,lower among failures,0.0006604739497403196,0.36370459081836326,0.0,0.0,255,Candidate process variable; association-based triage signal for engineering investigation priority that does not establish causality.,0.08095211145778707,0.0,0.5029190207156309
sensor_035,0.0,0.0,0.0,-0.056161621326739526,lower among failures,0.0013315579227696406,0.3120637450199203,0.0,0.0,256,Candidate process variable; association-based triage signal for engineering investigation priority that does not establish causality.,0.056161621326739526,0.0,0.5025423728813558
sensor_195,0.0,0.0,0.0,0.11244058577565742,higher among failures,0.0020026418957989614,0.14321357285429148,0.0,0.0,257,Candidate process variable; association-based triage signal for engineering investigation priority that does not establish causality.,0.11244058577565742,0.0,0.5023540489642184
sensor_038,0.0,0.0,0.0,0.13237258196971352,higher among failures,0.0013315579227696406,0.15072509960159364,0.0,0.0,258,Candidate process variable; association-based triage signal for engineering investigation priority that does not establish causality.,0.13237258196971352,0.0,0.5016007532956686
sensor_106,0.0,0.0,0.0,-0.1900610453780392,lower among failures,0.005305011644500559,0.07020069597482048,0.0,0.0,259,Candidate process variable; association-based triage signal for engineering investigation priority that does not establish causality.,0.1900610453780392,0.0,0.5012241054613935
sensor_108,0.0,0.0,0.0,0.07823876092881489,higher among failures,0.005305011644500559,0.14342014251934304,0.0,0.0,260,Candidate process variable; association-based triage signal for engineering investigation priority that does not establish causality.,0.07823876092881489,0.0,0.49952919020715636
sensor_046,0.0,0.0,0.0,0.12165429508158117,higher among failures,0.0013315579227696406,0.15707304116865872,0.0,0.0,261,Candidate process variable; association-based triage signal for engineering investigation priority that does not establish causality.,0.12165429508158117,0.0,0.4995291902071563
sensor_056,0.0,0.0,0.0,0.1138389721110747,higher among failures,0.0020026418957989614,0.13437563375921946,0.0,0.0,262,Candidate process variable; association-based triage signal for engineering investigation priority that does not establish causality.,0.1138389721110747,0.0,0.4993408662900188
sensor_336,0.0,0.0,0.0,0.13618509458419023,higher among failures,0.007297043517010519,0.07254743413753548,0.0,0.0,263,Candidate process variable; association-based triage signal for engineering investigation priority that does not establish causality.,0.13618509458419023,0.0,0.49877589453860643
sensor_305,0.0,0.0,0.0,0.09380034829736,higher among failures,0.0013315579227696406,0.19639309428950869,0.0,0.0,264,Candidate process variable; association-based triage signal for engineering investigation priority that does not establish causality.,0.09380034829736,0.0,0.49839924670433144
sensor_070,0.0,0.0,0.0,-0.038565005745804744,lower among failures,0.00862860143978016,0.1283219315895373,0.0,0.0,265,Candidate process variable; association-based triage signal for engineering investigation priority that does not establish causality.,0.038565005745804744,0.0,0.498210922787194
sensor_054,0.0,0.0,0.0,-0.10387765516893362,lower among failures,0.0020026418957989614,0.13880794560611398,0.0,0.0,266,Candidate process variable; association-based triage signal for engineering investigation priority that does not establish causality.,0.10387765516893362,0.0,0.49745762711864405
sensor_171,0.0,0.0,0.0,0.14068418295225338,higher among failures,0.0013315579227696406,0.13431606905710491,0.0,0.0,267,Candidate process variable; association-based triage signal for engineering investigation priority that does not establish causality.,0.14068418295225338,0.0,0.4957627118644068
sensor_288,0.0,0.0,0.0,0.11820578289648624,higher among failures,0.0,0.30400899729974906,0.0,0.0,268,Candidate process variable; association-based triage signal for engineering investigation priority that does not establish causality.,0.11820578289648624,0.0,0.4951977401129944
sensor_467,0.0,0.0,0.0,0.11261154361593663,higher among failures,0.0020026418957989614,0.12451567453328638,0.0,0.0,269,Candidate process variable; association-based triage signal for engineering investigation priority that does not establish causality.,0.11261154361593663,0.0,0.49444444444444446
sensor_319,0.0,0.0,0.0,0.062003915387797204,higher among failures,0.0013315579227696406,0.24293758300132795,0.0,0.0,270,Candidate process variable; association-based triage signal for engineering investigation priority that does not establish causality.,0.062003915387797204,0.0,0.494256120527307
sensor_002,0.0,0.0,0.0,0.07646896170889067,higher among failures,0.01062063331229012,0.06487096774193546,0.0,0.0,271,Candidate process variable; association-based triage signal for engineering investigation priority that does not establish causality.,0.07646896170889067,0.0,0.4940677966101695
sensor_093,0.0,0.0,0.0,0.20055783738054297,higher among failures,0.00398406374501992,0.06335818908122504,0.0,0.0,272,Candidate process variable; association-based triage signal for engineering investigation priority that does not establish causality.,0.20055783738054297,0.0,0.49331450094161966
sensor_383,0.0,0.0,0.0,0.09343929161180474,higher among failures,0.5597609561752988,0.0,0.0,0.0,273,Candidate process variable; association-based triage signal for engineering investigation priority that does not establish causality.,0.09343929161180474,0.0,0.492090395480226
sensor_109,0.0,0.0,0.0,-0.09120292235413514,lower among failures,0.5597609561752988,0.0,0.0,0.0,274,Candidate process variable; association-based triage signal for engineering investigation priority that does not establish causality.,0.09120292235413514,0.0,0.4915254237288135
sensor_131,0.0,0.0,0.0,0.05137336482366836,higher among failures,0.007989347536617843,0.11485333832455413,0.0,0.0,275,Candidate process variable; association-based triage signal for engineering investigation priority that does not establish causality.,0.05137336482366836,0.0,0.4901129943502825
sensor_368,0.0,0.0,0.0,0.05106372348319472,higher among failures,0.005305011644500559,0.14204213382233877,0.0,0.0,276,Candidate process variable; association-based triage signal for engineering investigation priority that does not establish causality.,0.05106372348319472,0.0,0.4882297551789077
sensor_092,0.0,0.0,0.0,-0.047510414496487664,lower among failures,0.00398406374501992,0.16656990679094535,0.0,0.0,277,Candidate process variable; association-based triage signal for engineering investigation priority that does not establish causality.,0.047510414496487664,0.0,0.4872881355932203
sensor_153,0.0,0.0,0.0,0.10127093218476298,higher among failures,0.0,0.29871459567853753,0.0,0.0,278,Candidate process variable; association-based triage signal for engineering investigation priority that does not establish causality.,0.10127093218476298,0.0,0.48672316384180786
sensor_485,0.0,0.0,0.0,-0.15674733752093237,lower among failures,0.0,0.19551885666389035,0.0,0.0,279,Candidate process variable; association-based triage signal for engineering investigation priority that does not establish causality.,0.15674733752093237,0.0,0.48615819209039546
sensor_307,0.0,0.0,0.0,0.19062116721966998,higher among failures,0.0013315579227696406,0.09244621513944223,0.0,0.0,280,Candidate process variable; association-based triage signal for engineering investigation priority that does not establish causality.,0.19062116721966998,0.0,0.48606403013182664
sensor_309,0.0,0.0,0.0,0.19055047058006286,higher among failures,0.0013315579227696406,0.09244621513944223,0.0,0.0,281,Candidate process variable; association-based triage signal for engineering investigation priority that does not establish causality.,0.19055047058006286,0.0,0.4858757062146892
sensor_426,0.0,0.0,0.0,0.09550331520030186,higher among failures,0.0,0.3027729295865803,0.0,0.0,282,Candidate process variable; association-based triage signal for engineering investigation priority that does not establish causality.,0.09550331520030186,0.0,0.48540489642184553
sensor_578,0.0,0.0,0.0,0.013545143079934872,higher among failures,0.030899040323393523,0.10340160075329569,0.0,0.0,283,Candidate process variable; association-based triage signal for engineering investigation priority that does not establish causality.,0.013545143079934872,0.0,0.48540489642184553
sensor_105,0.0,0.0,0.0,0.00797787118455098,higher among failures,0.005305011644500559,0.1986289617750039,0.0,0.0,284,Candidate process variable; association-based triage signal for engineering investigation priority that does not establish causality.,0.00797787118455098,0.0,0.48521657250470807
sensor_082,0.0,0.0,0.0,-0.1078667334142986,lower among failures,0.0,0.26880228752102114,0.0,0.0,285,Candidate process variable; association-based triage signal for engineering investigation priority that does not establish causality.,0.1078667334142986,0.0,0.4848399246704332
sensor_017,0.0,0.0,0.0,-0.08094155040973694,lower among failures,0.0,0.3569185309361754,0.0,0.0,286,Candidate process variable; association-based triage signal for engineering investigation priority that does not establish causality.,0.08094155040973694,0.0,0.48370998116760827
sensor_100,0.0,0.0,0.0,0.12008313378975127,higher among failures,0.005305011644500559,0.06865378737915617,0.0,0.0,287,Candidate process variable; association-based triage signal for engineering investigation priority that does not establish causality.,0.12008313378975127,0.0,0.4831450094161958
sensor_104,0.0,0.0,0.0,-0.11664378672327744,lower among failures,0.00398406374501992,0.09576031957390148,0.0,0.0,288,Candidate process variable; association-based triage signal for engineering investigation priority that does not establish causality.,0.11664378672327744,0.0,0.4831450094161958
sensor_238,0.0,0.0,0.0,0.1353329989159979,higher among failures,0.00398406374501992,0.07818908122503321,0.0,0.0,289,Candidate process variable; association-based triage signal for engineering investigation priority that does not establish causality.,0.1353329989159979,0.0,0.4831450094161958
sensor_245,0.0,0.0,0.0,0.07014697143953864,higher among failures,0.5597609561752988,0.0,0.0,0.0,290,Candidate process variable; association-based triage signal for engineering investigation priority that does not establish causality.,0.07014697143953864,0.0,0.48305084745762705
sensor_036,0.0,0.0,0.0,-0.011433925641406582,lower among failures,0.0013315579227696406,0.3175405046480744,0.0,0.0,291,Candidate process variable; association-based triage signal for engineering investigation priority that does not establish causality.,0.011433925641406582,0.0,0.4826741996233521
sensor_034,0.0,0.0,0.0,0.011433914982471018,higher among failures,0.0013315579227696406,0.3175405046480744,0.0,0.0,292,Candidate process variable; association-based triage signal for engineering investigation priority that does not establish causality.,0.011433914982471018,0.0,0.4824858757062146
sensor_140,0.0,0.0,0.0,0.022333096237027096,higher among failures,0.01062063331229012,0.09906989247311829,0.0,0.0,293,Candidate process variable; association-based triage signal for engineering investigation priority that does not establish causality.,0.022333096237027096,0.0,0.481638418079096
sensor_442,0.0,0.0,0.0,0.06334890663786737,higher among failures,0.0013315579227696406,0.17306241699867192,0.0,0.0,294,Candidate process variable; association-based triage signal for engineering investigation priority that does not establish causality.,0.06334890663786737,0.0,0.4803201506591337
sensor_517,0.0,0.0,0.0,0.06271825854926427,higher among failures,0.5597609561752988,0.0,0.0,0.0,295,Candidate process variable; association-based triage signal for engineering investigation priority that does not establish causality.,0.06271825854926427,0.0,0.480225988700565
sensor_275,0.0,0.0,0.0,0.008596682157313287,higher among failures,0.01062063331229012,0.10561290322580644,0.0,0.0,296,Candidate process variable; association-based triage signal for engineering investigation priority that does not establish causality.,0.008596682157313287,0.0,0.47975517890772124
sensor_311,0.0,0.0,0.0,-0.10179242186258688,lower among failures,0.0013315579227696406,0.12607702523240372,0.0,0.0,297,Candidate process variable; association-based triage signal for engineering investigation priority that does not establish causality.,0.10179242186258688,0.0,0.47975517890772124
sensor_084,0.0,0.0,0.0,-0.04500816944445522,lower among failures,0.009331515482676484,0.06666936572199722,0.0,0.0,298,Candidate process variable; association-based triage signal for engineering investigation priority that does not establish causality.,0.04500816944445522,0.0,0.4791902071563088
sensor_173,0.0,0.0,0.0,-0.05106676026173224,lower among failures,0.0013315579227696406,0.18596015936254973,0.0,0.0,299,Candidate process variable; association-based triage signal for engineering investigation priority that does not establish causality.,0.05106676026173224,0.0,0.47881355932203384
sensor_188,0.0,0.0,0.0,0.21449690630878482,higher among failures,0.0013315579227696406,0.05819389110225759,0.0,0.0,300,Candidate process variable; association-based triage signal for engineering investigation priority that does not establish causality.,0.21449690630878482,0.0,0.4786252354048963
sensor_472,0.0,0.0,0.0,-0.0049503518230949355,lower among failures,0.007297043517010519,0.1450948682750709,0.0,0.0,301,Candidate process variable; association-based triage signal for engineering investigation priority that does not establish causality.,0.0049503518230949355,0.0,0.478060263653484
sensor_444,0.0,0.0,0.0,-0.04899518258314293,lower among failures,0.0013315579227696406,0.18409561752988046,0.0,0.0,302,Candidate process variable; association-based triage signal for engineering investigation priority that does not establish causality.,0.04899518258314293,0.0,0.4774952919020715
sensor_303,0.0,0.0,0.0,0.05106237139568092,higher among failures,0.0006604739497403196,0.23843512974051895,0.0,0.0,303,Candidate process variable; association-based triage signal for engineering investigation priority that does not establish causality.,0.05106237139568092,0.0,0.47617702448210913
sensor_271,0.0,0.0,0.0,0.10146845047111092,higher among failures,0.004665757741338242,0.08553937701005487,0.0,0.0,304,Candidate process variable; association-based triage signal for engineering investigation priority that does not establish causality.,0.10146845047111092,0.0,0.4759887005649717
sensor_272,0.0,0.0,0.0,0.12082362351777437,higher among failures,0.0006498639264513181,0.13804047184060214,0.0,0.0,305,Candidate process variable; association-based triage signal for engineering investigation priority that does not establish causality.,0.12082362351777437,0.0,0.4756120527306968
sensor_572,0.0,0.0,0.0,-0.16569166149807651,lower among failures,0.0,0.14854297855183796,0.0,0.0,306,Candidate process variable; association-based triage signal for engineering investigation priority that does not establish causality.,0.16569166149807651,0.0,0.475517890772128
sensor_047,0.0,0.0,0.0,0.07049762702431306,higher among failures,0.0013315579227696406,0.1451633466135458,0.0,0.0,307,Candidate process variable; association-based triage signal for engineering investigation priority that does not establish causality.,0.07049762702431306,0.0,0.4748587570621468
sensor_324,0.0,0.0,0.0,0.18555380998603435,higher among failures,0.0013315579227696406,0.06167861885790171,0.0,0.0,308,Candidate process variable; association-based triage signal for engineering investigation priority that does not establish causality.,0.18555380998603435,0.0,0.4744821092278719
sensor_577,0.0,0.0,0.0,-0.2404118275946715,lower among failures,0.0,0.11468108922499087,0.0,0.0,309,Candidate process variable; association-based triage signal for engineering investigation priority that does not establish causality.,0.2404118275946715,0.0,0.47429378531073446
sensor_575,0.0,0.0,0.0,-0.22119342828526758,lower among failures,0.0,0.11711078455817212,0.0,0.0,310,Candidate process variable; association-based triage signal for engineering investigation priority that does not establish causality.,0.22119342828526758,0.0,0.474105461393597
sensor_487,0.0,0.0,0.0,-0.06864187427434788,lower among failures,0.0,0.30143871915798864,0.0,0.0,311,Candidate process variable; association-based triage signal for engineering investigation priority that does not establish causality.,0.06864187427434788,0.0,0.47391713747645947
sensor_269,0.0,0.0,0.0,-0.015896850046876337,lower among failures,0.006657789613848202,0.1289373337748203,0.0,0.0,312,Candidate process variable; association-based triage signal for engineering investigation priority that does not establish causality.,0.015896850046876337,0.0,0.4732580037664783
sensor_168,0.0,0.0,0.0,0.04080695194285062,higher among failures,0.0006604739497403196,0.2411816367265469,0.0,0.0,313,Candidate process variable; association-based triage signal for engineering investigation priority that does not establish causality.,0.04080695194285062,0.0,0.4718455743879473
sensor_417,0.0,0.0,0.0,-0.12406744303570728,lower among failures,0.0,0.1655031007793063,0.0,0.0,314,Candidate process variable; association-based triage signal for engineering investigation priority that does not establish causality.,0.12406744303570728,0.0,0.4718455743879473
sensor_111,0.0,0.0,0.0,-0.04333248761676859,lower among failures,0.5597609561752988,0.0,0.0,0.0,315,Candidate process variable; association-based triage signal for engineering investigation priority that does not establish causality.,0.04333248761676859,0.0,0.4717514124293785
sensor_541,0.0,0.0,0.0,0.0071737539410502505,higher among failures,0.006657789613848202,0.13434732918193182,0.0,0.0,316,Candidate process variable; association-based triage signal for engineering investigation priority that does not establish causality.,0.0071737539410502505,0.0,0.4713747645951035
sensor_376,0.0,0.0,0.0,0.11014250708393912,higher among failures,0.00398406374501992,0.06794940079893474,0.0,0.0,317,Candidate process variable; association-based triage signal for engineering investigation priority that does not establish causality.,0.11014250708393912,0.0,0.4710922787193973
sensor_048,0.0,0.0,0.0,-0.10335615991370051,lower among failures,0.0013315579227696406,0.11110756972111557,0.0,0.0,318,Candidate process variable; association-based triage signal for engineering investigation priority that does not establish causality.,0.10335615991370051,0.0,0.4709039548022598
sensor_091,0.0,0.0,0.0,0.07375744362163447,higher among failures,0.005305011644500559,0.08677969555123022,0.0,0.0,319,Candidate process variable; association-based triage signal for engineering investigation priority that does not establish causality.,0.07375744362163447,0.0,0.47052730696798484
sensor_425,0.0,0.0,0.0,0.07329585088158641,higher among failures,0.0,0.2634972758765205,0.0,0.0,320,Candidate process variable; association-based triage signal for engineering investigation priority that does not establish causality.,0.07329585088158641,0.0,0.469774011299435
sensor_574,0.0,0.0,0.0,-0.1691628838681694,lower among failures,0.0,0.13168099903979297,0.0,0.0,321,Candidate process variable; association-based triage signal for engineering investigation priority that does not establish causality.,0.1691628838681694,0.0,0.4695856873822975
sensor_101,0.0,0.0,0.0,-0.0804516788968564,lower among failures,0.005305011644500559,0.0760129972493444,0.0,0.0,322,Candidate process variable; association-based triage signal for engineering investigation priority that does not establish causality.,0.0804516788968564,0.0,0.46902071563088504
sensor_576,0.0,0.0,0.0,-0.12967982111021573,lower among failures,0.0,0.14854297855183796,0.0,0.0,323,Candidate process variable; association-based triage signal for engineering investigation priority that does not establish causality.,0.12967982111021573,0.0,0.4687382297551788
sensor_586,0.0,0.0,0.0,-0.04286935123375354,lower among failures,0.0013315579227696406,0.16232138114209826,0.0,0.0,324,Candidate process variable; association-based triage signal for engineering investigation priority that does not establish causality.,0.04286935123375354,0.0,0.4680790960451977
sensor_483,0.0,0.0,0.0,-0.11038692867125995,lower among failures,0.0,0.17115824319234385,0.0,0.0,325,Candidate process variable; association-based triage signal for engineering investigation priority that does not establish causality.,0.11038692867125995,0.0,0.4673258003766478
sensor_473,0.0,0.0,0.0,0.011269442960754565,higher among failures,0.007297043517010519,0.11536508772259718,0.0,0.0,326,Candidate process variable; association-based triage signal for engineering investigation priority that does not establish causality.,0.011269442960754565,0.0,0.4660075329566855
sensor_407,0.0,0.0,0.0,7.01102813982621e-05,higher among failures,0.006657789613848202,0.1272497142796108,0.0,0.0,327,Candidate process variable; association-based triage signal for engineering investigation priority that does not establish causality.,7.01102813982621e-05,0.0,0.46553672316384176
sensor_282,0.0,0.0,0.0,0.057892283443860645,higher among failures,0.0,0.2722956376889247,0.0,0.0,328,Candidate process variable; association-based triage signal for engineering investigation priority that does not establish causality.,0.057892283443860645,0.0,0.46544256120527305
sensor_089,0.0,0.0,0.0,0.07085238721811753,higher among failures,0.0,0.23152662320093792,0.0,0.0,329,Candidate process variable; association-based triage signal for engineering investigation priority that does not establish causality.,0.07085238721811753,0.0,0.46393596986817326
sensor_045,0.0,0.0,0.0,0.10791097624277989,higher among failures,0.0013315579227696406,0.09220717131474099,0.0,0.0,330,Candidate process variable; association-based triage signal for engineering investigation priority that does not establish causality.,0.10791097624277989,0.0,0.46280602636534834
sensor_447,0.0,0.0,0.0,-0.08500746254960331,lower among failures,0.0013315579227696406,0.10869588313413014,0.0,0.0,331,Candidate process variable; association-based triage signal for engineering investigation priority that does not establish causality.,0.08500746254960331,0.0,0.46205273069679836
sensor_573,0.0,0.0,0.0,-0.21733717210115505,lower among failures,0.0,0.09608171839937185,0.0,0.0,332,Candidate process variable; association-based triage signal for engineering investigation priority that does not establish causality.,0.21733717210115505,0.0,0.4616760828625235
sensor_187,0.0,0.0,0.0,-0.04396912560076576,lower among failures,0.0013315579227696406,0.13900132802124832,0.0,0.0,333,Candidate process variable; association-based triage signal for engineering investigation priority that does not establish causality.,0.04396912560076576,0.0,0.461487758945386
sensor_459,0.0,0.0,0.0,-0.04565828286395834,lower among failures,0.0013315579227696406,0.13630278884462155,0.0,0.0,334,Candidate process variable; association-based triage signal for engineering investigation priority that does not establish causality.,0.04565828286395834,0.0,0.461487758945386
sensor_176,0.0,0.0,0.0,-0.08421212775350644,lower among failures,0.0013315579227696406,0.10871181938911023,0.0,0.0,335,Candidate process variable; association-based triage signal for engineering investigation priority that does not establish causality.,0.08421212775350644,0.0,0.46129943502824855
sensor_147,0.0,0.0,0.0,0.04813139150698324,higher among failures,0.0,0.27021872563010274,0.0,0.0,336,Candidate process variable; association-based triage signal for engineering investigation priority that does not establish causality.,0.04813139150698324,0.0,0.461111111111111
sensor_098,0.0,0.0,0.0,-0.0395051696885769,lower among failures,0.005305011644500559,0.09838821239564399,0.0,0.0,337,Candidate process variable; association-based triage signal for engineering investigation priority that does not establish causality.,0.0395051696885769,0.0,0.4588512241054613
sensor_420,0.0,0.0,0.0,0.04194486296353162,higher among failures,0.0,0.2680569333849687,0.0,0.0,338,Candidate process variable; association-based triage signal for engineering investigation priority that does not establish causality.,0.04194486296353162,0.0,0.45677966101694917
sensor_161,0.0,0.0,0.0,-0.1798455989140543,lower among failures,0.0006604739497403196,0.046818363273453095,0.0,0.0,339,Candidate process variable; association-based triage signal for engineering investigation priority that does not establish causality.,0.1798455989140543,0.0,0.4562146892655367
sensor_323,0.0,0.0,0.0,-0.06826884780988757,lower among failures,0.0013315579227696406,0.11136786188579018,0.0,0.0,340,Candidate process variable; association-based triage signal for engineering investigation priority that does not establish causality.,0.06826884780988757,0.0,0.4562146892655366
sensor_560,0.0,0.0,0.0,0.019019397269306088,higher among failures,0.0013315579227696406,0.15578220451527225,0.0,0.0,341,Candidate process variable; association-based triage signal for engineering investigation priority that does not establish causality.,0.019019397269306088,0.0,0.4558380414312617
sensor_585,0.0,0.0,0.0,0.05137407228109475,higher among failures,0.0013315579227696406,0.11921912350597608,0.0,0.0,342,Candidate process variable; association-based triage signal for engineering investigation priority that does not establish causality.,0.05137407228109475,0.0,0.4554613935969868
sensor_039,0.0,0.0,0.0,0.03459102918591809,higher among failures,0.0013315579227696406,0.13666401062417,0.0,0.0,343,Candidate process variable; association-based triage signal for engineering investigation priority that does not establish causality.,0.03459102918591809,0.0,0.45527306967984926
sensor_583,0.0,0.0,0.0,0.05683514377986945,higher among failures,0.0013315579227696406,0.11586188579017276,0.0,0.0,344,Candidate process variable; association-based triage signal for engineering investigation priority that does not establish causality.,0.05683514377986945,0.0,0.4550847457627118
sensor_083,0.0,0.0,0.0,-0.06125789538606419,lower among failures,0.0,0.19729073055315366,0.0,0.0,345,Candidate process variable; association-based triage signal for engineering investigation priority that does not establish causality.,0.06125789538606419,0.0,0.45451977401129945
sensor_367,0.0,0.0,0.0,-0.010876133125568361,lower among failures,0.005305011644500559,0.11157849019576305,0.0,0.0,346,Candidate process variable; association-based triage signal for engineering investigation priority that does not establish causality.,0.010876133125568361,0.0,0.45451977401129934
sensor_118,0.0,0.0,0.0,-0.1254869588355615,lower among failures,0.0,0.11956700494957587,0.0,0.0,347,Candidate process variable; association-based triage signal for engineering investigation priority that does not establish causality.,0.1254869588355615,0.0,0.45414312617702446
sensor_287,0.0,0.0,0.0,-0.030222580950743216,lower among failures,0.0,0.28079691884923674,0.0,0.0,348,Candidate process variable; association-based triage signal for engineering investigation priority that does not establish causality.,0.030222580950743216,0.0,0.453954802259887
sensor_094,0.0,0.0,0.0,-0.025298421959283352,lower among failures,0.005305011644500559,0.09643379928257761,0.0,0.0,349,Candidate process variable; association-based triage signal for engineering investigation priority that does not establish causality.,0.025298421959283352,0.0,0.45301318267419965
sensor_107,0.0,0.0,0.0,-0.019142994036786348,lower among failures,0.005305011644500559,0.10121125355896214,0.0,0.0,350,Candidate process variable; association-based triage signal for engineering investigation priority that does not establish causality.,0.019142994036786348,0.0,0.4528248587570621
sensor_152,0.0,0.0,0.0,-0.029107923581909445,lower among failures,0.0,0.27279696128932995,0.0,0.0,351,Candidate process variable; association-based triage signal for engineering investigation priority that does not establish causality.,0.029107923581909445,0.0,0.45225988700564973
sensor_296,0.0,0.0,0.0,-0.1663201284996624,lower among failures,0.0006604739497403196,0.04416766467065869,0.0,0.0,352,Candidate process variable; association-based triage signal for engineering investigation priority that does not establish causality.,0.1663201284996624,0.0,0.4516949152542373
sensor_584,0.0,0.0,0.0,0.057960329808501646,higher among failures,0.0013315579227696406,0.10821248339973444,0.0,0.0,353,Candidate process variable; association-based triage signal for engineering investigation priority that does not establish causality.,0.057960329808501646,0.0,0.4505649717514124
sensor_453,0.0,0.0,0.0,-0.03181136554180957,lower among failures,0.0013315579227696406,0.13002921646746346,0.0,0.0,354,Candidate process variable; association-based triage signal for engineering investigation priority that does not establish causality.,0.03181136554180957,0.0,0.45037664783427483
sensor_582,0.0,0.0,0.0,0.11297535203093798,higher among failures,0.0013315579227696406,0.041439575033200504,0.0,0.0,355,Candidate process variable; association-based triage signal for engineering investigation priority that does not establish causality.,0.11297535203093798,0.0,0.4501883239171375
sensor_181,0.0,0.0,0.0,-0.04197762200784162,lower among failures,0.0013315579227696406,0.11941035856573701,0.0,0.0,356,Candidate process variable; association-based triage signal for engineering investigation priority that does not establish causality.,0.04197762200784162,0.0,0.45018832391713737
sensor_137,0.0,0.0,0.0,0.09735331304765463,higher among failures,0.0006498639264513181,0.10666580818933719,0.0,0.0,357,Candidate process variable; association-based triage signal for engineering investigation priority that does not establish causality.,0.09735331304765463,0.0,0.44905838041431256
sensor_570,0.0,0.0,0.0,0.0029306941601369894,higher among failures,0.0,0.3179081278083405,0.0,0.0,358,Candidate process variable; association-based triage signal for engineering investigation priority that does not establish causality.,0.0029306941601369894,0.0,0.44774011299435024
sensor_410,0.0,0.0,0.0,0.09393164537215414,higher among failures,0.0006498639264513181,0.10668995286422911,0.0,0.0,359,Candidate process variable; association-based triage signal for engineering investigation priority that does not establish causality.,0.09393164537215414,0.0,0.4473634651600753
sensor_146,0.0,0.0,0.0,-0.07252895688828015,lower among failures,0.0,0.1525721348958361,0.0,0.0,360,Candidate process variable; association-based triage signal for engineering investigation priority that does not establish causality.,0.07252895688828015,0.0,0.44679849340866284
sensor_010,0.0,0.0,0.0,0.17130875388241257,higher among failures,0.0,0.08225155304215892,0.0,0.0,361,Candidate process variable; association-based triage signal for engineering investigation priority that does not establish causality.,0.17130875388241257,0.0,0.44623352165725044
sensor_279,0.0,0.0,0.0,-0.10324883950031907,lower among failures,0.0,0.12145558909501808,0.0,0.0,362,Candidate process variable; association-based triage signal for engineering investigation priority that does not establish causality.,0.10324883950031907,0.0,0.4458568738229755
sensor_524,0.0,0.0,0.0,-0.0510873343022916,lower among failures,0.0,0.17779216025379177,0.0,0.0,363,Candidate process variable; association-based triage signal for engineering investigation priority that does not establish causality.,0.0510873343022916,0.0,0.4454802259887005
sensor_008,0.0,0.0,0.0,0.03635314504787138,higher among failures,0.0,0.20917660914265704,0.0,0.0,364,Candidate process variable; association-based triage signal for engineering investigation priority that does not establish causality.,0.03635314504787138,0.0,0.4451035781544255
sensor_020,0.0,0.0,0.0,0.03023784284578056,higher among failures,0.0,0.21829592415955362,0.0,0.0,365,Candidate process variable; association-based triage signal for engineering investigation priority that does not establish causality.,0.03023784284578056,0.0,0.44472693032015065
sensor_571,0.0,0.0,0.0,-0.0421067950512138,lower among failures,0.0,0.1869910504453557,0.0,0.0,366,Candidate process variable; association-based triage signal for engineering investigation priority that does not establish causality.,0.0421067950512138,0.0,0.4434086629001883
sensor_559,0.0,0.0,0.0,0.03262424479910434,higher among failures,0.0013315579227696406,0.11575564409030543,0.0,0.0,367,Candidate process variable; association-based triage signal for engineering investigation priority that does not establish causality.,0.03262424479910434,0.0,0.44303201506591333
sensor_075,0.0,0.0,0.0,-0.061789926815070874,lower among failures,0.0,0.15173129055018278,0.0,0.0,368,Candidate process variable; association-based triage signal for engineering investigation priority that does not establish causality.,0.061789926815070874,0.0,0.44265536723163845
sensor_308,0.0,0.0,0.0,-0.006754638312070654,lower among failures,0.0013315579227696406,0.1352563081009296,0.0,0.0,369,Candidate process variable; association-based triage signal for engineering investigation priority that does not establish causality.,0.006754638312070654,0.0,0.4426553672316384
sensor_561,0.0,0.0,0.0,0.03441528651495948,higher among failures,0.0013315579227696406,0.11423107569721114,0.0,0.0,370,Candidate process variable; association-based triage signal for engineering investigation priority that does not establish causality.,0.03441528651495948,0.0,0.4422787193973634
sensor_096,0.0,0.0,0.0,-0.013253126962904267,lower among failures,0.005305011644500559,0.08125961791089592,0.0,0.0,371,Candidate process variable; association-based triage signal for engineering investigation priority that does not establish causality.,0.013253126962904267,0.0,0.44171374764595106
sensor_321,0.0,0.0,0.0,-0.048881866807781595,lower among failures,0.0013315579227696406,0.0987994687915007,0.0,0.0,372,Candidate process variable; association-based triage signal for engineering investigation priority that does not establish causality.,0.048881866807781595,0.0,0.44152542372881354
sensor_457,0.0,0.0,0.0,-0.024715986766812942,lower among failures,0.0013315579227696406,0.11732802124834008,0.0,0.0,373,Candidate process variable; association-based triage signal for engineering investigation priority that does not establish causality.,0.024715986766812942,0.0,0.44133709981167607
sensor_252,0.0,0.0,0.0,-0.04337748331419531,lower among failures,0.0,0.1751290444082525,0.0,0.0,374,Candidate process variable; association-based triage signal for engineering investigation priority that does not establish causality.,0.04337748331419531,0.0,0.4411487758945386
sensor_185,0.0,0.0,0.0,-0.0330875415063151,lower among failures,0.0013315579227696406,0.11133598937583011,0.0,0.0,375,Candidate process variable; association-based triage signal for engineering investigation priority that does not establish causality.,0.0330875415063151,0.0,0.4407721280602636
sensor_317,0.0,0.0,0.0,-0.0073675574264308735,lower among failures,0.0013315579227696406,0.13102788844621516,0.0,0.0,376,Candidate process variable; association-based triage signal for engineering investigation priority that does not establish causality.,0.0073675574264308735,0.0,0.4405838041431262
sensor_119,0.0,0.0,0.0,0.014368464128137071,higher among failures,0.0,0.23284491859459644,0.0,0.0,377,Candidate process variable; association-based triage signal for engineering investigation priority that does not establish causality.,0.014368464128137071,0.0,0.4402071563088512
sensor_392,0.0,0.0,0.0,-0.08701876840315957,lower among failures,0.0,0.12258025156365217,0.0,0.0,378,Candidate process variable; association-based triage signal for engineering investigation priority that does not establish causality.,0.08701876840315957,0.0,0.4402071563088512
sensor_409,0.0,0.0,0.0,0.02506347228493451,higher among failures,0.004665757741338242,0.07305496246113663,0.0,0.0,379,Candidate process variable; association-based triage signal for engineering investigation priority that does not establish causality.,0.02506347228493451,0.0,0.4390772128060263
sensor_016,0.0,0.0,0.0,0.006836870329128199,higher among failures,0.0,0.2447599747481446,0.0,0.0,380,Candidate process variable; association-based triage signal for engineering investigation priority that does not establish causality.,0.006836870329128199,0.0,0.4387005649717514
sensor_077,0.0,0.0,0.0,0.03947156511847595,higher among failures,0.0,0.17504681672776268,0.0,0.0,381,Candidate process variable; association-based triage signal for engineering investigation priority that does not establish causality.,0.03947156511847595,0.0,0.4383239171374764
sensor_177,0.0,0.0,0.0,-0.008818617057382117,lower among failures,0.0013315579227696406,0.123128818061089,0.0,0.0,382,Candidate process variable; association-based triage signal for engineering investigation priority that does not establish causality.,0.008818617057382117,0.0,0.43813559322033896
sensor_499,0.0,0.0,0.0,-0.04701313905291879,lower among failures,0.00398406374501992,0.04046338215712386,0.0,0.0,383,Candidate process variable; association-based triage signal for engineering investigation priority that does not establish causality.,0.04701313905291879,0.0,0.43794726930320155
sensor_361,0.0,0.0,0.0,-0.06634529258597278,lower among failures,0.0,0.1355775300926786,0.0,0.0,384,Candidate process variable; association-based triage signal for engineering investigation priority that does not establish causality.,0.06634529258597278,0.0,0.437758945386064
sensor_423,0.0,0.0,0.0,0.1248776906013999,higher among failures,0.0,0.08506586171956648,0.0,0.0,385,Candidate process variable; association-based triage signal for engineering investigation priority that does not establish causality.,0.1248776906013999,0.0,0.43681732580037663
sensor_087,0.0,0.0,0.0,-0.10438240675013356,lower among failures,0.0,0.10469970981586307,0.0,0.0,386,Candidate process variable; association-based triage signal for engineering investigation priority that does not establish causality.,0.10438240675013356,0.0,0.4366290018832391
sensor_215,0.0,0.0,0.0,-0.05660633043740469,lower among failures,0.0,0.14111596224953712,0.0,0.0,387,Candidate process variable; association-based triage signal for engineering investigation priority that does not establish causality.,0.05660633043740469,0.0,0.4364406779661017
sensor_448,0.0,0.0,0.0,-0.009108554683467555,lower among failures,0.0013315579227696406,0.11845418326693224,0.0,0.0,388,Candidate process variable; association-based triage signal for engineering investigation priority that does not establish causality.,0.009108554683467555,0.0,0.43540489642184554
sensor_023,0.0,0.0,0.0,0.10011310719757599,higher among failures,0.0006604739497403196,0.056095808383233525,0.0,0.0,389,Candidate process variable; association-based triage signal for engineering investigation priority that does not establish causality.,0.10011310719757599,0.0,0.43531073446327684
sensor_386,0.0,0.0,0.0,0.08293627417084909,higher among failures,0.0,0.11708425949994955,0.0,0.0,390,Candidate process variable; association-based triage signal for engineering investigation priority that does not establish causality.,0.08293627417084909,0.0,0.43436911487758945
sensor_086,0.0,0.0,0.0,0.08653306480794455,higher among failures,0.0,0.11271823491652566,0.0,0.0,391,Candidate process variable; association-based triage signal for engineering investigation priority that does not establish causality.,0.08653306480794455,0.0,0.43380414312617704
sensor_520,0.0,0.0,0.0,0.08458797975106214,higher among failures,0.0,0.11438931358454332,0.0,0.0,392,Candidate process variable; association-based triage signal for engineering investigation priority that does not establish causality.,0.08458797975106214,0.0,0.43342749529190205
sensor_312,0.0,0.0,0.0,-0.0062251591639041004,lower among failures,0.0013315579227696406,0.11845418326693224,0.0,0.0,393,Candidate process variable; association-based triage signal for engineering investigation priority that does not establish causality.,0.0062251591639041004,0.0,0.43333333333333335
sensor_009,0.0,0.0,0.0,-0.0910251622633936,lower among failures,0.0,0.10976864844218343,0.0,0.0,394,Candidate process variable; association-based triage signal for engineering investigation priority that does not establish causality.,0.0910251622633936,0.0,0.4330508474576271
sensor_178,0.0,0.0,0.0,0.0,no material signed shift,0.014572866987443037,0.0,0.0,0.0,395,Candidate process variable; association-based triage signal for engineering investigation priority that does not establish causality.,0.0,0.0,0.43239171374764596
sensor_313,0.0,0.0,0.0,0.0,no material signed shift,0.014572866987443037,0.0,0.0,0.0,396,Candidate process variable; association-based triage signal for engineering investigation priority that does not establish causality.,0.0,0.0,0.43239171374764596
sensor_314,0.0,0.0,0.0,0.0,no material signed shift,0.014572866987443037,0.0,0.0,0.0,397,Candidate process variable; association-based triage signal for engineering investigation priority that does not establish causality.,0.0,0.0,0.43239171374764596
sensor_449,0.0,0.0,0.0,0.0,no material signed shift,0.014572866987443037,0.0,0.0,0.0,398,Candidate process variable; association-based triage signal for engineering investigation priority that does not establish causality.,0.0,0.0,0.43239171374764596
sensor_450,0.0,0.0,0.0,0.0,no material signed shift,0.014572866987443037,0.0,0.0,0.0,399,Candidate process variable; association-based triage signal for engineering investigation priority that does not establish causality.,0.0,0.0,0.43239171374764596
sensor_248,0.0,0.0,0.0,0.08945800419535005,higher among failures,0.0,0.10915857210306576,0.0,0.0,400,Candidate process variable; association-based triage signal for engineering investigation priority that does not establish causality.,0.08945800419535005,0.0,0.4322975517890772
sensor_390,0.0,0.0,0.0,-0.044063951769180765,lower among failures,0.0,0.14245813019559578,0.0,0.0,401,Candidate process variable; association-based triage signal for engineering investigation priority that does not establish causality.,0.044063951769180765,0.0,0.43173258003766474
sensor_526,0.0,0.0,0.0,-0.08428574584808901,lower among failures,0.0,0.11083495578272795,0.0,0.0,402,Candidate process variable; association-based triage signal for engineering investigation priority that does not establish causality.,0.08428574584808901,0.0,0.4313559322033898
sensor_494,0.0,0.0,0.0,0.11956338753398385,higher among failures,0.0,0.07771576808611086,0.0,0.0,403,Candidate process variable; association-based triage signal for engineering investigation priority that does not establish causality.,0.11956338753398385,0.0,0.43135593220338975
sensor_254,0.0,0.0,0.0,-0.08387240510563275,lower among failures,0.0,0.11016387180969855,0.0,0.0,404,Candidate process variable; association-based triage signal for engineering investigation priority that does not establish causality.,0.08387240510563275,0.0,0.43079096045197734
sensor_057,0.0,0.0,0.0,0.0045624360598543285,higher among failures,0.0020026418957989614,0.0939698143819313,0.0,0.0,405,Candidate process variable; association-based triage signal for engineering investigation priority that does not establish causality.,0.0045624360598543285,0.0,0.43041431261770247
sensor_222,0.0,0.0,0.0,0.11673632962019584,higher among failures,0.0,0.07472639402443482,0.0,0.0,406,Candidate process variable; association-based triage signal for engineering investigation priority that does not establish causality.,0.11673632962019584,0.0,0.42984934086629
sensor_353,0.0,0.0,0.0,-0.06846880692702807,lower among failures,0.0,0.11911873146561555,0.0,0.0,407,Candidate process variable; association-based triage signal for engineering investigation priority that does not establish causality.,0.06846880692702807,0.0,0.42984934086629
sensor_214,0.0,0.0,0.0,-0.12702410840589573,lower among failures,0.0,0.0613153245871374,0.0,0.0,408,Candidate process variable; association-based triage signal for engineering investigation priority that does not establish causality.,0.12702410840589573,0.0,0.429472693032015
sensor_360,0.0,0.0,0.0,0.12294235592632076,higher among failures,0.0,0.06411637073543364,0.0,0.0,409,Candidate process variable; association-based triage signal for engineering investigation priority that does not establish causality.,0.12294235592632076,0.0,0.4290960451977401
sensor_500,0.0,0.0,0.0,-0.015432487285977828,lower among failures,0.00398406374501992,0.060553928095872234,0.0,0.0,410,Candidate process variable; association-based triage signal for engineering investigation priority that does not establish causality.,0.015432487285977828,0.0,0.42890772128060267
sensor_005,0.0,0.0,0.0,0.0,no material signed shift,0.01062063331229012,0.0,0.0,0.0,411,Candidate process variable; association-based triage signal for engineering investigation priority that does not establish causality.,0.0,0.0,0.42871939736346515
sensor_113,0.0,0.0,0.0,-0.01862737444306246,lower among failures,0.0,0.17216884791062126,0.0,0.0,412,Candidate process variable; association-based triage signal for engineering investigation priority that does not establish causality.,0.01862737444306246,0.0,0.42871939736346515
sensor_141,0.0,0.0,0.0,0.0,no material signed shift,0.01062063331229012,0.0,0.0,0.0,413,Candidate process variable; association-based triage signal for engineering investigation priority that does not establish causality.,0.0,0.0,0.42871939736346515
sensor_276,0.0,0.0,0.0,0.0,no material signed shift,0.01062063331229012,0.0,0.0,0.0,414,Candidate process variable; association-based triage signal for engineering investigation priority that does not establish causality.,0.0,0.0,0.42871939736346515
sensor_414,0.0,0.0,0.0,0.0,no material signed shift,0.01062063331229012,0.0,0.0,0.0,415,Candidate process variable; association-based triage signal for engineering investigation priority that does not establish causality.,0.0,0.0,0.42871939736346515
sensor_495,0.0,0.0,0.0,-0.047100770235313505,lower among failures,0.0,0.132073569901486,0.0,0.0,416,Candidate process variable; association-based triage signal for engineering investigation priority that does not establish causality.,0.047100770235313505,0.0,0.42777777777777776
sensor_216,0.0,0.0,0.0,-0.10065604812417325,lower among failures,0.0,0.08573694569259588,0.0,0.0,417,Candidate process variable; association-based triage signal for engineering investigation priority that does not establish causality.,0.10065604812417325,0.0,0.4275894538606403
sensor_211,0.0,0.0,0.0,0.12379549535648109,higher among failures,0.0,0.05993336905374508,0.0,0.0,418,Candidate process variable; association-based triage signal for engineering investigation priority that does not establish causality.,0.12379549535648109,0.0,0.42721280602636535
sensor_018,0.0,0.0,0.0,-0.05474937397051413,lower among failures,0.0,0.12244232126089516,0.0,0.0,419,Candidate process variable; association-based triage signal for engineering investigation priority that does not establish causality.,0.05474937397051413,0.0,0.4266478342749529
sensor_486,0.0,0.0,0.0,0.10393175945481893,higher among failures,0.0,0.07899162338661331,0.0,0.0,420,Candidate process variable; association-based triage signal for engineering investigation priority that does not establish causality.,0.10393175945481893,0.0,0.42608286252354044
sensor_349,0.0,0.0,0.0,0.12071747865046299,higher among failures,0.0,0.05985909889072202,0.0,0.0,421,Candidate process variable; association-based triage signal for engineering investigation priority that does not establish causality.,0.12071747865046299,0.0,0.425894538606403
sensor_359,0.0,0.0,0.0,0.06857964183167868,higher among failures,0.0,0.11118773905708723,0.0,0.0,422,Candidate process variable; association-based triage signal for engineering investigation priority that does not establish causality.,0.06857964183167868,0.0,0.4251412429378531
sensor_136,0.0,0.0,0.0,0.0048965256848259465,higher among failures,0.004665757741338242,0.06021736687482926,0.0,0.0,423,Candidate process variable; association-based triage signal for engineering investigation priority that does not establish causality.,0.0048965256848259465,0.0,0.4249529190207156
sensor_523,0.0,0.0,0.0,-0.09453571443879351,lower among failures,0.0,0.08887751258614018,0.0,0.0,424,Candidate process variable; association-based triage signal for engineering investigation priority that does not establish causality.,0.09453571443879351,0.0,0.4249529190207156
sensor_251,0.0,0.0,0.0,-0.09609455999112193,lower among failures,0.0,0.08420114482151297,0.0,0.0,425,Candidate process variable; association-based triage signal for engineering investigation priority that does not establish causality.,0.09609455999112193,0.0,0.42476459510357817
sensor_184,0.0,0.0,0.0,-0.008935379231977316,lower among failures,0.0013315579227696406,0.10021779548472776,0.0,0.0,426,Candidate process variable; association-based triage signal for engineering investigation priority that does not establish causality.,0.008935379231977316,0.0,0.4245762711864407
sensor_116,0.0,0.0,0.0,0.012437843314235905,higher among failures,0.0,0.1603333669317404,0.0,0.0,427,Candidate process variable; association-based triage signal for engineering investigation priority that does not establish causality.,0.012437843314235905,0.0,0.4228813559322034
sensor_493,0.0,0.0,0.0,0.02807852287014958,higher among failures,0.0,0.13911862536538266,0.0,0.0,428,Candidate process variable; association-based triage signal for engineering investigation priority that does not establish causality.,0.02807852287014958,0.0,0.4226930320150659
sensor_388,0.0,0.0,0.0,0.07889844763990732,higher among failures,0.0,0.10008700219096978,0.0,0.0,429,Candidate process variable; association-based triage signal for engineering investigation priority that does not establish causality.,0.07889844763990732,0.0,0.42269303201506586
sensor_069,0.0,0.0,0.0,0.0,no material signed shift,0.00862860143978016,0.0,0.0,0.0,430,Candidate process variable; association-based triage signal for engineering investigation priority that does not establish causality.,0.0,0.0,0.42193973634651605
sensor_074,0.0,0.0,0.0,0.0,no material signed shift,0.00862860143978016,0.0,0.0,0.0,431,Candidate process variable; association-based triage signal for engineering investigation priority that does not establish causality.,0.0,0.0,0.42193973634651605
sensor_206,0.0,0.0,0.0,0.0,no material signed shift,0.00862860143978016,0.0,0.0,0.0,432,Candidate process variable; association-based triage signal for engineering investigation priority that does not establish causality.,0.0,0.0,0.42193973634651605
sensor_209,0.0,0.0,0.0,0.0,no material signed shift,0.00862860143978016,0.0,0.0,0.0,433,Candidate process variable; association-based triage signal for engineering investigation priority that does not establish causality.,0.0,0.0,0.42193973634651605
sensor_342,0.0,0.0,0.0,0.0,no material signed shift,0.00862860143978016,0.0,0.0,0.0,434,Candidate process variable; association-based triage signal for engineering investigation priority that does not establish causality.,0.0,0.0,0.42193973634651605
sensor_347,0.0,0.0,0.0,0.0,no material signed shift,0.00862860143978016,0.0,0.0,0.0,435,Candidate process variable; association-based triage signal for engineering investigation priority that does not establish causality.,0.0,0.0,0.42193973634651605
sensor_478,0.0,0.0,0.0,0.0,no material signed shift,0.00862860143978016,0.0,0.0,0.0,436,Candidate process variable; association-based triage signal for engineering investigation priority that does not establish causality.,0.0,0.0,0.42193973634651605
sensor_481,0.0,0.0,0.0,0.0,no material signed shift,0.00862860143978016,0.0,0.0,0.0,437,Candidate process variable; association-based triage signal for engineering investigation priority that does not establish causality.,0.0,0.0,0.42193973634651605
sensor_223,0.0,0.0,0.0,-0.03933234341440258,lower among failures,0.0,0.12670489811725139,0.0,0.0,438,Candidate process variable; association-based triage signal for engineering investigation priority that does not establish causality.,0.03933234341440258,0.0,0.4209981167608286
sensor_350,0.0,0.0,0.0,0.07517976574302185,higher among failures,0.0,0.09380321589805884,0.0,0.0,439,Candidate process variable; association-based triage signal for engineering investigation priority that does not establish causality.,0.07517976574302185,0.0,0.4189265536723164
sensor_389,0.0,0.0,0.0,-0.09483711536996373,lower among failures,0.0,0.06813756956196515,0.0,0.0,440,Candidate process variable; association-based triage signal for engineering investigation priority that does not establish causality.,0.09483711536996373,0.0,0.41873822975517894
sensor_320,0.0,0.0,0.0,-0.0017454032658096984,lower among failures,0.0013315579227696406,0.09464541832669326,0.0,0.0,441,Candidate process variable; association-based triage signal for engineering investigation priority that does not establish causality.,0.0017454032658096984,0.0,0.4183615819209039
sensor_221,0.0,0.0,0.0,0.03500805009165655,higher among failures,0.0,0.12387467440491029,0.0,0.0,442,Candidate process variable; association-based triage signal for engineering investigation priority that does not establish causality.,0.03500805009165655,0.0,0.41779661016949154
sensor_432,0.0,0.0,0.0,0.052528056277866324,higher among failures,0.0006604739497403196,0.05889820359281438,0.0,0.0,443,Candidate process variable; association-based triage signal for engineering investigation priority that does not establish causality.,0.052528056277866324,0.0,0.41741996233521655
sensor_154,0.0,0.0,0.0,0.024505123178757377,higher among failures,0.0,0.13269425626389253,0.0,0.0,444,Candidate process variable; association-based triage signal for engineering investigation priority that does not establish causality.,0.024505123178757377,0.0,0.4172316384180791
sensor_051,0.0,0.0,0.0,0.006722223955317826,higher among failures,0.0013315579227696406,0.08267197875165999,0.0,0.0,445,Candidate process variable; association-based triage signal for engineering investigation priority that does not establish causality.,0.006722223955317826,0.0,0.41666666666666663
sensor_456,0.0,0.0,0.0,-0.006167090799701816,lower among failures,0.0013315579227696406,0.08376626826029215,0.0,0.0,446,Candidate process variable; association-based triage signal for engineering investigation priority that does not establish causality.,0.006167090799701816,0.0,0.41647834274952916
sensor_489,0.0,0.0,0.0,0.055175046612955,higher among failures,0.0,0.10259627269881856,0.0,0.0,447,Candidate process variable; association-based triage signal for engineering investigation priority that does not establish causality.,0.055175046612955,0.0,0.4155367231638418
sensor_421,0.0,0.0,0.0,-0.02525145883790267,lower among failures,0.0,0.12420358512686935,0.0,0.0,448,Candidate process variable; association-based triage signal for engineering investigation priority that does not establish causality.,0.02525145883790267,0.0,0.41516007532956684
sensor_212,0.0,0.0,0.0,0.072662934657141,higher among failures,0.0,0.08383244651222,0.0,0.0,449,Candidate process variable; association-based triage signal for engineering investigation priority that does not establish causality.,0.072662934657141,0.0,0.4147834274952919
sensor_352,0.0,0.0,0.0,-0.06833876057128627,lower among failures,0.0,0.08977405955406065,0.0,0.0,450,Candidate process variable; association-based triage signal for engineering investigation priority that does not establish causality.,0.06833876057128627,0.0,0.41421845574387944
sensor_256,0.0,0.0,0.0,0.0,no material signed shift,0.007989347536617843,0.0,0.0,0.0,451,Candidate process variable; association-based triage signal for engineering investigation priority that does not establish causality.,0.0,0.0,0.41403013182674203
sensor_257,0.0,0.0,0.0,0.0,no material signed shift,0.007989347536617843,0.0,0.0,0.0,452,Candidate process variable; association-based triage signal for engineering investigation priority that does not establish causality.,0.0,0.0,0.41403013182674203
sensor_258,0.0,0.0,0.0,0.0,no material signed shift,0.007989347536617843,0.0,0.0,0.0,453,Candidate process variable; association-based triage signal for engineering investigation priority that does not establish causality.,0.0,0.0,0.41403013182674203
sensor_259,0.0,0.0,0.0,0.0,no material signed shift,0.007989347536617843,0.0,0.0,0.0,454,Candidate process variable; association-based triage signal for engineering investigation priority that does not establish causality.,0.0,0.0,0.41403013182674203
sensor_260,0.0,0.0,0.0,0.0,no material signed shift,0.007989347536617843,0.0,0.0,0.0,455,Candidate process variable; association-based triage signal for engineering investigation priority that does not establish causality.,0.0,0.0,0.41403013182674203
sensor_261,0.0,0.0,0.0,0.0,no material signed shift,0.007989347536617843,0.0,0.0,0.0,456,Candidate process variable; association-based triage signal for engineering investigation priority that does not establish causality.,0.0,0.0,0.41403013182674203
sensor_262,0.0,0.0,0.0,0.0,no material signed shift,0.007989347536617843,0.0,0.0,0.0,457,Candidate process variable; association-based triage signal for engineering investigation priority that does not establish causality.,0.0,0.0,0.41403013182674203
sensor_263,0.0,0.0,0.0,0.0,no material signed shift,0.007989347536617843,0.0,0.0,0.0,458,Candidate process variable; association-based triage signal for engineering investigation priority that does not establish causality.,0.0,0.0,0.41403013182674203
sensor_264,0.0,0.0,0.0,0.0,no material signed shift,0.007989347536617843,0.0,0.0,0.0,459,Candidate process variable; association-based triage signal for engineering investigation priority that does not establish causality.,0.0,0.0,0.41403013182674203
sensor_265,0.0,0.0,0.0,0.0,no material signed shift,0.007989347536617843,0.0,0.0,0.0,460,Candidate process variable; association-based triage signal for engineering investigation priority that does not establish causality.,0.0,0.0,0.41403013182674203
sensor_266,0.0,0.0,0.0,0.0,no material signed shift,0.007989347536617843,0.0,0.0,0.0,461,Candidate process variable; association-based triage signal for engineering investigation priority that does not establish causality.,0.0,0.0,0.41403013182674203
sensor_394,0.0,0.0,0.0,0.0,no material signed shift,0.007989347536617843,0.0,0.0,0.0,462,Candidate process variable; association-based triage signal for engineering investigation priority that does not establish causality.,0.0,0.0,0.41403013182674203
sensor_395,0.0,0.0,0.0,0.0,no material signed shift,0.007989347536617843,0.0,0.0,0.0,463,Candidate process variable; association-based triage signal for engineering investigation priority that does not establish causality.,0.0,0.0,0.41403013182674203
sensor_396,0.0,0.0,0.0,0.0,no material signed shift,0.007989347536617843,0.0,0.0,0.0,464,Candidate process variable; association-based triage signal for engineering investigation priority that does not establish causality.,0.0,0.0,0.41403013182674203
sensor_397,0.0,0.0,0.0,0.0,no material signed shift,0.007989347536617843,0.0,0.0,0.0,465,Candidate process variable; association-based triage signal for engineering investigation priority that does not establish causality.,0.0,0.0,0.41403013182674203
sensor_398,0.0,0.0,0.0,0.0,no material signed shift,0.007989347536617843,0.0,0.0,0.0,466,Candidate process variable; association-based triage signal for engineering investigation priority that does not establish causality.,0.0,0.0,0.41403013182674203
sensor_399,0.0,0.0,0.0,0.0,no material signed shift,0.007989347536617843,0.0,0.0,0.0,467,Candidate process variable; association-based triage signal for engineering investigation priority that does not establish causality.,0.0,0.0,0.41403013182674203
sensor_400,0.0,0.0,0.0,0.0,no material signed shift,0.007989347536617843,0.0,0.0,0.0,468,Candidate process variable; association-based triage signal for engineering investigation priority that does not establish causality.,0.0,0.0,0.41403013182674203
sensor_401,0.0,0.0,0.0,0.0,no material signed shift,0.007989347536617843,0.0,0.0,0.0,469,Candidate process variable; association-based triage signal for engineering investigation priority that does not establish causality.,0.0,0.0,0.41403013182674203
sensor_402,0.0,0.0,0.0,0.0,no material signed shift,0.007989347536617843,0.0,0.0,0.0,470,Candidate process variable; association-based triage signal for engineering investigation priority that does not establish causality.,0.0,0.0,0.41403013182674203
sensor_403,0.0,0.0,0.0,0.0,no material signed shift,0.007989347536617843,0.0,0.0,0.0,471,Candidate process variable; association-based triage signal for engineering investigation priority that does not establish causality.,0.0,0.0,0.41403013182674203
sensor_404,0.0,0.0,0.0,0.0,no material signed shift,0.007989347536617843,0.0,0.0,0.0,472,Candidate process variable; association-based triage signal for engineering investigation priority that does not establish causality.,0.0,0.0,0.41403013182674203
sensor_528,0.0,0.0,0.0,0.0,no material signed shift,0.007989347536617843,0.0,0.0,0.0,473,Candidate process variable; association-based triage signal for engineering investigation priority that does not establish causality.,0.0,0.0,0.41403013182674203
sensor_529,0.0,0.0,0.0,0.0,no material signed shift,0.007989347536617843,0.0,0.0,0.0,474,Candidate process variable; association-based triage signal for engineering investigation priority that does not establish causality.,0.0,0.0,0.41403013182674203
sensor_530,0.0,0.0,0.0,0.0,no material signed shift,0.007989347536617843,0.0,0.0,0.0,475,Candidate process variable; association-based triage signal for engineering investigation priority that does not establish causality.,0.0,0.0,0.41403013182674203
sensor_531,0.0,0.0,0.0,0.0,no material signed shift,0.007989347536617843,0.0,0.0,0.0,476,Candidate process variable; association-based triage signal for engineering investigation priority that does not establish causality.,0.0,0.0,0.41403013182674203
sensor_532,0.0,0.0,0.0,0.0,no material signed shift,0.007989347536617843,0.0,0.0,0.0,477,Candidate process variable; association-based triage signal for engineering investigation priority that does not establish causality.,0.0,0.0,0.41403013182674203
sensor_533,0.0,0.0,0.0,0.0,no material signed shift,0.007989347536617843,0.0,0.0,0.0,478,Candidate process variable; association-based triage signal for engineering investigation priority that does not establish causality.,0.0,0.0,0.41403013182674203
sensor_534,0.0,0.0,0.0,0.0,no material signed shift,0.007989347536617843,0.0,0.0,0.0,479,Candidate process variable; association-based triage signal for engineering investigation priority that does not establish causality.,0.0,0.0,0.41403013182674203
sensor_535,0.0,0.0,0.0,0.0,no material signed shift,0.007989347536617843,0.0,0.0,0.0,480,Candidate process variable; association-based triage signal for engineering investigation priority that does not establish causality.,0.0,0.0,0.41403013182674203
sensor_536,0.0,0.0,0.0,0.0,no material signed shift,0.007989347536617843,0.0,0.0,0.0,481,Candidate process variable; association-based triage signal for engineering investigation priority that does not establish causality.,0.0,0.0,0.41403013182674203
sensor_537,0.0,0.0,0.0,0.0,no material signed shift,0.007989347536617843,0.0,0.0,0.0,482,Candidate process variable; association-based triage signal for engineering investigation priority that does not establish causality.,0.0,0.0,0.41403013182674203
sensor_538,0.0,0.0,0.0,0.0,no material signed shift,0.007989347536617843,0.0,0.0,0.0,483,Candidate process variable; association-based triage signal for engineering investigation priority that does not establish causality.,0.0,0.0,0.41403013182674203
sensor_286,0.0,0.0,0.0,-0.0951914886910382,lower among failures,0.0,0.052020944185972584,0.0,0.0,484,Candidate process variable; association-based triage signal for engineering investigation priority that does not establish causality.,0.0951914886910382,0.0,0.4134651600753296
sensor_424,0.0,0.0,0.0,-0.09621867333987245,lower among failures,0.0,0.04555678749714859,0.0,0.0,485,Candidate process variable; association-based triage signal for engineering investigation priority that does not establish causality.,0.09621867333987245,0.0,0.41290018832391717
sensor_427,0.0,0.0,0.0,0.018766855485036094,higher among failures,0.0,0.12602585662675536,0.0,0.0,486,Candidate process variable; association-based triage signal for engineering investigation priority that does not establish causality.,0.018766855485036094,0.0,0.4125235404896422
sensor_012,0.0,0.0,0.0,-0.043537884132518696,lower among failures,0.0,0.10577132216805218,0.0,0.0,487,Candidate process variable; association-based triage signal for engineering investigation priority that does not establish causality.,0.043537884132518696,0.0,0.4121468926553672
sensor_151,0.0,0.0,0.0,-0.09681172237046703,lower among failures,0.0,0.04023055580606999,0.0,0.0,488,Candidate process variable; association-based triage signal for engineering investigation priority that does not establish causality.,0.09681172237046703,0.0,0.4119585687382298
sensor_148,0.0,0.0,0.0,-0.029556401665626758,lower among failures,0.0,0.11752457546644318,0.0,0.0,489,Candidate process variable; association-based triage signal for engineering investigation priority that does not establish causality.,0.029556401665626758,0.0,0.4119585687382297
sensor_218,0.0,0.0,0.0,-0.08464674104942418,lower among failures,0.0,0.05858059108439742,0.0,0.0,490,Candidate process variable; association-based triage signal for engineering investigation priority that does not establish causality.,0.08464674104942418,0.0,0.4108286252354049
sensor_088,0.0,0.0,0.0,0.0691474849129029,higher among failures,0.0,0.07545848563137592,0.0,0.0,491,Candidate process variable; association-based triage signal for engineering investigation priority that does not establish causality.,0.0691474849129029,0.0,0.41026365348399246
sensor_291,0.0,0.0,0.0,-0.054236173498322195,lower among failures,0.0,0.09148757831523446,0.0,0.0,492,Candidate process variable; association-based triage signal for engineering investigation priority that does not establish causality.,0.054236173498322195,0.0,0.40969868173258006
sensor_363,0.0,0.0,0.0,0.036699246646459224,higher among failures,0.0,0.10926997734760024,0.0,0.0,493,Candidate process variable; association-based triage signal for engineering investigation priority that does not establish causality.,0.036699246646459224,0.0,0.40969868173258006
sensor_490,0.0,0.0,0.0,-0.06277219137053992,lower among failures,0.0,0.07950355701030759,0.0,0.0,494,Candidate process variable; association-based triage signal for engineering investigation priority that does not establish causality.,0.06277219137053992,0.0,0.40951035781544254
sensor_283,0.0,0.0,0.0,-0.036022467174522746,lower among failures,0.0,0.10363340247531849,0.0,0.0,495,Candidate process variable; association-based triage signal for engineering investigation priority that does not establish causality.,0.036022467174522746,0.0,0.40612052730696796
sensor_355,0.0,0.0,0.0,0.01667192398154215,higher among failures,0.0,0.11302062058026208,0.0,0.0,496,Candidate process variable; association-based triage signal for engineering investigation priority that does not establish causality.,0.01667192398154215,0.0,0.4044256120527307
sensor_522,0.0,0.0,0.0,0.04983442750329286,higher among failures,0.0,0.08066800706627553,0.0,0.0,497,Candidate process variable; association-based triage signal for engineering investigation priority that does not establish causality.,0.04983442750329286,0.0,0.4042372881355932
sensor_356,0.0,0.0,0.0,-0.06103431337696078,lower among failures,0.0,0.06672908897035026,0.0,0.0,498,Candidate process variable; association-based triage signal for engineering investigation priority that does not establish causality.,0.06103431337696078,0.0,0.40404896421845576
sensor_419,0.0,0.0,0.0,0.047436353935514576,higher among failures,0.0,0.08180593206402093,0.0,0.0,499,Candidate process variable; association-based triage signal for engineering investigation priority that does not establish causality.,0.047436353935514576,0.0,0.4036723163841808
sensor_289,0.0,0.0,0.0,0.0010643879220338234,higher among failures,0.0,0.12285080715752172,0.0,0.0,500,Candidate process variable; association-based triage signal for engineering investigation priority that does not establish causality.,0.0010643879220338234,0.0,0.4027306967984934
sensor_253,0.0,0.0,0.0,0.060844475835366084,higher among failures,0.0,0.061684022896430324,0.0,0.0,501,Candidate process variable; association-based triage signal for engineering investigation priority that does not establish causality.,0.060844475835366084,0.0,0.40235404896421845
sensor_418,0.0,0.0,0.0,-0.05950106779977682,lower among failures,0.0,0.06253547726537256,0.0,0.0,502,Candidate process variable; association-based triage signal for engineering investigation priority that does not establish causality.,0.05950106779977682,0.0,0.40235404896421845
sensor_081,0.0,0.0,0.0,0.0021175228906317317,higher among failures,0.0,0.11967310518246599,0.0,0.0,503,Candidate process variable; association-based triage signal for engineering investigation priority that does not establish causality.,0.0021175228906317317,0.0,0.40178907721280605
sensor_525,0.0,0.0,0.0,0.06163242478899668,higher among failures,0.0,0.05643206136837475,0.0,0.0,504,Candidate process variable; association-based triage signal for engineering investigation priority that does not establish causality.,0.06163242478899668,0.0,0.40084745762711865
sensor_224,0.0,0.0,0.0,0.0442728312394252,higher among failures,0.0,0.07413488522607303,0.0,0.0,505,Candidate process variable; association-based triage signal for engineering investigation priority that does not establish causality.,0.0442728312394252,0.0,0.40009416195856873
sensor_015,0.0,0.0,0.0,0.024692491049160076,higher among failures,0.0,0.0994769258518522,0.0,0.0,506,Candidate process variable; association-based triage signal for engineering investigation priority that does not establish causality.,0.024692491049160076,0.0,0.39934086629001886
sensor_217,0.0,0.0,0.0,0.021831760485466253,higher among failures,0.0,0.10051405562835203,0.0,0.0,507,Candidate process variable; association-based triage signal for engineering investigation priority that does not establish causality.,0.021831760485466253,0.0,0.39896421845574387
sensor_097,0.0,0.0,0.0,0.0,no material signed shift,0.005305011644500559,0.0,0.0,0.0,508,Candidate process variable; association-based triage signal for engineering investigation priority that does not establish causality.,0.0,0.0,0.3987758945386064
sensor_226,0.0,0.0,0.0,0.0,no material signed shift,0.005305011644500559,0.0,0.0,0.0,509,Candidate process variable; association-based triage signal for engineering investigation priority that does not establish causality.,0.0,0.0,0.3987758945386064
sensor_229,0.0,0.0,0.0,0.0,no material signed shift,0.005305011644500559,0.0,0.0,0.0,510,Candidate process variable; association-based triage signal for engineering investigation priority that does not establish causality.,0.0,0.0,0.3987758945386064
sensor_230,0.0,0.0,0.0,0.0,no material signed shift,0.005305011644500559,0.0,0.0,0.0,511,Candidate process variable; association-based triage signal for engineering investigation priority that does not establish causality.,0.0,0.0,0.3987758945386064
sensor_231,0.0,0.0,0.0,0.0,no material signed shift,0.005305011644500559,0.0,0.0,0.0,512,Candidate process variable; association-based triage signal for engineering investigation priority that does not establish causality.,0.0,0.0,0.3987758945386064
sensor_232,0.0,0.0,0.0,0.0,no material signed shift,0.005305011644500559,0.0,0.0,0.0,513,Candidate process variable; association-based triage signal for engineering investigation priority that does not establish causality.,0.0,0.0,0.3987758945386064
sensor_233,0.0,0.0,0.0,0.0,no material signed shift,0.005305011644500559,0.0,0.0,0.0,514,Candidate process variable; association-based triage signal for engineering investigation priority that does not establish causality.,0.0,0.0,0.3987758945386064
sensor_234,0.0,0.0,0.0,0.0,no material signed shift,0.005305011644500559,0.0,0.0,0.0,515,Candidate process variable; association-based triage signal for engineering investigation priority that does not establish causality.,0.0,0.0,0.3987758945386064
sensor_235,0.0,0.0,0.0,0.0,no material signed shift,0.005305011644500559,0.0,0.0,0.0,516,Candidate process variable; association-based triage signal for engineering investigation priority that does not establish causality.,0.0,0.0,0.3987758945386064
sensor_236,0.0,0.0,0.0,0.0,no material signed shift,0.005305011644500559,0.0,0.0,0.0,517,Candidate process variable; association-based triage signal for engineering investigation priority that does not establish causality.,0.0,0.0,0.3987758945386064
sensor_237,0.0,0.0,0.0,0.0,no material signed shift,0.005305011644500559,0.0,0.0,0.0,518,Candidate process variable; association-based triage signal for engineering investigation priority that does not establish causality.,0.0,0.0,0.3987758945386064
sensor_240,0.0,0.0,0.0,0.0,no material signed shift,0.005305011644500559,0.0,0.0,0.0,519,Candidate process variable; association-based triage signal for engineering investigation priority that does not establish causality.,0.0,0.0,0.3987758945386064
sensor_241,0.0,0.0,0.0,0.0,no material signed shift,0.005305011644500559,0.0,0.0,0.0,520,Candidate process variable; association-based triage signal for engineering investigation priority that does not establish causality.,0.0,0.0,0.3987758945386064
sensor_242,0.0,0.0,0.0,0.0,no material signed shift,0.005305011644500559,0.0,0.0,0.0,521,Candidate process variable; association-based triage signal for engineering investigation priority that does not establish causality.,0.0,0.0,0.3987758945386064
sensor_243,0.0,0.0,0.0,0.0,no material signed shift,0.005305011644500559,0.0,0.0,0.0,522,Candidate process variable; association-based triage signal for engineering investigation priority that does not establish causality.,0.0,0.0,0.3987758945386064
sensor_364,0.0,0.0,0.0,0.0,no material signed shift,0.005305011644500559,0.0,0.0,0.0,523,Candidate process variable; association-based triage signal for engineering investigation priority that does not establish causality.,0.0,0.0,0.3987758945386064
sensor_369,0.0,0.0,0.0,0.0,no material signed shift,0.005305011644500559,0.0,0.0,0.0,524,Candidate process variable; association-based triage signal for engineering investigation priority that does not establish causality.,0.0,0.0,0.3987758945386064
sensor_370,0.0,0.0,0.0,0.0,no material signed shift,0.005305011644500559,0.0,0.0,0.0,525,Candidate process variable; association-based triage signal for engineering investigation priority that does not establish causality.,0.0,0.0,0.3987758945386064
sensor_371,0.0,0.0,0.0,0.0,no material signed shift,0.005305011644500559,0.0,0.0,0.0,526,Candidate process variable; association-based triage signal for engineering investigation priority that does not establish causality.,0.0,0.0,0.3987758945386064
sensor_372,0.0,0.0,0.0,0.0,no material signed shift,0.005305011644500559,0.0,0.0,0.0,527,Candidate process variable; association-based triage signal for engineering investigation priority that does not establish causality.,0.0,0.0,0.3987758945386064
sensor_373,0.0,0.0,0.0,0.0,no material signed shift,0.005305011644500559,0.0,0.0,0.0,528,Candidate process variable; association-based triage signal for engineering investigation priority that does not establish causality.,0.0,0.0,0.3987758945386064
sensor_374,0.0,0.0,0.0,0.0,no material signed shift,0.005305011644500559,0.0,0.0,0.0,529,Candidate process variable; association-based triage signal for engineering investigation priority that does not establish causality.,0.0,0.0,0.3987758945386064
sensor_375,0.0,0.0,0.0,0.0,no material signed shift,0.005305011644500559,0.0,0.0,0.0,530,Candidate process variable; association-based triage signal for engineering investigation priority that does not establish causality.,0.0,0.0,0.3987758945386064
sensor_378,0.0,0.0,0.0,0.0,no material signed shift,0.005305011644500559,0.0,0.0,0.0,531,Candidate process variable; association-based triage signal for engineering investigation priority that does not establish causality.,0.0,0.0,0.3987758945386064
sensor_379,0.0,0.0,0.0,0.0,no material signed shift,0.005305011644500559,0.0,0.0,0.0,532,Candidate process variable; association-based triage signal for engineering investigation priority that does not establish causality.,0.0,0.0,0.3987758945386064
sensor_380,0.0,0.0,0.0,0.0,no material signed shift,0.005305011644500559,0.0,0.0,0.0,533,Candidate process variable; association-based triage signal for engineering investigation priority that does not establish causality.,0.0,0.0,0.3987758945386064
sensor_381,0.0,0.0,0.0,0.0,no material signed shift,0.005305011644500559,0.0,0.0,0.0,534,Candidate process variable; association-based triage signal for engineering investigation priority that does not establish causality.,0.0,0.0,0.3987758945386064
sensor_498,0.0,0.0,0.0,0.0,no material signed shift,0.005305011644500559,0.0,0.0,0.0,535,Candidate process variable; association-based triage signal for engineering investigation priority that does not establish causality.,0.0,0.0,0.3987758945386064
sensor_501,0.0,0.0,0.0,0.0,no material signed shift,0.005305011644500559,0.0,0.0,0.0,536,Candidate process variable; association-based triage signal for engineering investigation priority that does not establish causality.,0.0,0.0,0.3987758945386064
sensor_502,0.0,0.0,0.0,0.0,no material signed shift,0.005305011644500559,0.0,0.0,0.0,537,Candidate process variable; association-based triage signal for engineering investigation priority that does not establish causality.,0.0,0.0,0.3987758945386064
sensor_503,0.0,0.0,0.0,0.0,no material signed shift,0.005305011644500559,0.0,0.0,0.0,538,Candidate process variable; association-based triage signal for engineering investigation priority that does not establish causality.,0.0,0.0,0.3987758945386064
sensor_504,0.0,0.0,0.0,0.0,no material signed shift,0.005305011644500559,0.0,0.0,0.0,539,Candidate process variable; association-based triage signal for engineering investigation priority that does not establish causality.,0.0,0.0,0.3987758945386064
sensor_505,0.0,0.0,0.0,0.0,no material signed shift,0.005305011644500559,0.0,0.0,0.0,540,Candidate process variable; association-based triage signal for engineering investigation priority that does not establish causality.,0.0,0.0,0.3987758945386064
sensor_506,0.0,0.0,0.0,0.0,no material signed shift,0.005305011644500559,0.0,0.0,0.0,541,Candidate process variable; association-based triage signal for engineering investigation priority that does not establish causality.,0.0,0.0,0.3987758945386064
sensor_507,0.0,0.0,0.0,0.0,no material signed shift,0.005305011644500559,0.0,0.0,0.0,542,Candidate process variable; association-based triage signal for engineering investigation priority that does not establish causality.,0.0,0.0,0.3987758945386064
sensor_508,0.0,0.0,0.0,0.0,no material signed shift,0.005305011644500559,0.0,0.0,0.0,543,Candidate process variable; association-based triage signal for engineering investigation priority that does not establish causality.,0.0,0.0,0.3987758945386064
sensor_509,0.0,0.0,0.0,0.0,no material signed shift,0.005305011644500559,0.0,0.0,0.0,544,Candidate process variable; association-based triage signal for engineering investigation priority that does not establish causality.,0.0,0.0,0.3987758945386064
sensor_512,0.0,0.0,0.0,0.0,no material signed shift,0.005305011644500559,0.0,0.0,0.0,545,Candidate process variable; association-based triage signal for engineering investigation priority that does not establish causality.,0.0,0.0,0.3987758945386064
sensor_513,0.0,0.0,0.0,0.0,no material signed shift,0.005305011644500559,0.0,0.0,0.0,546,Candidate process variable; association-based triage signal for engineering investigation priority that does not establish causality.,0.0,0.0,0.3987758945386064
sensor_514,0.0,0.0,0.0,0.0,no material signed shift,0.005305011644500559,0.0,0.0,0.0,547,Candidate process variable; association-based triage signal for engineering investigation priority that does not establish causality.,0.0,0.0,0.3987758945386064
sensor_515,0.0,0.0,0.0,0.0,no material signed shift,0.005305011644500559,0.0,0.0,0.0,548,Candidate process variable; association-based triage signal for engineering investigation priority that does not establish causality.,0.0,0.0,0.3987758945386064
sensor_225,0.0,0.0,0.0,-0.0152024374403881,lower among failures,0.0,0.10110025941506928,0.0,0.0,549,Candidate process variable; association-based triage signal for engineering investigation priority that does not establish causality.,0.0152024374403881,0.0,0.3970809792843691
sensor_429,0.0,0.0,0.0,-0.04414431963909065,lower among failures,0.0,0.06350364189049396,0.0,0.0,550,Candidate process variable; association-based triage signal for engineering investigation priority that does not establish causality.,0.04414431963909065,0.0,0.3968926553672316
sensor_156,0.0,0.0,0.0,-0.04084581223807183,lower among failures,0.0,0.06949034753131289,0.0,0.0,551,Candidate process variable; association-based triage signal for engineering investigation priority that does not establish causality.,0.04084581223807183,0.0,0.3965160075329567
sensor_362,0.0,0.0,0.0,0.04292078157302146,higher among failures,0.0,0.06732855528617887,0.0,0.0,552,Candidate process variable; association-based triage signal for engineering investigation priority that does not establish causality.,0.04292078157302146,0.0,0.3965160075329567
sensor_496,0.0,0.0,0.0,-0.04482052132920777,lower among failures,0.0,0.051113787194763005,0.0,0.0,553,Candidate process variable; association-based triage signal for engineering investigation priority that does not establish causality.,0.04482052132920777,0.0,0.3931261770244821
sensor_391,0.0,0.0,0.0,0.028577848812895046,higher among failures,0.0,0.07772637810940003,0.0,0.0,554,Candidate process variable; association-based triage signal for engineering investigation priority that does not establish causality.,0.028577848812895046,0.0,0.39312617702448205
sensor_497,0.0,0.0,0.0,0.008191206384675262,higher among failures,0.0,0.10009761221425872,0.0,0.0,555,Candidate process variable; association-based triage signal for engineering investigation priority that does not establish causality.,0.008191206384675262,0.0,0.39256120527306965
sensor_001,0.0,0.0,0.0,-0.003468483513539874,lower among failures,0.0006498639264513181,0.050293357799937266,0.0,0.0,556,Candidate process variable; association-based triage signal for engineering investigation priority that does not establish causality.,0.003468483513539874,0.0,0.38785310734463274
sensor_250,0.0,0.0,0.0,0.01227530603511502,higher among failures,0.0,0.08244783847300541,0.0,0.0,557,Candidate process variable; association-based triage signal for engineering investigation priority that does not establish causality.,0.01227530603511502,0.0,0.38785310734463274
sensor_190,0.0,0.0,0.0,0.0,no material signed shift,0.0020026418957989614,0.0,0.0,0.0,558,Candidate process variable; association-based triage signal for engineering investigation priority that does not establish causality.,0.0,0.0,0.3874764595103578
sensor_191,0.0,0.0,0.0,0.0,no material signed shift,0.0020026418957989614,0.0,0.0,0.0,559,Candidate process variable; association-based triage signal for engineering investigation priority that does not establish causality.,0.0,0.0,0.3874764595103578
sensor_192,0.0,0.0,0.0,0.0,no material signed shift,0.0020026418957989614,0.0,0.0,0.0,560,Candidate process variable; association-based triage signal for engineering investigation priority that does not establish causality.,0.0,0.0,0.3874764595103578
sensor_193,0.0,0.0,0.0,0.0,no material signed shift,0.0020026418957989614,0.0,0.0,0.0,561,Candidate process variable; association-based triage signal for engineering investigation priority that does not establish causality.,0.0,0.0,0.3874764595103578
sensor_194,0.0,0.0,0.0,0.0,no material signed shift,0.0020026418957989614,0.0,0.0,0.0,562,Candidate process variable; association-based triage signal for engineering investigation priority that does not establish causality.,0.0,0.0,0.3874764595103578
sensor_326,0.0,0.0,0.0,0.0,no material signed shift,0.0020026418957989614,0.0,0.0,0.0,563,Candidate process variable; association-based triage signal for engineering investigation priority that does not establish causality.,0.0,0.0,0.3874764595103578
sensor_327,0.0,0.0,0.0,0.0,no material signed shift,0.0020026418957989614,0.0,0.0,0.0,564,Candidate process variable; association-based triage signal for engineering investigation priority that does not establish causality.,0.0,0.0,0.3874764595103578
sensor_328,0.0,0.0,0.0,0.0,no material signed shift,0.0020026418957989614,0.0,0.0,0.0,565,Candidate process variable; association-based triage signal for engineering investigation priority that does not establish causality.,0.0,0.0,0.3874764595103578
sensor_329,0.0,0.0,0.0,0.0,no material signed shift,0.0020026418957989614,0.0,0.0,0.0,566,Candidate process variable; association-based triage signal for engineering investigation priority that does not establish causality.,0.0,0.0,0.3874764595103578
sensor_330,0.0,0.0,0.0,0.0,no material signed shift,0.0020026418957989614,0.0,0.0,0.0,567,Candidate process variable; association-based triage signal for engineering investigation priority that does not establish causality.,0.0,0.0,0.3874764595103578
sensor_462,0.0,0.0,0.0,0.0,no material signed shift,0.0020026418957989614,0.0,0.0,0.0,568,Candidate process variable; association-based triage signal for engineering investigation priority that does not establish causality.,0.0,0.0,0.3874764595103578
sensor_463,0.0,0.0,0.0,0.0,no material signed shift,0.0020026418957989614,0.0,0.0,0.0,569,Candidate process variable; association-based triage signal for engineering investigation priority that does not establish causality.,0.0,0.0,0.3874764595103578
sensor_464,0.0,0.0,0.0,0.0,no material signed shift,0.0020026418957989614,0.0,0.0,0.0,570,Candidate process variable; association-based triage signal for engineering investigation priority that does not establish causality.,0.0,0.0,0.3874764595103578
sensor_465,0.0,0.0,0.0,0.0,no material signed shift,0.0020026418957989614,0.0,0.0,0.0,571,Candidate process variable; association-based triage signal for engineering investigation priority that does not establish causality.,0.0,0.0,0.3874764595103578
sensor_466,0.0,0.0,0.0,0.0,no material signed shift,0.0020026418957989614,0.0,0.0,0.0,572,Candidate process variable; association-based triage signal for engineering investigation priority that does not establish causality.,0.0,0.0,0.3874764595103578
sensor_482,0.0,0.0,0.0,-0.02427616655171774,lower among failures,0.0,0.06032859242126032,0.0,0.0,573,Candidate process variable; association-based triage signal for engineering investigation priority that does not establish causality.,0.02427616655171774,0.0,0.38540489642184556
sensor_120,0.0,0.0,0.0,-0.013115886179986571,lower among failures,0.0,0.048686744367403834,0.0,0.0,574,Candidate process variable; association-based triage signal for engineering investigation priority that does not establish causality.,0.013115886179986571,0.0,0.377683615819209
sensor_042,0.0,0.0,0.0,0.0,no material signed shift,0.0013315579227696406,0.0,0.0,0.0,575,Candidate process variable; association-based triage signal for engineering investigation priority that does not establish causality.,0.0,0.0,0.3761770244821092
sensor_049,0.0,0.0,0.0,0.0,no material signed shift,0.0013315579227696406,0.0,0.0,0.0,576,Candidate process variable; association-based triage signal for engineering investigation priority that does not establish causality.,0.0,0.0,0.3761770244821092
sensor_052,0.0,0.0,0.0,0.0,no material signed shift,0.0013315579227696406,0.0,0.0,0.0,577,Candidate process variable; association-based triage signal for engineering investigation priority that does not establish causality.,0.0,0.0,0.3761770244821092
sensor_179,0.0,0.0,0.0,0.0,no material signed shift,0.0013315579227696406,0.0,0.0,0.0,578,Candidate process variable; association-based triage signal for engineering investigation priority that does not establish causality.,0.0,0.0,0.3761770244821092
sensor_186,0.0,0.0,0.0,0.0,no material signed shift,0.0013315579227696406,0.0,0.0,0.0,579,Candidate process variable; association-based triage signal for engineering investigation priority that does not establish causality.,0.0,0.0,0.3761770244821092
sensor_189,0.0,0.0,0.0,0.0,no material signed shift,0.0013315579227696406,0.0,0.0,0.0,580,Candidate process variable; association-based triage signal for engineering investigation priority that does not establish causality.,0.0,0.0,0.3761770244821092
sensor_315,0.0,0.0,0.0,0.0,no material signed shift,0.0013315579227696406,0.0,0.0,0.0,581,Candidate process variable; association-based triage signal for engineering investigation priority that does not establish causality.,0.0,0.0,0.3761770244821092
sensor_322,0.0,0.0,0.0,0.0,no material signed shift,0.0013315579227696406,0.0,0.0,0.0,582,Candidate process variable; association-based triage signal for engineering investigation priority that does not establish causality.,0.0,0.0,0.3761770244821092
sensor_325,0.0,0.0,0.0,0.0,no material signed shift,0.0013315579227696406,0.0,0.0,0.0,583,Candidate process variable; association-based triage signal for engineering investigation priority that does not establish causality.,0.0,0.0,0.3761770244821092
sensor_451,0.0,0.0,0.0,0.0,no material signed shift,0.0013315579227696406,0.0,0.0,0.0,584,Candidate process variable; association-based triage signal for engineering investigation priority that does not establish causality.,0.0,0.0,0.3761770244821092
sensor_458,0.0,0.0,0.0,0.0,no material signed shift,0.0013315579227696406,0.0,0.0,0.0,585,Candidate process variable; association-based triage signal for engineering investigation priority that does not establish causality.,0.0,0.0,0.3761770244821092
sensor_461,0.0,0.0,0.0,0.0,no material signed shift,0.0013315579227696406,0.0,0.0,0.0,586,Candidate process variable; association-based triage signal for engineering investigation priority that does not establish causality.,0.0,0.0,0.3761770244821092
sensor_013,0.0,0.0,0.0,0.0,no material signed shift,0.0,0.0,0.0,0.0,587,Candidate process variable; association-based triage signal for engineering investigation priority that does not establish causality.,0.0,0.0,0.3449152542372882
sensor_149,0.0,0.0,0.0,0.0,no material signed shift,0.0,0.0,0.0,0.0,588,Candidate process variable; association-based triage signal for engineering investigation priority that does not establish causality.,0.0,0.0,0.3449152542372882
sensor_284,0.0,0.0,0.0,0.0,no material signed shift,0.0,0.0,0.0,0.0,589,Candidate process variable; association-based triage signal for engineering investigation priority that does not establish causality.,0.0,0.0,0.3449152542372882
sensor_422,0.0,0.0,0.0,0.0,no material signed shift,0.0,0.0,0.0,0.0,590,Candidate process variable; association-based triage signal for engineering investigation priority that does not establish causality.,0.0,0.0,0.3449152542372882
