run_id,sensor_556,sensor_550,sensor_285,sensor_542,sensor_553,sensor_345,sensor_021,sensor_014,sensor_030,sensor_025,sensor_029,sensor_150,sensor_059,sensor_549,sensor_543
0,0.013374094940606611,6.0249228031916085e-06,0.00018681315671321028,0.0002950978438942769,0.009136464192720982,0.03230457746437238,0.0011880871442675525,0.02553197436382102,0.034700303467022596,0.005723459280873496,0.018795067331487895,0.019499233830933296,0.031937396137754655,0.0011562155114027653,0.00015944215372815305
1,0.0003126120622543001,0.0008909203740980473,0.008862020016417,3.26746456250602e-05,0.000620258535033691,0.009647378423215718,0.005658776613256474,0.11377598542147067,0.11317857777590755,0.012138215418058039,0.08934372536473417,0.039267831652869706,0.007498038493163335,0.0009060143689187212,0.0011239251178565576
2,5.818556958722675e-06,0.0004732377330067464,0.06452901273596459,0.004464356060079614,0.004424367176160533,0.39883272127364533,0.013399451092130473,0.24746332033866963,0.11308485269406345,0.025442762909743254,0.04600477243779965,0.06303077588885424,0.43876202120756563,0.0030297031539617716,0.0008321835480344143
3,0.36435512184952196,0.008919369676365347,0.0018888423444303106,0.0002879984836004136,0.24477152065193103,0.02127219002057949,0.0006360714792580772,0.01856690654686677,1.8823443093251068e-05,0.0005592848176373058,0.001398132744482773,0.004367056107934369,0.021707334207827035,0.001469715041495703,1.7107491321732323e-05
4,0.009207602510597221,0.011813430362091927,0.09404332927810337,0.008328992028626664,0.08142941562765192,0.7542373392694459,0.0017517139906439482,0.00955441907033232,0.07844068535027317,0.02854135993988917,0.007549681412226694,0.017860055214376187,0.8155796878004672,0.010656827804159795,0.00034643691605275236
5,0.0018133181117085165,0.0002821489602676786,0.04259202794954141,0.016022814991304955,0.0013195036557940793,1.2720901016234856,0.029906328329730864,0.01568544401144632,0.08735928940105105,0.0006756542883697023,0.29578904216252033,0.0003446865468398989,1.4238766609929616,0.02042343312517377,0.0028291539483682212
6,0.027045105352700348,0.01247945811700864,0.00014751648889552556,0.00034529890029591026,0.0674257129748793,0.0418891240666542,0.02512372566143143,0.042802308187041484,0.2067058661793954,0.02391055527829604,0.17286083222295595,0.03605002048520312,0.042322993287581843,0.0004120135560164522,5.282581683965733e-05
7,0.0052880563182975855,0.005879478570979868,0.11803257241657437,0.006092571608493279,0.06599076914521566,0.6069819102729825,0.0085977688103884,1.2034727906554494,0.04102752157964555,0.01865928885284773,0.0002768589722542033,0.3089356047545302,0.627537781109859,0.023621567997743616,0.0029072644124936483
8,0.0017551894625619118,0.0009601152681250522,0.16898310284549678,0.006850521672251235,0.0014841980065501761,0.49966517211472866,0.0009479509254862764,0.8675365971319423,0.03850790666218038,0.00011322843031630435,0.09996721718622269,0.2398777265507038,0.5845400330639995,0.0021503559752779223,0.006855873113599224
9,0.009169029937794072,1.3571343457260273e-05,0.11082272496892988,0.007994813910618037,0.03150943140410317,0.6695148997692353,0.014607949763183166,0.028583003499568792,0.017229848771103687,0.002313479361844626,0.10654758733570115,0.16170113157579202,0.7303447343677958,0.013138923024149417,0.0006523331090257758
10,0.00021805174446673842,0.0022513218374510015,0.0023502859476076192,0.0044283705664781865,0.0120848735082636,0.36345356019132874,0.00010601184470744684,0.08995761851175299,0.00027294473556136584,0.003346209103711261,0.010368133170528761,0.14228204880500553,0.41175685902457976,0.003678809384303059,0.0007584725585531908
11,0.002942834311017012,0.018269109586351417,0.04862738692887629,0.010358380504935191,0.014303311628690104,0.8213358853054828,0.006968550236092474,0.12202887543835095,0.020364939484024867,0.002382716120499912,0.11059066942955152,0.03272688879330819,0.9232228822052455,0.01093626032624978,0.0026685598456332033
12,0.01465160201439472,0.008397714479581452,0.016241639594798893,0.0023216954260727534,0.027903413763399856,0.19296265906046847,0.007057029611642277,0.060901821808538634,0.00609614586326303,0.00048177068416281615,0.03485745375615391,0.0023920917442997744,0.2105602136666134,0.0055622640328248695,2.4943419144501093e-07
13,4.4851349873801305e-05,0.006370485721111115,0.05946611571814852,0.0005150800840304524,0.018353624646091728,0.0747160201719223,0.004002093335098296,0.3777748651472112,0.17251743592152258,0.021986317214503167,0.1083019042216105,0.07692329459086587,0.06996559427402475,0.004059716096058839,0.0025573301875445927
14,0.012863853932175684,0.0001466747831352768,0.024452349025301325,0.00036460450746249155,0.017489720028541617,0.03222254613719623,0.006104778640172225,0.17167015651483133,0.02241614506801244,0.0034129770046862433,0.01623607332321692,0.05329066194133741,0.03717527302963839,2.2473031414825232e-06,0.0004367614603396739
15,0.004604284382261103,0.00032403610801734755,0.30674840095022465,0.0017037915966532974,0.006288131412497169,0.10134753314897971,7.965170357986309e-07,1.2353980142100192,0.05804998886180692,0.0016594190649236852,0.07136653188536554,0.21999575004386684,0.12989267075492686,0.00026993757221358157,0.007706344749771995
16,0.010099741205773564,0.017139970841020695,0.1555635197023917,0.0037582473643407647,0.02496408756419625,0.3173118638493296,0.04553691522639878,0.7515182525324982,0.06549340011490198,0.00030388688510370334,0.17375619988112986,0.10314085893301789,0.34022006699402185,0.015216482561581994,0.000648903317548193
17,0.0008749653123916564,0.0007603270564898021,0.012491144962694904,0.001331075853772413,1.97293298093737e-05,0.15588921999860478,0.008165251434389566,0.1478648485860024,0.21024655069107676,0.030549389920172938,0.12442121615155831,0.03737900368437767,0.15516235475357595,0.005013206304795728,0.001243441696161388
18,0.008307113069590283,0.005649491070628669,0.0014670174175627725,0.0006069908067200588,0.02070578789877478,0.05002964273297992,0.0018956139033503056,0.015124777201493675,0.001779306114689735,0.0001816944394346273,0.009931869103357454,0.015993688615455123,0.053733540843525225,0.001567498339672275,5.711452653832618e-06
19,0.004228318898059694,0.011211026349120329,0.06494857911190564,0.004702553312647787,0.045216326792893995,0.36026094016173843,0.004499865020221703,0.165767190516609,0.03331643348676779,1.2315595741239624e-05,0.08961735369121984,0.028636330599314648,0.4130909975007657,0.002938703417053607,0.0024724942096059355
20,0.00021414308762278481,0.004180161809955894,0.17219169736566947,1.2244529762411524e-05,0.010542745902604034,0.0005786494987127898,0.028948037190673178,0.8667458241850333,0.05927645233751996,0.005455650152305604,0.07517772035102571,0.17240255708537955,0.0011763851148553616,0.001901714555660295,0.0019489213878172461
21,0.019518533325058013,0.0004095188187627065,0.02228238493841257,0.0009104513424427338,0.04511847530042509,0.11529116152449113,0.003232472125524102,0.28322772012136926,0.1493166484437405,0.021339367694231847,0.08307330668400748,0.08503111215362559,0.11287100965141884,0.004424993506918224,0.0017054350113378583
22,0.00020449179526167943,1.1206899933373312e-06,0.00398009504582118,0.0032136051587141963,0.0016040977008957202,0.30225091044806407,0.0015827805101708517,0.005412391449405464,0.06575482215377221,0.017033906730236022,0.016575912481410764,0.005608314747417608,0.32211423319652077,0.005616505280858586,3.4674082308464375e-06
23,2.7800370642597317e-05,0.005715545357839487,0.1828065334056621,0.0015182004422330557,0.0074505306636754014,0.09081193622151065,1.696760748473868e-05,1.0206236033365825,0.041702230545363796,0.0009780176908007548,0.05314612901094104,0.2528783950078194,0.11580755614133167,0.00010477413453514286,0.006036441768477736
24,5.869427775936739e-05,0.004806290626832534,0.04473957359427106,0.00035289129990813953,0.012979300976472112,0.044637120687136635,7.099143455422423e-05,0.23601216422820429,0.04224467463105222,0.006437103879465493,0.0193530387346149,0.040132031528369735,0.043223100626227,0.002490010734527284,0.001177898646881307
25,0.0027923979343792487,0.01661625117637088,0.027946622755743545,0.0015699085133362494,0.019497071229983523,0.1413058476619136,0.0013150095694947092,0.06935815724958372,0.002703620874839281,0.0027738581735626358,0.0018254828994306513,0.0009285062398630991,0.15136831250436278,0.004326243101492236,0.00010724082867686236
26,0.00021419254580483363,0.0004206070243826614,0.002346069985405531,0.0025163217320732347,0.00033241938552942645,0.2326623476749118,0.0004025485497811392,0.07129700893701882,0.014680449655269904,0.007084435233733338,1.8753647348584682e-06,0.02012621771550053,0.24752001012130231,0.005908067881330829,7.792037620801225e-05
27,0.011929585841038344,6.771706792823404e-07,0.018647709739369727,0.0026470258220047684,0.02768394068835719,0.23195042290864945,0.010764088550897047,0.17302790790342898,0.007114945461069888,0.00045965200774313546,0.04327243382254681,0.03415855502354936,0.2511556749368381,0.006659183742262301,6.372017029373313e-05
28,0.0036195621845975584,0.0022954276960259873,0.02517515764945391,0.000982247327260291,0.002213094838440534,0.08101915532687581,0.011973201599080299,0.12049824172139977,0.02606371873833278,0.0004046716260816313,0.056704022227826244,0.014676828709118359,0.08877324055479116,0.0029998672566796444,3.452369684796947e-05
29,7.397275527993091e-05,8.011772999975667e-05,0.006240572037590242,0.001945140370090572,0.001732883128427938,0.1545716130993101,0.01505645717620857,0.06375275389776441,0.041207974274166816,0.0004278940399948985,0.09039572299079722,0.011182722289633799,0.17141935612898143,0.004193780840882514,2.9054005845863e-05
30,0.003634216658147236,0.013768747341881457,0.07277711058778065,0.012164646600858794,0.0030639544763282085,1.161562733893042,4.933242038397887e-05,0.4061403076957123,0.18977564999984134,0.05494364490533528,0.028160492191798284,0.03691200387408302,1.228058446042562,0.030548998018262215,0.0011361593694650834
31,0.01188631256252764,0.01187568437097925,9.40619933789302e-05,0.001089613249404711,0.0368331101220584,0.0957026804251414,0.0007318861785126158,0.007397207945889423,0.01576198682998641,0.004710612847677043,0.0034576650648352903,0.009314941694615981,0.10401971881720404,0.0016034751556398812,3.3330839708725216e-05
32,0.012359040839993085,0.012862783950255918,0.0008633932740370112,0.002065388989582473,0.06529948585801568,0.17171112394726581,0.000219740476186498,0.10015320583432766,0.0017500680536041504,0.0021687550101502774,0.0011617615192736689,0.08734750477606251,0.1960416817816018,0.0010177761939487292,0.0005859772863848747
33,0.05178489190557292,0.037150738223995665,2.2995056453469627e-06,0.00044854313565527746,0.14862621506637852,0.0515494140695799,6.006577712794455e-05,0.2424584930890347,0.046411054507913274,0.00916291763434033,0.018941137500589268,0.17739235562966332,0.047614508217425466,0.004132897338644202,0.0008772768207170387
34,0.004803734754859006,0.0067080174049476025,0.003636695614701769,0.0028721543666208015,0.04081925489566191,0.21766999186257938,0.04670966858910922,0.16664743448237723,0.17576941751382588,0.005904736259082259,0.29099858677937235,0.06480394266902346,0.2439106008933791,0.006397834567125625,0.00011389215741173381
35,0.01982777045701608,0.010888395736826173,0.0526528964773805,0.0030609716555210424,0.046441592311710626,0.24251120577058927,0.0007586849374239434,0.24042035035719564,0.0029030483770906565,0.00438694100181075,0.0014551997267588468,0.06509905624181239,0.273796529283471,0.001953868880291649,0.001519576683260728
36,0.0069086566705506315,0.005255586710095231,0.0028519382875682574,1.8446263929958345e-06,0.023406942631608238,0.0013726788555348355,0.012361480402706765,0.01256724210978905,0.09257180638545161,0.00897541014274266,0.08914605450389682,0.002321371780330775,0.0009870639033524261,2.3473888170434034e-06,5.742061458373104e-05
37,0.00011172219285146985,0.0018298910706740922,0.0342992788544832,0.0009788392791217045,0.010117557071834388,0.10346813226147279,0.0005144997045856875,0.2732200658790762,0.02220399211540666,0.005702067901862741,0.0031065407712693024,0.061755117995398304,0.10504639597766718,0.004485162548427635,0.0009011756559672859
38,0.0037714821459612392,0.10804047691462461,0.05958417812721429,0.0020015333078875737,0.10337081351260298,0.18048186251453832,0.006714158250844948,0.20124980630770845,0.0006300031763109518,0.0009181560854237091,0.01811149019369552,0.012362580580661102,0.19441735832302168,0.005254188712068104,0.0002720299321992947
39,0.01643482624938287,0.009826592046330221,0.08838717409927656,0.009087977108924767,0.014072898377618595,0.8781293008580032,0.00021910756644040325,0.39257483439073815,0.18126620014834102,0.04753919432607657,0.036070298849396935,0.028647273861011634,0.923522911924983,0.024687084157560983,0.001344831913130923
40,0.0038357923549600134,1.5850288691827248e-07,0.1783460820330953,0.0019043733534638185,7.917214480538916e-05,0.21139182063010048,2.6960100753750516e-05,0.6706583769173685,0.09932177897250716,0.018743927182445733,0.0323966046948073,0.06868150967492682,0.21206943660282482,0.010323387896265176,0.0030423935995298624
41,0.00013791654016607983,0.00026672649498343885,0.0077990829334779604,0.000460297886279299,6.614348654777384e-05,0.0513260325211018,0.01327710682300004,0.024510774595616056,0.11757490748618797,0.015120201039674902,0.08845107083774957,0.005230803919933641,0.053190412450249976,0.0004362915375544121,4.036978064591494e-06
42,3.1118228499955654e-05,0.0015729666414771506,0.3471113532014408,0.00036309796879615007,0.0015321590220623836,0.0355001087365525,0.04581371590766472,0.7760592678795811,0.17676822285458468,0.021150433882542872,0.16723200753040585,0.044773666312959357,0.03923267075666354,0.0004203561382231749,0.0016519309811616274
43,0.004339666070313873,0.0010004509077944457,0.03408492364235597,0.004291656102064462,0.0007297971179574516,0.3970050004744529,0.0005867243774612691,0.13492031001108062,0.029034948854801085,0.012482640048923126,0.00022001608589130857,0.006441550725447818,0.42354536559202316,0.010410811812816657,0.00024970884268383093
44,6.233657964178307e-05,0.003778345768557567,0.05095891517432483,1.5968687591626113e-05,0.006438031073297502,6.575530133590302e-05,0.04128389202975797,0.24952981610108754,0.20595520414608232,0.017610854780435597,0.2246261867272909,0.04674409474428332,0.00017054189105515248,0.0007113760735017601,4.8212218644699803e-05
45,0.009624283945780328,0.015547959502865282,0.10930682258430303,6.566455986129448e-05,0.05640483094612302,0.00301782872197668,0.005333547156051337,0.3915074365215555,0.0028609511552582434,0.0005953904960614836,0.004043497684434935,0.05315417306316107,0.004262157967897607,0.0003946777172670948,0.0014024187464448587
46,0.011848033422082108,0.01884775754712025,0.017596962036333576,6.193015689342522e-05,0.07216887010699001,0.0027355919951429584,0.02187873731885638,0.9246066346764963,0.032149783168737685,0.0028395325026486762,0.0437952592992542,0.5304752704526202,0.004962852557476062,0.001505786443291553,0.0018703547226249966
47,0.021397572561931703,0.011078393280301382,0.3100175840892537,0.003070635063997319,0.03178990211383329,0.2567499398457379,0.06436747276260475,1.1216260178050947,0.11006480808793138,0.0021419071073609935,0.23652050734154675,0.11227331984134509,0.2742573849152822,0.015956697134223416,0.0013154772749494601
48,1.6481423764240743e-05,7.129134533112248e-05,0.004141439071323016,0.0092418668435037,0.006935092939107771,0.9198047631537551,0.03543273558273177,0.001265231651352034,0.561356086529665,0.09807107382768825,0.2857939198788954,0.0036595483906442976,0.9729598737013363,0.014504078745385203,0.0001296535279732033
49,0.016808092023625074,0.011673744261701261,0.21202758642641828,0.005011669601662961,0.020108271730737197,0.4768047134985761,0.019345757428513424,1.2288542661586737,0.0032312239071272324,0.007709212879692781,0.02061229585244579,0.21063281982667983,0.49427897729366066,0.02295531354941516,0.002674924831538368
50,0.0008640879842277654,0.0009256065363499167,0.026822602827189342,0.009381148512962404,0.002468484298052147,0.8783177495743743,0.0039208163168841315,0.5147583904246011,0.04916307888300256,0.025605077112457564,0.000369374797583932,0.1466039470249598,0.9279061149613012,0.025425190252172065,0.0007808685508206845
51,0.00012737612243990303,9.145479348072918e-05,0.07350774010415848,0.0010732044007030054,0.002627513598618167,0.08995470439325372,0.004238389610306685,0.02558504104721654,0.006693885914933049,0.00015372079050737103,0.0258556821428252,0.1479125512054862,0.09560618917159207,0.0023401133086288083,9.214168117457287e-05
52,0.0008858010487862905,0.0018349182644329819,0.22372919126855587,0.0004570587080650908,0.006074368038575155,0.0366357548584663,0.02137649765514919,0.689866575411705,0.05643987479601702,0.008209929424461077,0.050741463252130144,0.08073489967161394,0.04280341163460068,0.0002690911683012113,0.0020085307485774415
53,1.1656508574930302e-06,2.0998497449451366e-05,0.1365425733253297,0.0004884638286096703,3.620491102518791e-06,0.036829807876588745,0.0038991054131671463,0.30006876215133627,0.004999657295253546,0.0017312165486272502,0.0022531261353203763,0.018691321258392363,0.04292429077499433,7.520145989989769e-06,0.0013524517000559216
54,0.013215812219470402,0.00573278696460697,0.13336283550400221,0.002098925952385689,0.061889970279358164,0.1921746851437182,0.010370395801318728,0.3101649244793481,0.002429054805292294,0.0005326557720813706,0.027368332969304323,0.0072323822850782924,0.2072892711189485,0.006504605899793974,0.0005325354415016532
55,0.0048163558897003685,0.0007808240888709003,0.02088406587416222,0.0034307246582647166,0.00028012816824483065,0.28996209281292845,0.01084309041466699,0.11051848017433898,0.008814827488326826,0.0006437774788590518,0.05155943053661831,0.009476498649896917,0.31636853503311857,0.007784937381730014,4.20579190661892e-06
56,0.023297512095625385,0.0007000074921020751,0.13370105206040628,0.007594404018217072,0.006050300708053851,0.6953466251823096,0.0124154684966083,0.6729614262158904,0.007677133950907913,0.01190607155017942,0.017462709622016414,0.0797556862664674,0.7372033801211435,0.023701799090313287,0.0011104798931338392
57,0.003751685883816627,0.004241154588756964,0.06407965718988964,0.005495835926818379,0.0063428907151947276,0.4310238839781067,0.0019993636272311877,0.1470365231365527,0.008829531775095639,0.001503883248044651,0.051457649269910366,0.02359953964098138,0.4864671734791876,0.00476766360527208,0.0020762342370235242
58,0.028692116730996337,0.008221888329178294,0.010103543617369622,0.0013573106732643321,0.08760052952796847,0.10416653091576701,0.022481989718147008,0.07315477986729933,0.08810547645946781,0.003449962686883684,0.14227964336634863,0.01114154987820626,0.1182937214356348,0.002586862888136384,4.738494740995632e-05
59,1.9975782038804744e-07,9.863539305487828e-06,0.1592508701322554,0.00020682735413013017,0.00019505374833192547,0.015605049461548929,0.020424187246312307,0.701469320301666,0.044416369734393314,0.005439629494607712,0.046434190432268464,0.12845025030325657,0.01945772731992794,0.0007385021345999728,0.0018646477646442792
60,0.0022063228929943258,0.008812460583607552,0.38205216562275685,0.00012582439509383663,0.0077869112049292226,0.023836892233978134,0.010145235390380397,1.6017146490439294,0.009091024757674116,0.0019610474259291783,0.00010157472493118279,0.24428480727800367,0.018962428655178904,0.007609371023045772,0.00610093578047484
61,0.0013479477139731859,0.003511596895199079,0.030812173463030907,2.5490057190822945e-06,0.0007582128035778854,2.2626127078457097e-06,0.010786905728183619,0.062369296561448,0.05490453932672425,0.004923486814689003,0.05858919882385941,0.0020918656387359357,3.2468397402558236e-06,0.0001622321977750321,2.162641875437594e-05
62,0.009799206299647619,0.0037542980027793133,0.09480764294463914,0.0041221318489721446,0.016102122229705067,0.30693315660911047,0.002652956349180771,0.2296610922628028,0.026379141978074044,9.12716072712525e-05,0.07233694595254073,0.030231964497981233,0.35159641786385093,0.002700704095455822,0.002764849376682168
63,0.0005731627415107434,0.00021706799870939547,0.0003674500698041261,0.0007175114891232469,0.0009131137595943039,0.07332131266963195,0.001539187480257267,0.22700327853426508,0.005942214026070665,0.00286742008068574,3.539459454851808e-05,0.1437657364858351,0.07332273579079937,0.003636241388392582,0.0004618472265909114
64,0.000863446453597477,1.2378692715657859e-06,0.3288022664493015,0.0006186882075371247,0.0018142220200741594,0.03395524259552152,0.0007146548764204433,0.7926176807605013,0.01717502795944609,0.00028855866133383043,0.01946875401311771,0.05638558401068721,0.04405300959127433,0.0003866097079643358,0.004692220583159399
65,1.0770303637981124e-05,7.588628563884331e-06,0.044687940926019014,0.0028700382823278634,0.0012463273834562743,0.2519703120844579,0.0014658907111247154,0.044470245538485276,0.026178068571736286,0.009660188162710448,0.0031391667341207547,0.0006567317763459269,0.2752912140866958,0.002959402766042738,0.0003724329516724703
66,0.0030845730665577044,0.008707068642654782,0.11488372460425839,0.003638866722123439,0.02981439273150423,0.2868108491002618,0.007898236448555748,0.872025932545502,0.012772248180988157,0.006466639226141966,0.0011226847788299345,0.2993233287405042,0.333988581979704,0.000313626844378621,0.003768285716420306
67,0.004071933912503913,0.0039941785014185925,0.23646827473633222,0.0006794719747306841,0.022598054434220492,0.027113919524257134,0.00028417952103484506,1.2729140347171986,0.1073045985167822,0.006371736993093185,0.10170392120482184,0.2869469627458055,0.04073530459276506,0.0010498652078243958,0.007719478706531206
68,0.004474965809485054,0.008254460568964702,0.0050519636413208415,0.0002543752100111261,0.00027082976774340747,0.014459831158394384,0.0020079556117635357,0.41081871433560574,0.0004738223364818899,8.353332484138523e-09,0.0003492777435535515,0.26310104580533866,0.02007990902597114,0.0003362582019373165,0.0014086338849970384
69,0.0019940987395621313,0.0016922171072562158,0.0008479320574460827,8.005292796801115e-05,0.0009206240517504123,0.017545433761590817,0.00044393927751461553,0.4164565096069215,0.07320645407808235,0.009715607283982996,0.0440782328246819,0.28572020770818096,0.013413663714223763,0.0025550136137143823,0.0018699039608187685
70,0.006869028151455646,0.00920900102997346,0.0994048404119158,0.002718523557948845,0.06445119163970565,0.2718434785335165,0.006775103662951091,0.6867641528570374,0.010351159530661362,0.006341573723696395,0.0022355094547209125,0.13695973767044686,0.2814573895354879,0.011207627066611712,0.0016873017703616616
71,0.0028431745818197356,0.0012339096350875948,0.0013214996386394207,0.006123276983219377,9.356425652573353e-07,0.6059917421958835,0.0021428824895106027,0.21095172405944201,0.18837923144056723,0.043034256422293415,0.05653853050986737,0.08842513012499836,0.6312939337543929,0.015789537651307535,0.0007143253672872506
72,0.0029119677943424994,0.00220939910853941,0.008909966507301003,0.0018982260222053626,0.005138800990835437,0.1585907917597937,0.0005765807683726676,0.06776449039143408,0.007298633039751865,0.004093747136155838,4.522928388546424e-05,0.031217351795262735,0.1768627753994715,0.0016174681626634827,0.00041990713269033167
73,0.0020995932863035697,0.006994145766560671,0.07451237978035004,0.003642928763322649,0.04326399608652215,0.33241485751386074,0.02601580448717503,0.7651490405469613,0.01079983233657812,0.0007166075071862346,0.07185740929029172,0.20033734627387473,0.35079283972290526,0.013806799841454935,0.0009395545813509356
74,0.00019783933013940415,0.0003569666820934687,0.5084953053288608,0.004641100338394631,0.005126692516603246,0.49351830214537856,0.0016376546994523932,1.3730077450003453,0.13201467538620112,0.029307394626470317,0.02643007785676415,0.06787017335181124,0.5048196471943611,0.022389630281054066,0.005766592827649504
75,0.006071448755735533,8.233566564149065e-05,0.003437921219048234,0.002825719172753804,0.013376837238161231,0.24530870512351224,0.0006429042236290962,0.00038545804604746454,0.0014141359401212022,0.0035017386673243606,0.005501648233849386,0.0006999130150151263,0.2687925873099256,0.004061378782239383,0.00010814317329529306
76,0.004502222527374863,0.00011714704501536223,0.21501535839536373,0.003952850721263688,0.00030059723579601726,0.4287508658287321,4.1031206329920215e-07,1.0242338662715915,0.18384214113255745,0.03622622949836522,0.058226039109430666,0.1397163419666099,0.4330296107016987,0.018747633637241065,0.004452326716253625
77,4.166942262260754e-06,0.0021823286541722167,0.24143188994062517,0.00019217659121629856,8.77612892920255e-05,0.03464789343231858,0.010190763470359772,1.7979984264482298,0.014611647384835063,0.0032839811869949105,0.000540106250058131,0.4695540719293083,0.027822582362728897,0.008788489090725124,0.0063265374352219714
78,0.0001780009886717736,0.0023293808432248643,0.005501552682200676,0.0014773530674563314,0.0029135225022117266,0.05832125765791736,0.14295830215953984,0.0024334721313240327,1.1384376644116943,0.0827712356023485,1.2490002061919403,5.976232289884356e-06,0.08067628799859788,0.0011603514767310479,0.004083622762562178
79,6.153473001063843e-05,0.0029961903995845253,0.19256459212988672,0.004115717525046872,0.005643460768774396,0.3454098327252606,0.025600160673627904,0.9934724437944441,0.09996671061203982,0.021871551655496195,0.0506476985591842,0.25690733606469524,0.3923199066051439,0.0005375126544526587,0.0033478396211061644
80,0.0025161143835972215,0.017877819465754233,0.021040014364257544,2.039972995166426e-06,0.028840827316724472,0.00023513786441455153,0.0002579985630949188,0.1598016519062693,0.02714018682823445,0.0028071624492801667,0.02043909571173415,0.044558335333138,9.657853442890034e-06,0.0006755824578494166,0.0009644771758022869
81,0.002604493647934332,0.000490732334807978,0.06542441821621794,0.0006422074389763865,0.013044326143670069,0.07012858657794539,0.00035861427384734367,0.23163790922317992,0.018469713589032478,0.004070593156262048,0.0034462970320427444,0.021367564318808593,0.07133943782448605,0.003204629050935097,0.0009178663533769751
82,0.0018562824250045824,0.005179425251158099,0.15593578629267552,0.0004733871237598144,0.003914246569915571,0.06370286560184875,0.001013946864176069,0.8366821292952009,0.04813420975441053,0.00828299572474505,0.015638549804387315,0.1566630750729449,0.05870803902943321,0.006611786812215342,0.003534822500054369
83,0.032513254235887856,0.022966581758295614,0.017828208402031073,0.008756102978884711,0.055675756620788754,0.8047022654732566,0.0001309073610619912,0.16788244144841158,0.07889644319397746,0.03040364275934202,0.0037194910188770355,0.020807026361456506,0.856091685034925,0.02073137870682599,0.00024753824860695783
84,0.0024308774372671363,0.003343042927117645,0.007466219705613418,2.7009751427793413e-05,0.010951373207300021,0.0005867841768675299,0.0045522124416209776,0.007841189611041818,0.04780172501036758,0.0038588771761701645,0.048410084075296254,1.5658944613990315e-05,0.001086718874939039,7.882372199383132e-06,0.0003220142941913446
85,0.014140317914767046,0.01811033230494491,0.1963709565348972,0.002291783214614758,0.055670255581359594,0.20470392971124615,0.0471908779512006,0.8695566449105016,0.22697800535926235,0.03469881112143514,0.16777129216324432,0.18446884759519147,0.2271625309696939,0.00022885304090445075,0.0018980966377799306
86,0.0018010457368980717,0.0003379094900878718,0.08492500477220292,0.0048346595446033475,0.006578700161507476,0.4596197400063432,0.022620568982735973,0.12846800768196248,0.2364003335941602,0.044111611445551216,0.11997488178509581,0.008748275810176771,0.49412736177224637,0.004604070916381683,0.0002664956249912599
87,0.0016174348614758033,0.0027237365890811355,0.29537727676277464,0.008372226592167046,0.04367788885490647,0.7623445690395783,0.04906655628919615,1.5179123997249926,0.013181660435439356,0.0025335360054651885,0.12776291924425362,0.216327518804744,0.8095359761929478,0.030475263214361937,0.002196621918540943
88,3.788972070142976e-06,0.008905102840972635,0.12765258567947207,0.00910290831799596,0.0005336939892035151,0.8544245047437318,0.0139708364738772,0.9828689850950751,0.017837984426196284,0.01736410785405616,0.013054356594815868,0.18843226664316412,0.8999399992186006,0.02971502454123354,0.0017506437455382482
89,0.006909868502216811,0.000883351171103988,0.003216353552499351,0.00287449507200141,0.004672143560970395,0.2266635813059959,0.012610311681602933,0.017438703293217665,0.03488667760405744,2.2128729777746502e-05,0.09025126819878038,0.016102242499495475,0.2509135130823753,0.005219417480778554,0.00024766396356458377
90,0.004317893447556585,0.009603928869288762,0.25710406719284057,0.007080903901181442,0.004106284064260341,0.6455139863964541,0.017422452503445554,0.7452645263127244,0.00107300668305582,0.007549867871607559,0.032236116414018634,0.032912759722751136,0.688411083127364,0.02288894973780112,0.0013447754972405752
91,0.007881525628587663,0.0002152300052185082,0.008927718954849635,5.008502674265289e-05,0.010457047704887586,0.004082999377903731,0.0010337066458024405,0.024895977251724013,0.004265979070741674,0.0007383297966841369,0.0031454667500197854,0.002656443167452477,0.00450066756804604,6.360338439131633e-06,6.925832091320514e-05
92,4.065837822726063e-06,0.0006557010551329976,0.0033378461985680828,8.470623157495748e-05,0.0021802793673414596,0.015384372113322274,0.00385466126598132,0.07811414910289259,0.08201320862008621,0.009479033998740373,0.06046596361943473,0.03238293317776084,0.01351960408060587,0.0008512356815941805,0.0007131449255759239
93,0.0019008208882334491,0.0013515357953077032,0.0484729856177442,0.008249127748849,4.5785224799189825e-05,0.7451640780952768,0.010739671113884366,0.10677183566401138,0.1602035060220609,0.04115579722978002,0.04771660788244694,0.024099847855882532,0.8099200407255874,0.009212920101930783,0.00048438927134393723
94,0.0014613432328546444,4.066573244296544e-06,0.14996859372918375,0.0015530939941517368,0.0002371723571811568,0.13351808073610505,0.035494704965801205,0.6933731654495189,0.05666149368871421,0.0011379721064434072,0.12393518051122662,0.10036670437536885,0.14161798099019907,0.008401134033564262,0.0008646542479289197
95,0.00017180948691280126,0.0004244893490712021,0.19078998421687718,0.003498349025996073,0.00039110535577948567,0.3263032382730587,0.0024741448670335046,0.0002958707324006417,0.06975105519769029,0.020277489170678457,0.016658495508945836,0.13487375756052386,0.3432697684340676,0.005608625633624132,0.00012826392876469077
96,0.003380202805404465,0.003101653407550269,0.03007306769042109,3.612863073446277e-05,0.0006265470350734554,0.005221175359382623,0.004860143223554728,0.305487105808374,0.0011502766960413,1.4007821609631369e-06,0.005382176482974278,0.09715286831372058,0.004379803978382998,0.0014318430736269742,0.0007850360320079055
97,2.5112144306045497e-06,9.879588135634986e-05,0.19630623350286194,0.009444763421639454,0.0026566437557807103,0.6830316047317716,0.00623140190431443,0.9404979859687136,0.1044027308392661,0.00024858602388329456,0.21854553753555922,0.2548205725163865,0.800433507126333,0.0034346398428336056,0.008966877517026768
98,5.689882239394365e-06,3.954714009453465e-06,0.05407678707355046,0.00524434272113818,0.0015316586688819973,0.4029250842577531,0.000276991622498537,0.3939120759734369,0.007466574415095582,0.0011703828439711308,0.04056670074242641,0.15262882608909636,0.4642942006474734,0.0025317434323448335,0.0031662619738411866
99,0.005771538391350115,0.0013470649337676988,0.06556785836595003,0.0025974444153997033,0.02581535860577387,0.23060871500715396,0.0010808331735880378,0.015009856783077646,0.0015897039170474918,0.004025831075836942,0.005892161198330129,0.10108076759330199,0.2468845881475293,0.004511820094823764,8.613336169765743e-05
100,0.0018299723318857672,0.0008371844008883573,0.04830949724763258,0.005530725445170419,0.0032767276003607252,0.46883485298584504,0.013449381096337684,0.6033677446700764,0.07325535007151024,0.020022238986118827,0.022855038083287923,0.2919704453915131,0.529628620920821,0.002226657853992915,0.002168743788074352
101,0.00010159331561787075,0.00019780579288147096,0.06472996050511794,0.007036884194654807,0.0013961395266060602,0.578335090211985,0.0014267428199378925,0.06517740577658092,0.00028345967794108696,0.005113579977422453,0.03184632569730113,0.002362824161321811,0.642892416539474,0.00753007298356678,0.0014270355524953714
102,0.013173589506430066,0.00017803692864662576,0.0051714625544784,0.0014763304860329674,0.010239831749487439,0.11133542783608115,0.004369853326706953,0.003381584205071573,0.01820830809124067,6.155720451708559e-05,0.042284809051175695,0.02480696288668216,0.1270740173312522,0.0018797267691813356,0.0002630560853385348
103,0.05634934710098154,0.014182976263078512,0.12152129309954708,0.006490585830162504,0.09818505753609867,0.4974286032677309,0.00030583371108413064,0.381045187668975,0.004309147619467854,0.0029761777015792296,0.04063105989854068,0.07291887828271959,0.5639029696368152,0.004707433148523405,0.0035133594931077436
104,0.014254850894134198,0.020641474900646866,0.1782523109582951,0.007791815507641614,0.04573442488648853,0.6234252276414491,0.0015200234407141064,0.5581294654125661,0.006397040465297761,0.010845138223895554,0.004829122548402801,0.10263249228469577,0.7021968769462322,0.004924381272741546,0.0038487869714838342
105,0.009130426604155539,0.003023983036293137,0.006086375076489394,0.009248980411850086,0.05835271222903295,0.7751658560304301,0.028393252901267138,0.1504557849126045,0.03828456685769737,0.0007744351005791558,0.16578289934403398,0.03164767990311495,0.8525797310698446,0.017335613325525818,0.00010000588650279191
106,0.00037153272277322516,1.2545922044675397e-05,0.0003320786343079169,0.0025948222948401333,0.003426541010857174,0.2191138163798738,0.0008399864232113868,0.09203636001729684,0.010308836174370546,0.0051336607203784,0.00013475033474206476,0.08953382399543537,0.24646637503252275,0.0019185092328646736,0.0004709435467999186
107,0.001483766849244398,0.00010477602057693772,0.07001483335065993,0.00512032208039305,0.013800415957053187,0.521252992343998,0.0011906770118250707,0.34349359931690404,0.1776376702160234,0.037240645455548047,0.05602605921049035,0.03468982476404303,0.5428543826531631,0.014737917596794365,0.0015249283807144392
108,0.00245950738577343,0.007875637801503167,0.09636255323854159,0.006781526776392086,0.005467350442179671,0.5619495224728603,0.0035903165057633757,0.0063090275485362165,0.0011231138164275725,0.0049129415316749355,0.0412126182059755,0.02762900506077578,0.6163549923564273,0.009507920565696304,0.0009574696483236021
109,0.0005508508128904729,0.0009208379354412498,0.11401182086081185,0.00316928600700052,0.0010839179612773587,0.28494622170529704,0.00942725796839526,0.1628431555765441,0.08217715220064362,0.019212689259324026,0.032569153550338764,0.0053990914660238705,0.31062437888287875,0.0023391242989737712,0.000688175155018132
110,0.0009195175872002624,0.0017002853126847533,0.06016920424898948,0.004156360197780299,2.734734377434534e-06,0.3724125813929479,0.01149811126589901,0.34874581588619924,0.00022001991123551,0.003151785475389071,0.03062728401478816,0.04826752502592361,0.3980076771123348,0.012329872909451619,0.0003780312308977539
111,0.003904760058607593,0.0008189992986757986,0.00501297627459234,0.00784821264845742,2.4549591313302344e-05,0.7263369863482165,0.0016269198697608,0.019565207953154296,0.11816377488009856,0.033837080932832005,0.02169162063834853,0.0009053734380124699,0.779982121794939,0.01404858809364982,2.7724761970971658e-05
112,0.0007091442221578293,9.128492041668699e-05,0.1401669896215209,0.005891665748663519,0.004871495654411789,0.4624723609135647,0.006169071373375161,1.0371072290102283,0.008479800608830758,0.007990472398885609,0.00028676890380447323,0.36121851154323104,0.5350141119994989,0.0011996131177514605,0.00504383095623965
113,0.02797610094818169,0.020865333904606254,0.328547143464282,0.003176262166354968,0.052425523187782395,0.30587629316868375,0.019340607809223923,1.22382681541806,0.00077290702230244,0.004154099988749943,0.019700752873419103,0.12798263761979775,0.31470837759683834,0.018180593205886386,0.0031353997808067826
114,0.002403161248844031,7.267190396174985e-05,0.03270903235150727,0.0041695742340633135,0.009493152800460421,0.3465674683624145,0.0027283449508249966,0.29749364750642016,0.016204499767698624,0.008346062469290889,0.00037730792747810485,0.13256233099430656,0.3918693976205716,0.00215332150734957,0.001525493355703013
115,0.013505631636993656,0.07393392750881682,0.008020352314722234,0.005533736761292092,0.21253149017512163,0.4641060811610831,0.021200460152066197,0.11314191191643085,0.03589795584309053,4.96778838058202e-05,0.12403270528219694,0.019376182857728273,0.5129299916963832,0.00960156783530819,4.959647800956658e-05
116,4.933552437707983e-06,0.0010809816518521278,0.01174618692738427,0.001625251853249484,0.013462153477979629,0.2265521072153313,0.0036323698363859153,1.4073478362191005,0.37253926624548733,0.055108468025435405,0.20086596743907098,0.817911531096337,0.20724433335755196,0.014745405693802952,0.006537161150451099
117,0.00852763851139843,0.006863921703910759,0.19559668004224318,0.007736451803347292,0.02092951833106561,0.5539841615010866,0.00018496893614489702,1.3426154194639233,0.039906595694372986,0.00016269137162388883,0.10138456296957127,0.4416640788982283,0.6539197156920266,0.0017309790578121983,0.009210268469355971
118,0.0003717009467897163,0.00035502669614259353,0.016652061112585204,0.00882454924478398,0.00280123730020108,0.7740519194421704,0.005787905350322958,0.10342032382404255,0.003493410261435442,0.010623439279792524,0.02253540492795855,0.004825287766416544,0.8408482392707503,0.017224404646650315,4.0046672320353377e-07
119,0.0007714262019109825,0.0053687947913982955,0.0018874963855772756,0.00014300546216403564,0.014920556451585892,0.02037298940389219,0.0041041791365623356,0.021023959517087954,0.06635452833934563,0.007859283096387093,0.048315214590178554,0.005173589898639454,0.019655952706932208,0.0005252708153635747,0.00031757093218937645
120,0.0014418519062222432,0.0016332576607147639,0.7352836212957948,0.00024364281937499165,0.012499760515239948,0.03419521377342622,0.0036312063557285917,0.10709933972983483,0.09548528584322385,0.00841746278339169,0.07158865726059234,0.34468406422478154,0.03684626117334942,0.0012100155594976225,0.0022122576207311345
121,0.0026991949288704036,0.007331827117845483,0.0724763364809449,0.0001127089643892916,0.015983971310744215,0.0029546659054037142,0.0037625682600142757,0.1974195837783315,0.08658360438465888,0.006635290012662732,0.08302138706451383,0.017798452288317307,0.005289695058661102,0.0003014545116907983,0.0019676304738646473
122,0.008694378899937946,0.012772047807043031,0.016233202179859876,0.003184870179074171,0.025503348312578108,0.2721282417380153,0.0002701065947225063,0.00025187486238777563,0.004025126609150316,0.005485027685328726,0.0031141159495405107,0.003933036939640529,0.295734526740017,0.005145529900164032,0.0001750843640837868
123,0.0006815486918922599,7.382708044192147e-05,0.6737750017227225,0.0015892593818877725,0.013595854578928833,0.16406476387394145,0.04888203284581995,2.2955666481361297,0.018168969983151192,9.403343088312585e-06,0.07968230986076581,0.2365582676137507,0.16456315322046317,0.016641802892995005,0.006017367258541549
124,6.953438498499503e-06,0.008469384663143238,0.231011209162919,0.006755987727003777,0.0029854760413620686,0.5188058058682581,7.721262256056948e-06,0.6667564462105366,0.003980619232597253,0.0028972477414711427,0.03737136931044935,0.1012014991771163,0.5942105440095312,0.0029582551978575436,0.005224137932125537
125,6.5153944084131195e-06,2.040662007050647e-06,0.033047250355461494,1.5885083000902214e-05,0.0013968673971022107,0.008300852392492411,0.0008312692827325772,0.9064254674259365,0.040545450205158554,0.0054742150173741535,0.01907460494757729,0.4340065522432114,0.0048074460709136525,0.0037044337853392303,0.003541054371553905
126,0.00014388101752783124,0.011661018953599469,0.0402482422235666,0.00016117082010608797,0.009601938416844846,0.021259241821132886,0.0021818264418841903,0.04402149958398215,0.05245438663524994,0.006443350938218129,0.035605437298936775,0.0007536314093971982,0.0208392303136067,0.0009560963942821994,0.0005288234553460084
127,6.512649731733664e-05,0.0028360506932160407,0.1739910080820305,0.007136188115240142,0.024587931565066376,0.7206319210536304,0.0005383420563781255,0.9135164544552193,0.14712830533578827,0.0378911879046168,0.024276358870368064,0.12254679885497863,0.7474556856931256,0.024560787330470672,0.0031309699245283124
128,0.0026680093379071,0.014898943102581363,0.2184926297443907,0.0026900378618759696,0.02300682508635038,0.31533440312907796,0.008672670499353384,0.5169298642806937,0.3545494108121476,0.05077909719533341,0.19679051576654444,0.013861909166553185,0.3171933365526351,0.01113679278171765,0.003965702491958792
129,0.0012875220615017346,0.0011734575881752675,0.08826308533083223,0.0021517200343791685,0.00013249044825592885,0.1992471109208717,0.007506363908095896,0.3495437433614575,0.00010278765517516301,0.0021661858437051467,0.012706136857451462,0.034157908661347214,0.21045089354147042,0.008009706619028346,0.0006700028698899736
130,0.021065608598304395,0.005048067600652562,0.11890399146521533,0.0033264680309553064,0.09572080649726598,0.39492700179174667,0.0059814227351128605,0.8085110405688272,0.3735770985389944,0.05699583026649852,0.18884255648679413,0.15546015636256252,0.3937551130830012,0.014550410547871893,0.004681481333888344
131,0.0125676826066906,0.0034271079813252775,0.11383601869466259,1.226245737221745e-07,0.04166563016789957,0.0075051484762294045,0.01986049395987951,0.3288590577284239,0.34743193151130825,0.03150081318604151,0.300899995719489,0.027421570448155977,0.004410124170964188,0.0011725104100583728,0.0040982203142420695
132,0.005257143419337283,0.0057932697762519214,0.05415389007825818,0.0003700126884244132,0.02287138443527657,0.02052001706444041,0.0006245186079697903,0.1826674364947183,0.025483494445768202,0.0009318075458672044,0.030932808397041895,0.026229356333577373,0.025985812686492273,6.293800328670322e-07,0.001459177154541519
133,0.010329456981650085,6.721519485424694e-05,0.01981489353992484,0.007652886562609609,0.00020251276640266788,0.7229583052862049,0.016812175503430275,0.021523630702670327,0.2749352012226443,0.05689661795809328,0.11413261454187934,0.005245821637261651,0.7734363919190447,0.01071596224277192,2.177997838462684e-05
134,0.0005169976340308245,0.0005323680497126447,0.2235877992405982,0.005790751622502435,0.0031341741289414114,0.5741498420038159,0.00411250656954673,0.9496590171341798,0.0628166424219565,0.021577239398007604,0.0018391313460097228,0.10232770679959367,0.5969479810772788,0.02192149056359572,0.002873153748936398
135,0.00025599879074789393,0.0002458637433359404,0.0031830978022799336,0.008115109581148968,0.002572651767820005,0.7037221516422114,0.0032540173903803605,0.024748686107548448,0.0035782826539291555,0.009824116551547765,0.01786886070850194,1.556334915606782e-08,0.7688855567935718,0.013780194912985662,6.678991080973632e-05
136,0.00115209119964202,0.00011308529292510658,0.1649813503013086,0.005325745985613929,0.018653741772985597,0.5339000396409977,2.0805836735161754e-05,0.43856762878694655,0.12756927312838756,0.029744071069472987,0.028781012769490997,0.0122789892589699,0.5599078415702713,0.015837815593311894,0.001816715418198365
137,0.00019456042032191,0.00011682467247275747,0.273264528810666,0.0038702172632507203,0.0014766104785693293,0.2897447113638013,0.01185262934398486,1.5337814578833637,0.00782147021656362,0.0057452532554154,0.00035235833518196995,0.40211158906085237,0.3427971486869299,3.034371654724968e-05,0.006744160351624757
138,0.008108134953054985,0.010827336626708355,0.2884022938711286,0.006583676611725558,0.009602610786652152,0.5717997528728436,0.0477880963421059,0.9789683610355446,0.03811302500863361,0.00027602802855489564,0.16177527433589425,0.07178521373022581,0.6142398674957203,0.02347726228355435,0.001105381991064506
139,0.027240359857370555,0.02040326403560226,0.02186255702971454,0.0028881871249583353,0.07023626574036637,0.26523488770680387,0.008531408605801174,0.043431958162754816,0.10769203402809074,0.0227352834204097,0.04749016401670173,0.007462637367808218,0.2842961449631939,0.0038638853150144295,9.634960812276737e-05
140,0.0015081848733216456,0.001570276465257696,0.09744339660159261,0.004789048139412615,9.068795790129422e-05,0.43381693676780714,0.031549178458261495,0.9636041438778431,0.010194731451619858,0.0014717850536472015,0.08372163531620952,0.24646071350569415,0.4563510779178012,0.019110626638185614,0.0012189214235567105
141,0.013662646928137161,0.0021089398966397405,0.04054691514875733,0.014299303628128793,0.0022204226755151565,1.244079909261032,0.01253038421114618,0.2028250420313669,0.001880710152250063,0.01503565699637502,0.050170790667382344,0.00786368634134972,1.3510899254429356,0.02932895002192591,4.51162983433373e-06
142,6.4786975088358e-05,0.0001231876371648542,0.032197775623149655,0.0018113482676407713,0.002817364539452997,0.21265397134152272,0.0002024351912974625,0.7550973023809958,0.1480950421387267,0.026492611541210305,0.05888740026440986,0.3031688179814266,0.2069970230546078,0.010859214102128594,0.003093492878584711
143,0.00595792075380881,0.009324383756621292,0.015298708260987396,0.008289608627085,0.008267952001700942,0.7400377281440069,4.8332986035913705e-06,0.0081510039596859,0.048690230505466565,0.023527964534715774,0.0004380425431198262,0.014437424167971153,0.7970494157966901,0.01439585236337447,6.554515740562843e-05
144,0.02033895615821055,0.012867643090347195,0.3539589550259146,0.0017564559407051141,0.11990397025085629,0.21344736198024258,0.010146925542301956,2.127199054480297,0.0441426631169941,0.011054027353887021,0.0024371761561879533,0.43196776652986296,0.20647602598599782,0.016433640694423178,0.007355671688848885
145,0.00013808601316844037,0.00010956216770518362,0.06691276935935819,0.004142213435491922,0.0014074054952055476,0.3470995598288318,0.008100872497701589,0.039731290056496435,0.006199750235567182,0.0009164095092379237,0.046068192097100884,0.01996768570961415,0.38525326828204776,0.007503751424361284,5.835715196818754e-06
146,4.617326886628778e-05,0.0014676945268759683,0.25345641650751155,0.005748943173334926,0.021041854486653896,0.565922515184247,0.003961222261726738,0.8283287867771192,0.054657748081238675,0.01931204925177897,0.0010002458795213445,0.05369517648758728,0.5927076476751721,0.02012750992406167,0.0025429268317898623
147,0.0005175121282336557,2.3942838153494328e-05,0.06659957257617798,0.0024883257608003598,0.0010390948133761142,0.19856543493705783,0.05911035352541771,0.6369034927586281,0.1528553451595578,0.004695726965915283,0.2735754733243125,0.16562521874074926,0.21510051070419314,0.010202441485072255,0.00022736348130845103
148,0.005589156955039288,0.0053118952943798795,0.0010716002570742315,0.007927473090741165,0.004676251052772456,0.6273041225074206,0.0522146515687682,0.173009997286411,0.1432866577996789,0.000764703135163622,0.33117199225536764,0.10490887777057184,0.6916880807523366,0.016782037072885055,0.0003385986052959666
149,0.013867043512910375,0.013665327718114276,0.1992412152517345,0.010415733148822517,0.029182621763391304,0.9078746105464222,0.03576605793826922,0.8812404583023422,0.2508679642853003,0.0582780637387401,0.10438186849039079,0.23240415658692354,1.0040232737630312,0.006275356315843544,0.0030043677197446094
150,0.0017384249151498159,7.040969772923417e-05,0.06322483387242171,0.0037509632177996285,1.4261642001617042e-05,0.3256840419993877,0.0014137735090409302,0.06035936493985011,0.027419477010892482,0.01148270986670884,0.0020394390907315526,0.0005341918641266192,0.35612431096067126,0.003926293764662422,0.0005495772427989956
151,6.672613119141436e-05,0.00014808143451537674,0.02744116085735364,0.0003172750778117645,0.0005344230905453481,0.018092722163557975,9.434960481585495e-05,0.20748951931201826,0.01596442982834338,0.0006267248081220158,0.01882750071534743,0.06454386756721696,0.023554735653396938,2.6141026752284313e-05,0.0013033577102050304
152,0.007653479482192414,0.002187475508101861,0.004405640244125893,0.005832760277813952,0.0024000449708396075,0.5446568088944527,0.002002867791940334,0.3059553810469213,0.034513249497286146,0.01735585486047924,2.686096609852963e-05,0.12553525468313073,0.573111589237437,0.016174868198838555,0.0004201835492406368
153,0.01603169663972311,0.007373838371466394,0.10313312742467418,0.0022296936124450305,0.019267826822809895,0.23983804777631104,0.0007949149280380804,0.8053861246294923,0.07735322418818939,0.017931659575419687,0.016810264224896926,0.18608116519605766,0.23887351087616976,0.012898788140787607,0.0029242159638072206
154,0.006007322599738076,0.005189512139079801,0.10968311857424225,0.0034799659313173863,0.004817266075395142,0.34253695725771,0.005093491487158237,0.7223549227592853,0.0250804996459841,0.01132015059009377,6.633365428599855e-05,0.13578505683922162,0.35314204882069467,0.014970382486311537,0.0019026530203701628
155,0.012475627491861417,0.009875802405659759,0.14175946046135862,0.0017846529449250578,0.04997529531794431,0.13864080849480817,0.00580400149096095,0.6377667882452541,0.005935941104054659,0.003087602524417155,0.0007384137735619832,0.1389405696007802,0.1630351961307326,6.465348986758513e-06,0.0028453448099157496
156,0.023353107029298527,0.015698210312409405,0.24592643546296816,0.00036485077863184927,0.06848652717741013,0.022524279884913654,0.014112581489771507,1.1928391771626046,0.004938342262601244,0.0009499717400426473,0.006772130204290223,0.2429275953171307,0.03098161420160535,0.0018348678172010412,0.0043041804468035415
157,0.0012685619479521338,0.001444493472988876,0.15812018848930728,0.005220070428476848,0.0007682309198978446,0.5283494259606729,0.004452743198673991,1.1417552594359397,0.06902290260278647,0.022652006731948296,0.0031038194271852163,0.2329491056595917,0.5419073985709382,0.022485547876900894,0.003353235623152509
158,0.0027888866105548315,0.0026194159212248468,0.32579022188215334,0.006475707657656028,0.00326986336442598,0.5533159538165946,0.01720675269706634,0.6422850216231681,0.10364485073461423,0.029393454785128094,0.0335443432401246,0.04617657265889567,0.6124895957152771,0.0033224080335361975,0.0029942375060531073
159,0.00211882698701885,0.007671301924825414,0.17836284670811237,0.00022987405215744912,0.023883009506428562,0.007894433776660164,0.00016573659217347482,0.7477786985613009,0.03362744317643005,0.0018878055257418897,0.028822809065561963,0.12712207900598754,0.012668504674620341,0.0008378585928939344,0.004117843220877264
160,0.0033887182329064487,1.1715219761775445e-05,0.010284888588430786,0.00043851596024374915,0.010163760134734629,0.06303812107261851,0.009059202502400677,0.12950281702963035,0.18721245124286232,0.02301848958041834,0.1301588496531627,0.03819705802114938,0.05983658735426053,0.0023277367350467448,0.0012990582852984833
161,0.005501184576088061,0.0016329873763552846,0.29182479812786705,0.00046500871143698733,0.003359217119905224,0.06395782022026483,0.0023831900137495084,1.0925191777677328,0.04272767748104457,0.007329748285267557,0.01180896872320191,0.13413532614035148,0.05870020851697734,0.007707774129749472,0.0047077321676130095
162,0.012587140069283525,0.0242820228020252,0.026505577906135724,5.173564557906436e-06,0.07769328832090851,7.174954107457842e-06,0.0001470836139782777,0.08293332052997993,0.0016661963044416678,6.177198379315557e-05,0.0010502427554269806,0.008570429706721392,5.244473802414387e-05,6.624886136920312e-05,0.0004133262775879054
163,0.006534623631959172,0.00140008465498256,0.038995143835907485,0.006296845161515264,0.0032973040778520664,0.5361375990342069,0.0008966224183523628,0.08814498570805654,0.027648442890980052,0.012815484106127829,0.0004019022848530747,0.28694295465609865,0.6004476476120012,0.006476418041804092,0.0003865575983458235
164,0.0014821317487553084,3.736753594784371e-05,0.043950413526234085,0.0028920230660981327,0.00015560321001001007,0.24052352212429096,0.0030397220467487085,0.2278567049894569,0.0182022833680008,0.007559507287794159,0.001967346227144245,0.06967822032697354,0.27015536225246517,0.0015811192799023404,0.0011306970789805144
165,0.00013357245303347292,9.945915803464379e-05,0.32060968794797795,0.001141994526628482,0.0016544640290066905,0.12340614491089755,0.0076484344883858925,0.9007488408258119,0.007551468780844274,0.00326116494457,0.0007270714640341798,0.0592738374695893,0.1241927484965799,0.008765764228499616,0.00314103975512245
166,0.0033984199136842,0.00017054209249994722,3.0490876400858665e-05,0.0011809740051480018,0.012036667944549745,0.12717743117679156,0.009870078181456554,0.0005566181660848912,0.13963023215252707,0.020450648084592536,0.08581479847170716,0.0003704823365296913,0.1325260843912082,0.0019813189233378347,0.00013423777583146656
167,0.000430627127813562,0.00022351001694660206,0.18741716326367555,0.00015687028074196858,4.6071359122617006e-05,0.01140250340728068,0.03714892349434849,0.5784705907873274,0.10693241316294147,0.007503637733703029,0.14360996698631504,0.053903433220510576,0.012022720922619273,0.002944113019964833,0.000819371942280662
168,5.655130466984309e-05,0.01000510465476416,0.06266297783994816,0.0011977119976591371,0.0013190839789666915,0.11785141795329732,0.015810407132207313,0.7638942231298708,0.0022835869518914188,0.0005658515164589367,0.026321307823518093,0.24445381872043037,0.1185277721894298,0.008442513327678345,0.001478859317777785
169,0.0005184531800976741,0.0030809324518531883,0.32200716034877086,0.05085114221324714,0.007220951073683316,4.185604458238869,0.004940945996762401,0.6409053073501846,0.0002294901825635558,0.04259342227553871,0.16998631563175737,0.12217796271090338,4.665785732476355,0.0515110214295989,0.010317284576764127
170,0.0035384756885432833,0.009785190733490101,0.08090605665421267,0.0006403519252639576,0.015392649114043873,0.06146748708421037,0.001603719495335795,0.14911886209586217,0.0022458937521072785,0.0014043331942080908,0.000503959889997485,0.0012251469774685493,0.06433107281178173,0.0029951145043213027,0.0004848823237536797
171,7.819023257723244e-05,0.0007479929211875258,0.11370993160777032,0.004303506663756868,0.003136210930503572,0.38461497502210273,0.012305174460793034,0.34303048123431495,0.000645391367771919,0.002618096395560809,0.0344000331236734,0.014814426556907385,0.4141210457305813,0.012206031728808759,0.000422583530729987
172,0.002239096492432701,0.00010435367022312409,0.13184755872812845,2.874603832646225e-05,0.0019491506496058081,0.007194846797077053,0.07093762015900058,0.5132275669782961,0.35718384240108403,0.03399191369437311,0.365991550189045,0.07879008428443718,0.00699799082570399,0.0007071767577580192,0.0002511134755683343
173,7.339548842710235e-05,0.00017449905598478113,0.18820300887621264,0.005048771632144996,0.00477768536916914,0.5060936364002452,1.5992686433765967e-05,0.4955721727123331,0.11602980115082136,0.027711724080120643,0.024165902832148374,0.01500490483447574,0.5293500870654761,0.016131924409805414,0.0020180706141055328
174,0.0016787170144455747,0.0017832442971824078,0.15867154097651548,0.0010319289628854843,0.01933868219528387,0.09953092474141659,0.02434436145256379,0.861436058456564,0.016734724382761725,5.678029157633201e-05,0.055706006193994115,0.1565524786016853,0.10187734558956495,0.007570271116275024,0.0016956028665845693
175,0.00025025230091060916,0.00043186468412876293,0.2407419914926074,0.006433549512900162,0.0052167394961663074,0.6629383454872941,7.829128990324658e-06,0.9169671968561443,0.19145410881107972,0.04260901236088513,0.04752561103582423,0.07946395994736047,0.6846194944972945,0.023576319475962608,0.0037508102847687076
176,0.014851116099348482,0.000557539931302303,0.19731819893384558,0.005240754735268532,0.036551273058944206,0.4639149355412314,0.020345883505251683,0.5232212150931234,0.12975206939955514,0.02933599609553821,0.055522156002747895,0.07138656332966574,0.5141121386780731,0.00223099139466948,0.0019664031523960518
177,0.014850297848766474,0.006859554801563801,0.1277517486982349,0.0052182243782555,0.027142106739662854,0.43021066093090576,0.007458930910532803,0.5057636623572248,0.039599199221106864,0.015497352695465877,0.006220093489224717,0.11545106069863875,0.4822813541070479,0.0027911828653194998,0.0024501193099501213
178,0.0010040029203695487,0.023558896018726863,0.23609794154619643,0.007313940361549322,0.0068540372276403635,0.6681205190917221,0.020981846920587948,0.864225342557732,0.0002821493351087784,0.007196439410007236,0.04093797641702262,0.06786878864601326,0.7103466504248278,0.024686896236420904,0.0014699686272385435
179,7.25932390500395e-05,0.0037261711049871938,0.21658632347384332,1.2701286017918033e-05,0.0009554013120474166,0.00022254326866023418,0.011263561183792974,0.6396158055402202,0.00789570534637418,0.000827637832393597,0.013399146721052224,0.06136931197868148,0.0006499244328761621,0.0015885461181597985,0.0021418615611087225
180,8.571876178206841e-05,0.0013589656899920947,0.020471507344898235,0.0001505771395827844,0.0009168680666078871,0.017701967848065298,0.002763892303912966,0.0015363646166213169,0.03790938810877082,0.004574545890712754,0.027229934552200546,0.014675055982519464,0.018357270852880525,0.00036204760467819814,0.00013933799048472737
181,0.0003885494176717837,0.0008341002038601766,0.09747862645408087,0.00015644885264203893,0.0005047904175480397,0.0014361087298809798,0.001466237834218234,1.0720056889410505,0.15474576920731137,0.013418003953289393,0.1271991942301056,0.3792700170599612,0.005130427646966135,0.00224911584965999,0.00631160102404765
182,0.0049717994391142205,0.00013417450732179065,0.05379031334796345,0.006974840480820813,0.0011683122230534684,0.6539180973515537,0.0010005692339973104,0.2941803276207594,0.05567166661538081,0.022070922238248393,0.0011055885170055554,0.02928617229580327,0.6941738930140631,0.01775510247008138,0.0006055142688191048
183,0.0005243777199950687,6.781037970930024e-07,0.12973930007340317,0.008360332862392702,0.008013823594863582,0.7125209421936367,0.001763231230743143,0.2055582592631865,0.031857207548447106,0.01860807712630562,3.313174373939146e-05,0.016143291367070326,0.7877317140892608,0.007360721393890867,0.0017793365043325556
184,0.001065037615717866,0.001741333877529029,0.011720051588080786,0.0022168972761862785,0.0028249049475495853,0.20130433333542205,9.540879525401751e-05,0.0024404766626169886,0.01945772033903867,0.007580385500399365,0.00123325808997451,0.011727752412582162,0.21578313436853913,0.003683569092813049,1.4590250951620491e-05
185,0.0034414887595984917,6.882178021356141e-06,0.06292071543918669,8.586061622494414e-05,0.003211539173706896,0.0028798950063254475,0.009967276196831796,0.0011422596343044224,0.08392548543259866,0.005429191859142838,0.09258005147086579,0.046493470316472434,0.003724927072383113,7.408651482000022e-05,0.0005461155745230685
186,0.007185661128371543,8.878785462759617e-07,0.06675716569162422,7.181854109155447e-06,0.005700484510737598,0.0008489883479926658,0.009692502820990443,0.196178522489949,0.028517493955021688,0.0027136224001215663,0.03210898087213454,0.019184044381169284,0.001090898441683228,0.000448690415415624,0.00040280168422183316
187,0.02073488854530882,0.004593002624447164,0.024836760048779417,9.13175197843792e-05,0.05483978829880458,0.009523136087585602,0.00685892255289955,0.19942689081642523,0.009877792078156582,0.00045363103367935197,0.019027984435899946,0.05244510510780125,0.00960112365683792,0.0009706373452329667,0.00034500765452084186
188,2.6255747149284726e-07,2.7547733680952733e-07,0.013176238498981351,0.0009518658511883494,0.0011741348252222175,0.08891600453858292,0.00017837838643045345,0.03690928357976274,0.006333706399515243,0.0026557474212731916,3.504023485465398e-05,0.0007033988542428839,0.0950217726473615,0.0023123112848967824,8.079267446661469e-05
189,0.05680061920731235,0.024677061319566925,0.0632169260952774,0.0025836828462044957,0.10597863991005223,0.25470731346153147,0.0037948010471460414,0.6598510805981858,0.02637862159435738,0.010913600815013386,0.00015353008638153778,0.1801300627478886,0.25788886432555186,0.013422787454516416,0.0017585510879008222
190,0.0029344280728538143,0.00012029289352471513,0.3277139054060224,0.0015176602983837531,0.006062623437494561,0.08501580967761099,0.0002942031774173231,1.4706150616831049,0.05067746409378998,0.0013875556014077957,0.05854359625675532,0.28851236510472206,0.11102809924594163,0.00047223029213101715,0.008444544979026372
191,0.005327715603963454,0.00787525294435832,0.008554489816437161,0.0003875858084950217,0.019386234229612893,0.04370177724219499,0.007019777599286802,0.00027516821333422063,0.08868315273181811,0.011566534903734197,0.06264107854985543,0.009438499604067323,0.044772909393222635,0.0009091375700205273,0.00016445632215957934
192,4.9450953101369796e-05,0.0002624857557377211,0.0001237438515854868,0.0001738386023569663,4.1422901119643894e-05,0.021662195833200653,0.00682217642639124,0.0011111738324550622,0.06992753455559993,0.00839922453131143,0.05401011237556917,0.0010438116074793981,0.02183617951044697,0.0002761935413213994,6.202042415392667e-05
193,0.0002809553704303831,0.0034982077117909067,0.20253364599506615,0.004385230286602454,6.219688726889754e-05,0.35957341847885615,0.031252353251913174,0.26305179389126454,0.05842177028423825,0.00028251070719411,0.15332268959680517,0.0030349392935337736,0.39883925511816654,0.011129127426567449,8.187498215782513e-05
194,0.00031156721638871425,0.0013836765826889248,0.0026612733600933185,0.0003530688037449669,0.00155004126545176,0.03137868542991759,0.0002561652566709309,0.002744118211769057,0.005131562906225615,0.0013682467746048788,0.0012330391260825676,0.013415665615343532,0.034617408247542024,0.0004376339238314513,4.5340280145452126e-06
195,3.029996935193662e-05,0.0010752409079898763,0.011411735189416402,0.0014823899950263556,0.0004902289396218045,0.15863387826071043,0.0029376908739853196,0.09303908990845497,0.1094303295103925,0.018624549152980733,0.05220589371438989,0.015959748333940996,0.16262719378245624,0.004458761925183902,0.000608986176676442
196,0.0068370726883733995,0.0031769622990977385,0.10548692951446105,0.012370366637131543,0.012417874168827546,1.0670342781178455,0.0014492318812621581,0.16563146906440038,0.0487910159894497,0.027709119041414047,1.973791247311242e-05,0.01961481607348895,1.1759465054932166,0.012593875305927434,0.0017209614790538146
197,0.01247075680379647,0.008652020160376549,0.14505401635420428,0.007453531258873401,0.0616751393596547,0.5794344672919098,0.00029595933021266444,0.827535743263406,0.0017592643457201049,0.0032589954630766935,0.029860452956355654,0.25706003102067854,0.6700209305872172,0.0022699100568684227,0.005533896287329532
198,0.0003420773353911478,0.0004932307368514153,0.008279236383295299,0.002989573190372141,6.260154824589923e-05,0.2227133636620743,0.005918622814965074,0.07400016465805781,0.03923377797057164,0.00016952673688286235,0.0849323285451382,0.03974073384402352,0.2567832232448628,0.00237741103619463,0.001373484428567615
199,0.011450973883672425,0.000641193348716704,0.002607264829749849,5.579236626709376e-05,0.018187531461730282,0.008316053486432997,0.018457043952856106,0.12861076737216118,0.0993435998765365,0.009336271328954912,0.09698685741809321,0.0769754126873938,0.009145296858304139,0.00012441748651769,2.732655209097796e-05
200,4.9376669840969946e-05,1.8830843331987185e-05,0.18402011813836747,0.00011491132813809646,0.0010712776735829102,0.021594431304886825,0.0026648309325056282,0.9249739620460743,0.02260607244191619,0.0034947384209944718,0.006202671271799326,0.17087517235382702,0.017765450641623975,0.004617125411789932,0.0038065855013548547
201,0.0011896737136789363,0.0016837568835626105,0.02719022357673367,0.007484229098785499,0.00034315017573244657,0.6582628672717712,0.023341631894330698,0.49905672082759805,0.0052254360891049,0.0038137205328071635,0.08071834207869306,0.14708393903643285,0.7049671819048133,0.020709744959480667,0.000243657912711054
202,0.003583136503812755,0.009609812746022246,0.28252440643021476,0.000704064071939579,0.043159978830868,0.05639770810177202,0.07278240468606365,1.1348097832664423,0.19501031871944308,0.011870260540799165,0.28492302579750023,0.15252187507059473,0.06013037529690192,0.0068978690553096874,0.0013842576463302966
203,0.007522493779234768,4.5701885092235684e-05,0.029097163612380225,0.0025212458179323673,0.017641158871574806,0.21585614967626524,0.011504925253227388,0.13146142053051413,0.012689430330686155,0.00011200218404283816,0.05266870578488455,0.010971136056716818,0.23601936512548752,0.005961512614881728,2.565835535489726e-05
204,0.00031796024516339463,0.00027589257514860856,0.08594708885342087,1.1269260258061196e-06,0.0001933282327379256,0.00036486825569619335,0.012878220053952574,0.47224485678927014,0.018228477022387574,0.0013301147048207147,0.02786391284388795,0.1002388594761362,0.00013301574811148763,0.0015133752497063701,0.0011289702599900876
205,0.013330788942146144,0.0006047944132739499,0.15338861789689595,0.001062988350762822,0.020453510984203283,0.0809467587729016,0.009152794203015697,0.7081305559503461,0.010797156949770856,0.0030919234232645748,0.0055875544131364745,0.14943604332599947,0.0968859103188537,9.35517328533439e-05,0.002743539293541203
206,0.0021468752318170568,0.022024275710841455,0.018117810121913575,0.00014602428230242517,0.03498130464357919,0.011689559166534379,1.4690868152328385e-05,0.0035184023866514673,0.0004517436191258875,0.00023259487826771523,9.829420973853783e-07,0.03919782548046019,0.01344109270562918,0.0002082594326541251,2.344776425516501e-06
207,6.03461339768356e-05,2.5217244778310195e-06,0.004793103851615768,0.007416427280470611,0.00603904784036412,0.6318910512340999,1.8767608084101317e-05,0.0421159356304987,0.010502817563730832,0.011187767094400305,0.004339631428060538,0.03729538465198077,0.6998457075664698,0.008449994466611344,0.0006679902299248261
208,0.0008078463221397512,0.0012955571193585288,0.06700076951891548,9.097920383051346e-05,7.099549330506384e-05,0.003198027993545527,0.0015649752645728538,0.47413721796370717,0.004180919681324768,0.00022774602224340753,0.002360480595296825,0.12997623225157856,0.005488435646384745,0.0007797543217109311,0.0020085828192753993
209,0.006428734718868169,0.0006174235371337585,0.05828836450168054,0.003618158184893047,0.019968038997063117,0.2860739528983125,0.00030208808895912284,0.18127345334103714,0.0030936354553460473,0.0011944867296848774,0.02483659698797409,0.036850196930348064,0.3259141152771136,0.0020780330033917027,0.0017967899624268667
210,0.003764913603026738,0.008731984274369229,0.010849094135474606,0.008799549092672219,0.006210302694757499,0.7488923947065326,0.00044609227773418156,0.014459883280345696,0.008952020033809984,0.012988778654718836,0.009089108543551012,0.007827807763959757,0.823427474174947,0.011966135077758547,0.0006055692026930697
211,0.0299902644452036,0.0025568909413593295,0.1092530487439174,9.31215305027973e-05,0.06258117821584654,0.010243435053990776,0.009558315273235751,0.3106413117555044,0.012366652572479033,0.000747175869188586,0.023302535190156466,0.02361629182774018,0.010474872482286996,0.001329085094698601,0.0007485881805886108
212,0.009988162955678335,0.021967296573550003,0.005815613622427931,0.014763402683435978,0.020963425258568265,1.236429402589633,0.012939333676652428,0.015019333725450602,0.0028897838860194075,0.009475352756583079,0.09613653022103939,0.0056781102826554755,1.3567998474361673,0.024557387143839482,0.0006448963180053972
213,0.00038827856726328765,0.0002995642555511744,0.12745925392476867,0.0023522794858486097,0.006698849846784113,0.246173770582362,0.010499478955554992,1.1992674738262925,0.013033752056718924,0.007209742075762183,0.0018187500621708779,0.3242159096253741,0.24696278883722494,0.014492270595463489,0.00318420703924258
214,0.0003036125182462389,0.0014548627299863762,0.08497021816391466,0.011677077395260412,0.00043061662556398054,0.927001546836957,0.011470332611097249,0.09381737642536137,0.035955221640969086,0.001679254036315181,0.15545872274570002,0.006038854119362683,1.0402302208480871,0.01248813615328684,0.0030027967279245395
215,0.002017627774961081,0.00297890476711016,0.0002842506539907027,0.002693406814698556,0.0027866425073891405,0.24890321686997227,0.002853401894987096,0.0030978067121022203,0.06283283172701017,0.014828137353258962,0.019981745563428237,0.013285785277449112,0.2687554640185383,0.003970863622182757,3.4394628806158436e-06
216,0.00030186381279367593,0.0005139566533536327,0.005468166005289282,0.001959383572956259,0.005147803802637213,0.14822379746973122,0.00879717196550827,0.002197786803181893,0.04188231230819158,0.0004964371363319896,0.08328076675621524,5.1982968310677434e-05,0.1686036366880995,0.0022641975351557347,0.0005591433341275519
217,0.01748431365285661,0.01913697535196916,0.00011204332436807177,0.000515344987241576,0.08169126959111024,0.03742966555214688,0.003763141003246147,0.006622268942894742,0.02693308700290526,0.0011246762113446822,0.040415882041821824,0.006959770855341191,0.04457771451657254,0.00023521826423134629,0.00029253590050518747
218,1.8504093167879855e-05,0.0007028380914152956,0.3059834254087981,0.008755305289577731,0.0014280049671942037,0.7411185081186153,0.007199803210539592,0.49310308469962455,0.056783998089749606,0.024888852604161,0.004874054556584982,0.024501829750636837,0.8212930725621317,0.0058395084735283626,0.0031792020746730662
219,7.555677557303397e-05,0.0026371277039835715,0.06812329559196406,0.00012605791636414242,0.0026197399029622465,0.008035316524232944,0.00482026581094427,0.32848336899790465,0.003927166152856729,0.0007341017721624314,0.004235006894089314,0.06652669886412933,0.010449935332232813,0.0002887976188460912,0.0011231458910178076
220,0.0004937836639999089,0.002941446553140027,0.019669996787061758,4.459075110379149e-06,0.0017653601720237601,8.717791856893834e-06,0.00010380305989460492,0.09766456578676663,0.003213960766206512,0.0002659031120087842,0.002023952777268282,0.019160218271065173,0.00010216075112164895,0.00021848203147731212,0.0004711845653983045
221,0.003984169393755949,0.021304096109058226,0.041870476554227404,3.972679740269741e-05,0.035079141646552105,0.007350444004933752,2.098665835958675e-10,0.20217332851330772,0.02173821767240816,0.002938893932393064,0.011781468351261287,0.035630672662648584,0.00596325274719972,0.0014542611968221477,0.0010437583918294483
222,0.005011922571023019,0.002525251406929862,0.0026904048196051142,0.004222178412437372,0.0007465534102975314,0.3196852961574845,0.018171275196312498,0.0011419549540005165,0.07862794289694933,0.0008291633839752112,0.1624365373995572,0.019598386172765964,0.364497450727876,0.00531606132305878,0.0008039611936483956
223,0.012475089341894936,0.00753160299402789,0.07455213735376091,0.00596152433645942,0.02287445590528189,0.48730303445562007,0.0016601502526451398,0.32253186180539223,0.013163208565553664,0.010689774297733958,0.000395674354563646,0.09076896614558244,0.5462224140773482,0.004312086839541859,0.0020896480943386597
224,0.005219366077130754,0.00022650499169618794,0.0044848594623720355,0.00012778086468298285,0.007314767221439668,0.009045234251468526,0.0003019639936036545,0.04949892092936908,0.00011341385649892209,0.00015882336515430097,2.7733617373904246e-06,0.01970163487650096,0.010734483871523526,7.958807277042896e-06,0.00020794255951699442
225,0.0022540678512447316,0.012255706833460236,7.486116580025485e-06,0.0008215244510406066,0.01849820319008089,0.07374280440916957,0.0016058742243899031,0.015127771480136934,0.020793686054429963,0.0047477411490379285,0.0077868440500661815,0.019174090097307733,0.08050457647263497,0.001000461235860756,2.9557011087810183e-05
226,7.90339525135993e-05,4.652047070143243e-05,0.0016542570582525314,0.00023736863840696223,0.0005814207142645758,0.014853192309836782,0.005170973775336184,0.00037039049136970345,0.0359647259344426,0.0018803606503068528,0.0466545002927104,0.00011309842960546202,0.017792716626212835,0.00023302663717488566,0.000207408551773828
227,0.00223740027595752,2.4528931770661177e-05,0.09627661586881431,0.0035769401322057292,0.00026700149184600896,0.3313635449204791,0.002609533117978249,0.22678565180749824,0.01210770134240906,0.007498716083260004,0.0012885633380864741,0.003162479902735584,0.3538839643615984,0.009882800299891211,0.0005011337061169121
228,0.009937685348215737,0.00285594608437627,0.004451830596870813,0.0010215793398179573,0.014350678983577106,0.09402415466215719,2.3128949939519586e-05,0.026755816083280152,0.010125526745534146,0.0037591072112781476,0.0005963565066391155,0.0024350031282473748,0.09965321420032375,0.0026314586513742,5.238607845778887e-05
229,0.046185007421016215,0.008596149048893314,0.00019136676570281015,0.006222351916942722,0.1519117013337974,0.5853449582685865,1.6459787013200204e-05,0.06001645962318913,0.05841953910547822,0.02053605226954092,0.0037394051905163374,0.0240439521009218,0.6280265992579308,0.010892661876235296,3.318901835773203e-05
230,0.008434300432032074,0.009664152052683506,0.06791686548585583,0.004204825866675929,0.052277996943162916,0.32722233698816233,0.0012082838074284924,0.21424960435559606,0.012090121772681503,0.00045319979988157487,0.04751820890123952,0.04417349839483331,0.3750904042107995,0.002198799870305563,0.0023300281013872446
231,0.006057943302131175,0.00035840216590123005,0.006413025648887847,0.0008265347704879289,0.01434496719596911,0.05689606027353249,0.019230235781970535,0.018717658380133305,0.1005308190811632,0.005133717527104668,0.13972372268810748,0.00025576188829508145,0.06666598473485334,0.0013464369565361072,0.0001711910120880477
232,0.0002862461433728007,0.0023161801191300454,0.03701913797915206,0.005893248058222707,0.015561479129441568,0.48528391390354864,0.003511586083121309,0.015188998807589406,0.003346426846148541,0.0027367820022483028,0.04398463386531309,0.00016317952681898221,0.538723357070799,0.006959830715218677,0.0009158611116307343
233,0.011976904269186189,0.0012012841708903589,0.030949558711906425,0.0023078048570759476,0.015153598360399069,0.16349056688993474,0.0025317846536546153,0.19535273167325526,0.032719740437081715,0.0001676677681057293,0.06418799037218056,0.06673452635273082,0.1913717106137531,0.0011366902498021274,0.002026827017347032
234,0.0012219556323030496,0.0007589486935366601,0.11570618322047017,0.0023385633229519305,9.747516061407217e-06,0.1999458205688654,0.02756997324251233,0.47945682162066783,0.03755799763141397,0.0001723093460160863,0.10264041434099676,0.05335811593398615,0.2149426433402064,0.009087189942210866,0.000466231540836881
235,0.0007431144691043255,0.0011112803312146539,0.027558630069582705,0.004842991584008268,0.0003934801563079699,0.4514062183592122,0.004351925322713076,0.35536458594478776,0.014510526944508523,0.010698958355921792,0.0030653816440260363,0.08916346422868351,0.4766063020218901,0.014151817876575493,0.0005409758890492132
236,0.003235365937127023,0.001279023136468509,0.002691876360292745,0.00028885622327879274,0.012835385457806802,0.027748617108131948,0.0001986651220915651,0.021197837337791556,0.0011766969157824328,0.0006391124876744389,6.747624319902623e-05,0.003691846770461336,0.029514271283680248,0.0007223216934306366,3.830387759704245e-05
237,0.028088441530037502,0.006035455800316551,0.0015598429812847445,0.0020993195706806933,0.04479062476975473,0.16268169312313463,0.004487505767703103,0.0007115072865365805,0.01254693941059643,6.566401560878033e-05,0.0404919251716798,0.010642138107293827,0.1824909884600048,0.0032182531943692363,0.0002555778108040685
238,0.0001422945875930279,0.00010290403937803392,0.010162019880723782,5.082626112454521e-06,0.0006237384113445348,0.0002757920212547199,0.0013271489852982358,0.007743622564745418,0.00625161033660739,0.0003483348011381359,0.007828033992637012,0.03158831167182887,0.0002547434165628602,4.9542540603411125e-05,5.295443129850494e-06
239,0.007425163507340617,0.011679057930280389,0.00016105670780863925,4.4540794545923636e-07,0.03710402889822909,0.00023347553977666672,0.008324756713267031,0.002911415067408564,0.06657344343894052,0.0062768722783875484,0.06499198882450476,0.001223895116092718,7.993546183692887e-05,6.741174378604971e-06,9.162955412170223e-05
240,0.028770487270526297,0.0029180474322162628,0.015605172314609714,0.00015078118552527486,0.05743080794285664,0.01357629535355707,0.001736129121366595,0.021233403171787877,0.003486208561221417,0.0001077799478901017,0.007735415633836436,7.255569430972305e-05,0.01531909777924516,0.0003002892105439209,1.9710802019936665e-05
241,0.011457086680193187,0.006176448035767208,0.050859846311462176,1.3087126392669555e-05,0.04328130303960259,2.3253164147099605e-05,0.00524124733157908,0.5441227457273605,8.773545501722274e-05,7.456517873111284e-06,0.0014672342285439188,0.18606540723955467,0.0003426047364822827,0.0011130082690257751,0.0017322405045120289
242,0.0008009038817493985,0.0009730161710406925,0.00643286815845551,0.00047797397730509533,6.104404992689791e-05,0.03877247220916635,0.0007701333088392376,0.07271545846144647,0.002357207761959633,0.0010239428520829406,0.0002597233878480692,0.032295128302899725,0.044521714347492566,0.00012971396298944271,0.0003085220283073714
243,2.1305473833517535e-06,0.0022276600358943272,0.019677529397788617,0.0012181385311670484,1.0315862253438553e-05,0.12816130126661424,0.0008873293383057243,0.1067404605702893,0.06607902194661094,0.012258031868030157,0.026661605887062085,0.013445964631651165,0.1317326206664742,0.004004167843514145,0.0005645165584916793
244,2.1209077489270134e-05,0.000713898108411582,0.016784322137235987,0.0035844291922911566,0.00024406099545021387,0.31301127458070943,0.0010819249822129932,0.041453688519833554,0.025954878841721492,0.01043309384372561,0.0018915818606909734,0.011449734397034138,0.343659903152852,0.003896842771855737,0.00034255575242551087
245,0.00023159232944318869,0.00022376610307186796,0.022034629880105756,2.0174750967802893e-05,0.000505972100301203,0.0017305825798313275,0.0008153368469478673,0.019209382647485965,0.0012262869404043204,5.9408800541205155e-05,0.0023405419545794834,0.0008744995312015882,0.0019002860812348751,0.00016641072735770835,5.61721600634964e-05
246,0.00019250717451699988,0.00013865685473090622,0.09497121461062395,0.000565809885508704,0.0007077429812800457,0.046656730182491696,0.015922956390756186,0.5202462220738966,0.04573146464575738,0.006771825753548037,0.03786380355978683,0.12617815081943498,0.05469847905861758,0.00010475755120825806,0.0013950772208610731
247,0.0028011251463769217,0.003817948180616209,0.012291115890101461,0.0018871556182608867,0.0006341503349296429,0.17212572701702242,0.004141496683297548,0.04786988743926949,0.04714035602424221,0.01073152895927696,0.017618946944393112,0.01555938612634144,0.18796451233936826,0.0017603827578607405,0.0001560986118837836
248,5.138889914436628e-05,4.500675283130963e-05,0.12936726121686415,0.004737403003088423,0.0008843318906176455,0.4226669322337682,0.024385817482476556,0.4766802094579626,0.16395147922993164,0.03315211053092402,0.08175436381241623,0.10150704643997507,0.46634958506434016,0.002318269834444857,0.0014339076263525073
249,0.004747526188428973,0.0056001668087647585,0.0789996960775717,0.004704318532707471,0.05795096529967348,0.45758930208919846,0.021493703439580306,1.2962209328102914,0.0011602082017713625,0.006279709757994743,0.027249373747421212,0.4426501946573559,0.4719874605222974,0.020612782138599652,0.002355135790720702
250,0.0007815885228692297,0.0018925808787764787,0.012715444717643274,0.0013606025334061478,0.0010579311022167247,0.09755938288428716,0.05013325609562363,0.29113651939139695,0.18970227170166948,0.008735540742022166,0.2792266601160473,0.1126583424670653,0.10814495001744173,0.005145651184150925,2.4494254283929658e-08
251,7.017937748979232e-05,0.0001325664319507555,0.08335442210411517,0.0019725493226356305,0.0009906155974802242,0.2022659422829925,0.005287467163812923,0.029319128800123034,0.12910495821610768,0.020809563461516245,0.06517416234082053,0.032723364604651646,0.2142450272070122,0.004269582620437548,0.0005001991611129791
252,0.00023893466386946952,0.0001826809338256116,0.06851766541460996,0.0001567200048922254,0.00025271054719377316,0.005070477244322908,0.0011644774889510553,0.31792519245839024,0.05891247580819296,0.004209023648428611,0.05541184125449755,0.061774797440993214,0.00838998680925695,0.0003743551697174196,0.0023044599085690586
253,0.01096138249920324,0.0004139162429947934,0.03753984914894825,0.0054172440804703655,0.033271490489370885,0.48409488983752835,0.006075123940413926,0.12490779622399138,0.07741278979148754,0.021702909580436344,0.018823034428476573,0.0362080707344299,0.5323115239399068,0.004682953565832299,0.0006111078919455703
254,0.00037778642679742256,0.00042686234523359965,0.0015714581000809188,0.004294652783611314,0.003447987505277101,0.38213819408831595,1.0629140435437457e-05,0.002086016841242706,0.018926934195046104,0.0098752947293738,3.0230426447662766e-06,0.0036749090017137993,0.4164830949513968,0.006708829739956883,2.3308123073512618e-05
255,0.0018116820405355328,0.0032336436327542045,0.021187747925661315,0.0030564469036214585,0.0003498052759692412,0.23164816872602426,0.003888154827822673,0.09454384101802518,0.026873428243971202,3.2259324940361525e-06,0.06686202317733204,0.031379186610759544,0.26607443453512253,0.0022547845321118118,0.0014863419425894724
256,0.007242350661263432,5.001162972183698e-05,0.005221515610549516,0.012542882044756766,0.03983660070873722,1.1737958017802226,0.006299887491763149,0.0035125505447894875,0.23280999758704532,0.06084303635325036,0.0561125472940655,0.00032539720965967536,1.2606502725364002,0.019628866935630273,2.3607729111793846e-07
257,0.0002813346927695697,0.0005139857113300501,0.0037413078112078437,0.011651941886448839,0.00284123375787173,1.0084805822759209,0.0006919922859347804,0.0008031537221883342,0.017877016039246595,0.018882060952655724,0.00810070285111696,0.004095983483337284,1.1049825473149373,0.016744817910515637,0.00041499000603269296
258,0.005438814947184243,0.002619096733081087,0.06853737255281198,0.0011160474614807848,0.007131080382264124,0.08314012154056596,0.04474522638537009,0.40984829254347926,0.14081803061310513,0.006335779201154257,0.21663974844138445,0.07765399193765696,0.09094716523892414,0.005528272527326034,0.00014032548027330857
259,0.0027022700845602695,0.01128258195047948,0.049719463095166894,0.00018410365014819862,0.017983830914271026,0.013079891262318401,0.02681697565123213,0.3627738291625777,0.08040601361176572,0.004724559695536167,0.11184057743812516,0.09109261655707755,0.013533756750078452,0.0025268258495655727,0.00032032684601509203
260,0.00012142136381243236,0.0017005848797470437,0.02323230520369893,1.567934981744082e-06,0.0032252589803878546,0.00036492283566356634,1.2984516704639875e-07,0.008385595770022021,0.0008749124023071335,0.0002045074268399361,0.0003414570535319381,0.05419320487667402,0.00021445459986192325,4.5807531539149627e-05,4.58278092241973e-06
261,0.006489828123618093,0.0016398570339708897,0.01575629476023647,0.0008836114920417039,0.001013907209708037,0.05850619368624534,0.0008602762250939256,0.16747317976864518,0.021596656042826956,0.00042597403396173015,0.03358178073618922,0.06958770051389596,0.07086022898083134,0.0001388399719393629,0.0013350534656091585
262,9.245378676458546e-06,4.030715032275215e-05,0.0008332122459335599,0.0038263367482968586,0.000738193043268349,0.2814254841994367,0.009323713253322421,0.10208375160980405,0.0656863637723214,0.0007152099202049339,0.1288051959017949,0.09634779594463126,0.32754373487475913,0.0028160854402751487,0.001793093665376204
263,0.04253998217429753,0.00011658758510693361,3.270205637365439e-05,0.0005492015366415249,0.04283864056528574,0.044308114074589074,0.0004652698015903158,0.10536607868425589,0.0002324188060932596,0.0003314531050629732,0.00021085089476668823,0.10087089303828588,0.05295849631632625,2.8211949958602634e-05,0.0004091334154402862
264,0.01163250586892067,0.008708882472372436,0.00960659370720379,0.0007585657204904026,0.031045919023043475,0.06355308050887165,0.0009520986485623451,0.009476271909372717,2.653819056546451e-05,0.0005849892269455794,0.004301347956044582,0.001288349649937049,0.06935575376831528,0.0017618858249833964,3.6808022519625533e-07
265,4.293474376446224e-05,0.00013093230688966318,0.023848259875748592,0.0059103241157520215,0.0015561160245035795,0.5143296082802931,0.003894588115390891,0.14048833890746276,0.05464219227305772,0.018824325679364425,0.007883108669042939,0.0627304720120949,0.5681864993999591,0.005383531103097695,0.0007694312209237565
266,0.007525988273318192,0.0014966737816066076,0.022361696118188487,0.00428506268216686,0.03663850392656005,0.39296631524721,4.254850831959718e-05,0.03113258136689987,0.02716729508603483,0.011136523145650577,0.00040589889850656073,0.0031035039476141777,0.42626104248923163,0.007491202342581759,2.9477842045812752e-05
267,0.0026125429101921858,0.009406009669932778,0.011463252313816804,0.0017617780803154276,0.015037998646272786,0.1223366738021336,0.016238641066057935,0.0037265035386919677,0.09740609139185685,0.0029489549223565077,0.1515241736163756,0.00030563088535670265,0.14109989239201703,0.0022017062790478884,0.000887264482545485
268,0.004668585418908338,0.00042740064157015646,0.04449646214167174,0.0015610865818665184,0.004947599937269194,0.12861108404963137,0.005620076825593941,0.2722477280906079,0.023283977579462847,0.006333468905273588,0.008666774332036952,0.08339700764706844,0.1456058290593527,0.0004525580382782912,0.0010120407464330777
269,1.561457473371685e-07,3.1325303532283356e-05,0.04254600826228059,0.005505304952883703,0.003487689108246844,0.5095461758502051,0.006771019462107599,0.020644610369199096,0.12624343229939708,0.030976952214178056,0.03952874120232773,7.500942311146496e-05,0.547968729267497,0.007179992265835956,0.00012520433794113259
270,0.0013504451683449198,0.0018270158122245834,0.010436427224837634,0.00462324611059328,0.004018619243736381,0.40517064353587545,0.00016497803747273602,0.00874518802460028,0.022361887492915653,0.011336199688302365,0.00010660836228458557,0.001954509495192632,0.44265157267928246,0.006004297055678365,0.000220060665783803
271,0.0013982215499689383,0.010410458158182588,0.0010658741103481404,0.00010315870472571975,0.019122311660801115,0.004699183502282071,0.0043888808270310855,0.005227670637858026,0.03883632857121543,0.0026055356597333695,0.0436063547654691,0.010875353847485666,0.0063097683082470185,7.444452923103299e-05,0.00021145714705219485
272,0.0002256192981159258,0.00015023422700759305,5.117807619139033e-06,0.00013167574402369009,0.0002620733182836105,0.010729675566053745,0.0008543970543595061,0.006046949998582936,0.0016770952488059899,6.356901377913377e-07,0.004606983307804178,0.0037526961167836533,0.011650659690389156,0.00033582297119192354,5.932665743807643e-07
273,9.665460055157392e-05,0.0015120865601056734,0.005441525394228962,0.003891625554499638,0.000421660655035221,0.3141584455209585,0.007117612908188955,8.111103815955452e-06,0.015807186622756916,0.00036041322302116617,0.06326261393340732,0.00022265560279352724,0.34982830312821095,0.005457386419660329,0.00047295602734905067
274,5.304319891448269e-05,8.701608333067025e-05,0.0662125839823763,2.5833664697500584e-05,1.7223795652401983e-05,0.0005224097432552369,0.03434617805786519,0.25004994446274315,0.1575724538062087,0.013073460536480843,0.17690056159190795,0.03389367279478359,0.0007347053644228901,0.0009074029806889456,0.0001031828179424499
275,0.00039047567315160194,0.005584194126440204,0.0006817969336626342,0.009640283866384849,0.0011361452515077323,0.8170068489386331,0.012238581651474357,0.051892907664266005,0.003978119214637129,0.0050250432629517314,0.07555579408988276,0.007452349452368419,0.8957364075087692,0.017031260262631357,0.00017271806167172476
276,0.00605102269484521,0.006216123721776298,0.01708063587474754,0.0002791719991689622,0.02200582801912076,0.024595515638140192,0.0042991874421250634,0.06801378436840344,0.024299194299515606,0.0032545777090230016,0.018063333562020865,0.14321256979444896,0.02832468475769968,7.9176817647692e-05,3.616242111454125e-05
277,0.004389042439729338,0.0029893508853275847,0.02091527651653353,0.0007224354483435971,0.019032019354635075,0.06830853859956391,0.009349708405813477,0.1257965977638679,0.056959012309520225,0.008647045884355413,0.038135947417865135,0.038904456486433245,0.07556374204475144,0.00014763956133659084,0.000229738340136083
278,0.0031930449250730988,0.006738356852503055,0.07958162351620644,0.0012432223478985181,0.0114626692157821,0.11823792435491536,0.0057680645415998785,0.01373116824803467,0.07131740154650903,0.011135104231623717,0.0398708904903728,0.177078764160813,0.13013733314537101,0.0015434604258638802,3.2397830184330916e-05
279,1.3359593568908743e-06,0.0011409333252061088,0.0009151501950402839,0.002232485750835423,5.894122226861756e-05,0.18764443174489417,0.0036408724863808703,0.01448449105479334,0.002337039044220312,0.0008133538571252295,0.022523613046878586,0.0011228392885814418,0.2061606683887824,0.004010988876496757,3.915480205687849e-05
280,1.0578477624002244e-05,0.0008035035632095621,0.054563354601167964,0.00015871118037736346,2.465827151550849e-05,0.004127148197709827,5.2771683035271335e-05,0.6347523480608488,0.05307036143094417,0.004217594775988641,0.04402931330871935,0.23417788425959712,0.00812254163506926,0.0010651285610092493,0.003383309437675719
281,0.007610153511796883,0.005647466385113844,0.14956028652462802,0.0006992900011865998,0.02689193619777166,0.05827172093409411,0.02940948535800716,0.776556870629111,0.09602896060208645,0.01330187515235897,0.08388834520180609,0.1766442179971735,0.06739528382810855,0.00012516563893335826,0.001847282343245387
282,0.00019732890572406235,0.00020061762362874169,0.06916316147006568,0.008570566504170575,0.0019468214563404822,0.7634682053040233,0.009113808064586398,0.15559653842232163,0.1288006568466089,0.03660053602179615,0.031573619075304975,0.03032086088083192,0.8343700880316013,0.008632478695348203,0.0008219336930013633
283,0.00010895669199563928,9.06632408398206e-05,0.10980336486536249,0.008171515610117523,0.0012496121400850035,0.6446963465821502,0.0009061295941770473,0.33361748120393675,0.005667758462778477,0.003212002604485476,0.053854533847137544,0.0694281464197672,0.7307544500269929,0.005720358639241003,0.0035465129200996613
284,0.0001669231719809391,0.00010796175389623997,0.09850246007180546,0.0002576219627851733,0.0003748080066350193,0.01327126641535349,0.0012067981201084664,0.16012901961679965,0.03587071790390471,0.0017653871709404142,0.04034021733293195,0.002948203122441158,0.017254223874307972,2.2962928247866397e-05,0.0015539164925884846
285,0.02735841715729167,0.003330832938565981,0.026488161651021903,0.0009084730524743692,0.03471894568913544,0.08252317480258978,0.002841811731145754,0.14832038049990975,0.00031107945893908066,0.0013222488554701468,0.004028587703182696,0.0232940298221368,0.08607109576216579,0.0038522211842357545,0.0002786443620607629
286,0.00046791733425846974,2.933123932708649e-06,0.0013297632428782668,0.0037265218866373894,0.0013473284093904086,0.3269849268664589,0.0033890427570260166,0.06285811128544577,0.0005881946157405223,0.0041431854590851264,0.013121317620977206,0.016882609801440428,0.3534964830000555,0.007702496717088517,4.761458178880895e-07
287,0.012187885581996018,0.0002143292743263463,0.01635549982641674,0.004806722505252597,0.004062331580465332,0.44989216504062624,0.012598883704449256,0.03228189167374287,0.18180564053512754,0.03479900133314725,0.08195203136110685,0.12526124946268002,0.4881688674290476,0.006138343445038124,6.371923526477318e-07
288,0.008919265756825036,0.003400409375121246,0.07095108579656832,0.004322588373884037,0.012408262311482657,0.34784973739499636,5.467347536916728e-08,0.1565344213167151,0.0003492693503932823,0.004350639954295354,0.009890036429961103,0.020718064395524864,0.38941252923965264,0.003607286766205898,0.0015357446379722763
289,0.016902879374507726,0.005658217337929843,0.012827187935733087,0.0032372090175272587,0.027849985622851008,0.2603540620983367,0.0002621907445132884,0.05901338385056797,2.234614371547261e-06,0.0026323329759201206,0.011414421503236414,0.023487391675435114,0.29103591163257486,0.003416896344828045,0.0007408480824403712
290,0.005001193750420804,0.014910656323790485,0.001014493968863607,0.0013128347089164754,0.053027359549177526,0.12696037712930341,0.0012191800251967152,0.0014666127986191825,0.035195751054115626,0.00750953072829176,0.011681795197414656,0.0011453784137256957,0.1365771894521069,0.0018663938164805768,1.2931773175107899e-05
291,0.01529567721386209,0.003252692845463794,0.0028573015292862585,0.0005480682519946016,0.023064486876796183,0.06315904465641825,0.00917651410980516,0.007144313360244916,0.13056233509647228,0.017490143855908035,0.0901064027717149,1.399214326322925e-06,0.06334654967947917,0.0015783212812135149,0.0003057629170805195
292,4.441606346711152e-05,1.023475915909186e-05,0.048871476110782096,0.00017690842794472925,0.00017354290495564102,0.005067381451470607,0.0006349555251111772,0.887755147840962,0.03035264432781901,0.002453758506650721,0.02197982261613958,0.392846422258149,0.009922579971635726,0.0015534069545179476,0.003901642449852551
293,0.005391307954512666,0.004481637806518363,0.0029294727051646795,0.00015514050323121303,0.018409492113645964,0.003467155304048261,0.024281912626868803,0.03514913237564225,0.24733359493640109,0.021064778589889584,0.24820864337063414,0.05301098579476991,0.006774641499716521,1.5758097702666003e-05,0.0011939938575718304
294,0.005437102238676615,0.012607358076536523,0.016872999101082774,0.0068911946780406425,0.015057866577766267,0.5496402092690215,0.01202615213675223,0.002077151309861166,0.028974635999201945,0.0006840876640234564,0.11306547163559987,0.000244261168360454,0.6118854887149081,0.00979960312725481,0.001015654468438761
295,0.001833449655910109,0.0002813711933179599,0.0001931139187731378,0.0010140008859418565,0.000739891533882958,0.10902942873275448,0.014996196961361414,0.006951427139852559,0.16620565222073352,0.022957612618092336,0.11330152960859215,0.0084187124894358,0.11353118959254234,0.00147542036276838,6.553320629421531e-05
296,0.0005021192139181705,0.00010148609642138045,0.0010428722171599617,0.0001842343882115457,0.0002977764941068047,0.008903148395439268,0.011817242286705016,4.8956232169071515e-05,0.08990817912384547,0.00614530166316368,0.10258513368218967,0.00024028606814015667,0.011549067252916205,0.00016194489384642984,0.00034226417251677626
297,0.0019065730240971752,0.0021176409930608597,0.0004020141876691535,0.012182656680579041,0.00014872461901693348,1.0947284091440075,0.0001528085531493201,0.00945138031094664,0.08516995322227533,0.03567971098665177,0.0027812267464023856,1.1567121392623143e-05,1.184166618855134,0.020140993233018704,3.898890786787927e-05
298,0.0151827852006654,0.0007945768706895712,0.0005600004387065669,0.012398966889201338,0.062399382271459164,1.1078773616048845,0.0008376504134199766,0.00902971497108688,0.08092952034619728,0.03316578888536309,0.003017216376855047,0.02770833838348416,1.2120719795192916,0.0161396158920567,0.0002648957704634548
299,0.012300157516447705,0.028662365690591364,0.01601209887654875,5.4503084177850084e-05,0.06819977039383221,0.0060376107621388665,0.00378089919172695,0.2269173786274426,0.0006701407872149226,3.1469065863797956e-05,0.0043301681807695015,0.08500866070019887,0.005099516481515077,0.0016876581299459202,0.0005408034222335229
300,1.0885364765314863e-05,2.0663556803302435e-05,0.01996120327155817,0.001587644454202807,0.0016239901970340708,0.1378604673722474,1.2175003926872678e-05,0.005494796443811742,0.004858609337537963,0.0034151336796054265,0.00014364558947786883,0.0014980226357063594,0.15038540852442336,0.001972727127532784,0.0001530685938500899
301,0.00018190464635815123,0.0019639368882783193,0.008524825402968788,0.0026099662616646245,0.013898922474285771,0.2332709415035283,0.012356641978383693,0.3045414378064076,0.0044939013599934775,0.0009021826865894361,0.039494429017303316,0.1230377111637424,0.24759296493255026,0.008188603912851332,0.00021146659355409959
302,0.000109318517186587,4.707911200652479e-05,0.14665973817606745,0.003889813314331069,0.0020962520113207085,0.3078355904597581,0.0038359092070356223,0.6160804873402614,0.006663879955725942,0.005965648203637778,0.00012174848949498762,0.137916777028718,0.3529302107347558,0.0009795822475827949,0.0032607299847302157
303,0.00012653355752141214,8.3398532172651e-06,0.013391670147111253,0.005484855314797665,0.0034397480799763566,0.4116387642452306,0.02109439886269923,0.02541510171731954,0.10922368866564056,0.0011823022322181747,0.21787972132758954,0.008425695212511491,0.4704246302252562,0.0058048268860860204,0.001830224025871723
304,0.004849671684665277,0.0002210145591675365,0.023550523430324245,4.72913020374057e-06,0.009659271905252995,0.00027561093139382966,0.013550402080229531,0.3321091675901801,0.03401979650917076,0.0029251769262069838,0.041879559947187096,0.13013031429327274,0.0005529851575048148,0.0006982122584487774,0.000544289986901247
305,0.028092713768168503,0.014074216345640905,5.28628847039692e-05,4.9668830838591915e-05,0.08376868332913615,0.0016548853782288077,0.001590983792818462,0.015249369157982296,0.01905499561668431,0.0011778218557245263,0.020384704044821605,0.01456428407970291,0.0023516796882954035,3.196441819437394e-05,0.00019893528758619102
306,0.00019468706687377301,0.000150037877132274,0.009637880435180202,0.004573347675356763,0.0009002240955443175,0.3973766676994543,1.7061768372955494e-05,0.009367022703410024,0.014926077525890709,0.009600847159402993,0.0002446300436938981,0.002547777087988483,0.4352305071820458,0.00596054666081305,0.00026095237104767664
307,8.571519361741164e-05,0.00021864740187086608,0.013862343103606671,0.0016453054960262645,0.00016651566198000169,0.15804081140917187,0.0065402916777715595,0.013567578583592383,0.08480554265455269,0.014411025212718025,0.04396071619683016,0.06808858232999493,0.17160921064235657,0.001969567762238059,3.852198332594294e-06
308,3.529037135194726e-05,0.0001042923942912855,0.0006673466744414747,0.0011276675540215606,6.747325292148388e-05,0.07271320579438195,0.0014396988172031137,0.2618043760778144,0.03793369846064295,0.0013704098149805509,0.052583474956946784,0.2605090872824035,0.09123808394008168,7.646241475601136e-05,0.0017015390065281332
309,0.00029663931894083123,0.00025488411220935914,0.004913747443981642,2.0965203595458492e-06,0.0005448788874345546,0.0009192157741799071,0.00016402491584280472,0.04185588241504941,0.010358092778829762,0.0011429619208577135,0.0073920898295212695,0.012034535064576178,0.0006188456867020638,0.00022117170950738263,0.0002614965433426244
310,0.004380334716727054,0.0017948185847625503,0.2501150038848032,0.006417587480921271,0.04058737205559814,0.5666809137686495,0.029767027928840513,0.6306668264174909,0.014427040402426108,0.001101175815018149,0.09958946715033187,0.016849607727827197,0.6141802440615769,0.01836816981371277,0.0007147150385445725
311,0.0008865559617693073,0.01839763128878528,0.007938816914737691,3.8595913511967296e-05,0.01552851515063448,0.00010285769956549068,0.0015748366785152134,0.2977993495855269,0.0702043504973227,0.006330123507770862,0.058944424050921436,0.15929632502168106,0.0009005596689115545,0.0005852106768023551,0.0018384948042850624
312,0.00030629525264364553,0.0027224906753054176,0.016580877274414936,0.003959905653458187,0.0004516153767960172,0.34357872327881495,0.0011186266963823669,0.05268799174098252,0.02619075449236943,0.011043656376566095,0.001541553354886084,0.017804046748096224,0.3779058097732034,0.004269843667315449,0.000416635339521869
313,3.310526023378615e-05,7.242598537826665e-05,0.005073237964342289,0.00018108746002319515,5.044406205576362e-07,0.016067633980711746,0.00047976106634188564,0.01268308556396868,2.2583306519442268e-05,0.00011239173085834809,0.0013810395551776343,0.00026536125434202946,0.01733912944709218,0.0005033299143576146,1.5344261459846525e-05
314,0.003126565354542155,0.0012258594765417836,1.3772124411123259e-05,0.0015779134157062641,0.00027678515192289206,0.1411965445375456,9.67105626684324e-06,0.004750697928198547,0.008498608903061861,0.004134506555223726,2.5233122375371498e-05,0.0004216970582680654,0.15245484094939904,0.002771638542762268,8.756446376496433e-07
315,0.024101064107961208,0.005430898076250185,0.00013327474960069362,0.0125738469061564,0.016870149040577355,1.1025967912339212,4.593769287433143e-05,0.0016799564863867434,0.04982112770293465,0.02881596115736935,0.00020402752653901225,0.006153375172500899,1.1996248899071797,0.02038109003946133,0.00014313135619838766
316,0.0018912364566076696,0.0018209500639827963,0.0035135016686687146,1.0416632969552118e-05,0.006990963623527916,0.00017534958379540852,0.0013904931677832142,0.0105188448351873,0.01847217606403951,0.0017713308712770097,0.01739479442422132,0.023524048025811102,0.0004723435915706642,2.9595284340905815e-05,0.00011851786663279643
317,6.592961622358776e-07,6.916868491384516e-06,0.021578775071144182,3.6254424418677105e-05,0.00014624373245073757,0.002279497772516818,0.007552209126362606,0.29517663036076186,0.012727498685762744,0.0012340664715498214,0.015720671864510434,0.11677349962031291,0.003367868349084045,0.0004994986029046452,0.0006686173013994788
318,0.0012229860546572957,0.0010286141032201236,0.06127562351025172,0.0011116404416452877,0.006074393936934851,0.07852070835274125,0.00021786163914176726,0.2131386946820685,0.012697034154379574,4.020862183970892e-05,0.024502227450825472,0.03698481410693504,0.09328959381269547,0.0001394446215278255,0.0016860294639618532
319,0.005960708510186791,0.032428230565871234,0.003526795466296542,0.00040889160314999185,0.07177312070047631,0.022703408091120134,0.002507690110611861,0.6078881931275241,0.0011990468964284647,1.2339711421086466e-07,0.001125805992078232,0.4228241349830524,0.03121260715045467,0.0002505393185091859,0.002089048191061891
320,0.0007532320400724395,0.0005039923526181953,0.10495161358665064,0.000496431037018218,0.00010478141598372377,0.0620378942164,0.0017356595122069408,0.19000537251475338,0.0895054527569825,0.012047762537598957,0.05181002264257584,0.0016003662933297335,0.06127045273871264,0.002926842562633234,0.0014550438053216616
321,0.00039150271002807253,0.0003597934959337159,0.24432262617579922,0.002670641989306456,0.0009190925731596453,0.2623865644361643,0.002179585156962604,0.426366923058742,0.025174391128608968,0.008515477876698565,0.00046853415630711335,0.001268979853736449,0.2762684460951294,0.009847732338458851,0.001551028229162206
322,1.3159523121016542e-05,3.578730783165609e-05,0.0016823723221141649,9.05640481796333e-06,0.00018149561037819219,0.000988698973260609,5.539018894314025e-05,0.00018255175928203482,0.0010467669729618983,0.00013508584431001116,0.0006477170987452542,0.0010385881364288396,0.0010568928991390746,1.8417578717436992e-05,6.185827904795475e-06
323,0.01776213297129126,0.004116396911423272,0.2358199326971073,0.0018582644445565117,0.047835193360438996,0.16466965617157406,0.016006707905287312,0.4366129895430444,0.0728079981869681,0.014227590011840995,0.04134187952342132,0.020358351550627173,0.18335207940861115,0.0002022614619842863,0.0016039250921320945
324,0.0017807970161522915,0.0007953185397820159,0.08770062733588928,0.008356863220150118,0.007304791667770036,0.7901066546779825,4.425987638617465e-05,0.19934535498396785,0.1143653258407507,0.033560892437856024,0.015252757559468998,0.0001722795384896264,0.843174073263922,0.018743372643923666,0.0006025293505152721
325,0.010738537635632404,0.01571471871857129,0.044353006284059845,1.1113872200103545e-05,0.04146203894710693,0.0039173767404315964,0.0007796541294087717,0.4410634737797985,0.014623562367885241,0.002186292807631577,0.005914537230881064,0.14178373128604796,0.0023286142989827124,0.0022194832225534617,0.0017916565197045927
326,4.0635740962889217e-05,1.4828793776421174e-05,0.04266887087421351,0.001402219750663144,0.0005656500426830797,0.09839507145625818,0.0008609952237194537,0.20710708304928768,0.021112577600095862,0.00016404433083360407,0.038615064431868296,0.0532701564048026,0.11681727866068697,0.000313494385340263,0.0017883129445925186
327,3.179740148536901e-05,1.1867994260742729e-05,0.019632875854891988,0.00030317374839927415,0.0006417521976367738,0.027104879752949704,7.374478926565728e-05,0.0019328163565559204,0.0005002354330167566,0.0006702686218738211,0.0003571783759202862,0.026733716516383964,0.028571914832896346,0.000576362122866559,1.487500594169362e-05
328,0.006849394004280112,0.0009246924052106577,0.01664935285935694,9.544887714267684e-05,0.0021986101074837608,0.009286595185443025,0.004017543492463693,0.03548699714883198,0.024076823169277655,0.002574987901118487,0.020858428385282984,0.09397758544580993,0.010671475004866033,7.483654065940916e-06,9.31628682276553e-07
329,1.2802866690565082e-05,1.3740907347297183e-07,0.031628483578810325,0.00012182731103908336,1.657122240566836e-05,0.005170598785686134,0.00014642613301904457,0.18908511453176927,0.020039839543807864,0.0012482741390322071,0.019460985177858655,0.04719820979440512,0.007657904809037172,0.00015804003205358372,0.0011965274685145485
330,3.2812587307101637e-06,2.492125883618285e-06,0.06280505254500662,0.004284659298548816,0.0008650510588000994,0.3054167165261789,0.005261141588990674,0.3862795972281589,0.07082723035361227,0.0006711438132865522,0.13181813844236917,0.12925088998522877,0.35971211764129996,0.001656499089245833,0.004028019916236421
331,0.004884059432329904,0.0010148454345094238,0.01579318276673356,9.297279250805863e-05,0.001519876244462876,0.007153708582210604,0.0006877144466046356,0.059090653195842,0.0006919570864943282,0.00023606327133380789,0.00029200280531939307,0.00986796578853721,0.008538127832856558,6.097648881994137e-06,0.0002452249207524468
332,0.0028980228682498315,0.0022384525627349374,2.0941589156630046e-05,0.0007833089357635718,0.0076148965795802765,0.04611693564153052,0.02141510423263578,0.0006210614089134294,0.14976133425258692,0.008436716047844834,0.18774074283645836,0.0024382162456144086,0.05615581373583857,0.0009076534160297277,0.0006724635463269174
333,0.009677708525070536,1.1612788262315352e-05,0.08330547793090155,4.5607801400306744e-05,0.0054821584325670195,0.004869013970212862,0.0066301994792281205,0.2759614001006258,0.0055245895392892486,0.0002094673896899459,0.012179760340840479,0.029635837938474123,0.004437920798505673,0.001458726258571474,0.0007418135041635173
334,3.423317740897008e-05,0.005225973545915167,0.003167749914753825,0.001186529427044109,0.0022901999673274266,0.08804603703037185,0.017884090542721436,0.050217786112698004,0.06925342849055521,0.0021694608187026467,0.11484157414851383,0.012779665215382038,0.09887958855886224,0.002776683457595276,6.510582322149944e-05
335,0.001890991608161838,0.0018936126980794868,0.018068004529696244,0.013286212137055662,0.00027306278212547183,1.1411573695529376,0.006180837480898808,0.02717856062097375,0.0024654111886215245,0.013748066029862827,0.0377066432303222,0.008938779181086378,1.2523196115077662,0.022042872751341553,0.00014668320563182243
336,0.01462425988246722,0.0022431418873004702,0.004947687630412003,1.956308099846235e-05,0.031373832144043844,0.0010658762467070254,0.004922310572139949,0.16917450725206837,0.01001589408051144,0.0010182929936633377,0.012072622816359601,0.08909496995999117,0.0015721023387394437,0.0001891982691118498,0.00032105463332293373
337,1.486063217791755e-05,0.00045445550205244436,0.07345616340221094,0.0006712744006047834,0.0006331431654130172,0.044796347923056305,0.001427967290577635,0.1031331986433779,0.024054184450538064,0.000513262643126928,0.03653351240219216,0.0013181676339563157,0.053100075997347944,0.0001385954676826056,0.001233052108812633
338,0.0009264554023506975,0.003064115750172426,0.14799277899341726,7.51843300990727e-05,0.015159301997632968,0.012488161630215922,0.008339565235364957,0.7783957146571746,8.259900870526164e-06,0.00013099377550732,0.003226364594033529,0.15162283489686587,0.010439619791564223,0.003332584851591809,0.002518993009307507
339,0.0012036713186929463,0.004662700658466415,0.000987146315363103,2.776513377811717e-05,0.0112348216651105,0.0011757853235455293,0.004122077758405811,0.002059304738734836,0.0286652452788201,0.0021508837389933445,0.03186842470933879,0.004551449630212846,0.0015736499729610755,2.831192130577739e-05,6.051201743394774e-05
340,0.002394872854283041,0.007826768801829217,0.11828906510473672,1.99364189639887e-05,0.030411564897247945,0.009014808451459837,5.928083271779836e-05,0.6807155563455591,0.05157834459599095,0.0056602615560054845,0.029940440383166237,0.14559109025284575,0.006254237009504073,0.002578236934677323,0.0033837439660604042
341,0.010638793023830403,0.010434865590506241,0.09615709312054686,0.12190139664003014,0.01031296688757673,10.772607077889239,0.0005626492807491649,0.004569929721215255,0.5864094181446879,0.3016533674251695,0.0009044577934543107,0.005550738430926653,11.719675431195016,0.18090686246156967,0.0026308380638589016
342,0.0009234823775793335,0.009620921017428181,0.008861925247342018,0.00015576917612266907,0.003034830862612708,0.014782611537942513,6.8265418688064e-05,0.0008914193568745296,0.0035996778905109596,0.0007899968715566429,0.001059354071805922,0.006335121301326852,0.016057806441991496,0.00032639309563805663,1.361658048172006e-05
343,0.015733775009508125,0.0025266874147114905,0.003533024258212081,4.4953291619800387e-07,0.02862214680147406,0.00012827740028491805,0.0008567607420946659,0.03238601389038603,0.01981467193575729,0.002303262802738822,0.016104915720718656,0.04868565377820111,2.310412915722375e-06,0.00021985732147543344,0.00020537910253600727
344,6.222502861946857e-05,2.4506943707772042e-05,0.011212005567803919,0.0014659965630093711,0.0004207965517128781,0.12603170000262834,0.00017616099373842433,4.330715844514815e-06,0.00145956274604975,0.0018620441279893144,0.0015142290488429334,0.020642005122030748,0.13971018334303062,0.0020816961884483776,1.895648074440512e-05
345,0.008765296398207926,0.006486241983536451,0.10896901802920143,0.0013564121300911486,0.046798894980596056,0.14146680481350665,0.006643920928510019,0.0024210903715509557,0.11043229770000232,0.01551069610607312,0.06389689796171706,0.10568057826988182,0.15280192163405729,0.0020137294931063263,0.0003156188001207937
346,0.00040776343792616154,0.0003027183037250544,0.004063926953298916,0.000576089164801549,0.0004436642755006326,0.03838809775148814,0.012242982972117745,0.005017571224464675,0.0681611187230018,0.0030257798931524653,0.0954028999106443,0.011401860931642832,0.044262601247620256,0.0009732731195901779,0.0002519736619313525
347,0.04415746716047386,0.0077996750804909375,0.0353875550416808,0.08687631203983032,0.3134600692666975,7.519057222167351,0.024189986210104746,0.03775098517167225,0.036017204772509075,0.1035920684384602,0.18588773569564618,0.007428143445380958,8.23809739169516,0.1290268310364158,0.002620741317257737
348,0.0038880396689921514,0.010903609204540612,0.009939346675096982,0.0007662005178050799,0.02833495904757786,0.05008607974109971,0.0005788086638660029,0.47237369451542954,0.005574197091532445,0.0001436274101959976,0.007768866718468671,0.5434761903349304,0.0659594852530263,0.0001274636267688799,0.0016834053211019014
349,8.894277584208532e-05,0.0021086106499664005,0.11017963486753192,0.0009553370154686896,0.0002742185113590232,0.07891005762936243,0.0181249314620391,0.2552032088975915,0.036245878465085785,0.000908120404994142,0.0734935233781555,0.00788198959423236,0.08608125785792138,0.004049443012296867,0.0002651526773323806
350,0.0007927500700156626,0.0004472951654685647,0.09835230139760327,5.507943908431579e-06,0.0015729407878698428,0.006096097513444956,0.000680684744311272,0.5357393527023767,0.0888368272816962,0.009131291251294488,0.06275165045508699,0.10990154621563737,0.0036761873113327357,0.002146329218496213,0.003221959275893968
351,4.794080725555576e-06,5.371223112725126e-05,0.013365628233125058,3.352884644567224e-05,2.947736972769986e-06,0.005093351201497004,0.005812313971968818,0.008237433623583486,0.045655982751585375,0.0043552169633512975,0.04150086407254354,0.04140269718391833,0.005338728494388226,1.0860330010094504e-05,5.156286224628196e-05
352,0.0001697590963693903,0.0015467020807727837,0.008857905021484355,9.752904179004981e-05,0.0020350177006651948,0.015520576335502566,0.006224128178083037,0.014379999549237684,0.08485075781626938,0.009281630121203909,0.06710277731336918,9.409859450502796e-07,0.014704862894892937,0.0004235626682778638,0.00039304742709576375
353,0.001243939886473567,0.008837990690036305,0.0038712222943732173,3.725630909133825e-05,0.014707379352311726,0.005951189753941466,0.006397398394326196,0.002058470001739352,0.057663557456641805,0.006000073850793493,0.05051108414150926,0.011922944374683884,0.005752368313327569,8.655340574346187e-05,8.740230291518263e-05
354,6.293012453530178e-05,0.00017894078885168465,0.0504837128963564,0.008082643496919863,0.002288328828954482,0.7011524676286393,0.0021762539290472145,0.11490297431785353,0.04999906154124597,0.021842110597234572,0.0023915957902655876,0.025593744212011063,0.7714402317549003,0.008330877831448733,0.0009597196191474743
355,0.002958874106375342,0.0025113666373503996,0.009718223469088356,0.00042990537323672935,0.00111345960692465,0.05646434073303466,0.0031379938651603296,0.16488848849197466,0.1083784816391259,0.014836405318887892,0.06647890869485058,0.05801018869737891,0.0537071447180011,0.0026039096903251076,0.0011110231503630656
356,0.004100319764646832,0.024853040952926415,0.011990548653565929,0.00401748728682094,0.08125712582287548,0.37105033400479215,0.00014643894611525736,0.012479133403767592,0.038452873534940916,0.012601270137786391,0.0034135829750794947,0.0051576975349035955,0.4027119120916546,0.006229839889617767,1.122085436386031e-05
357,0.03787682550686674,0.011110916606264492,0.011815891583771524,0.0008363536376859902,0.07600305895686052,0.06564884383506994,0.002945907822970757,0.011654358408821343,0.004659101032308576,5.416795468439886e-05,0.017024039242403158,0.0013911260697229654,0.07228382169126482,0.0020762367612959546,3.8755187349128635e-06
358,0.0008920795845256481,0.0008884994910974575,0.054110393571823116,0.0034178102693681136,1.0264288037333643e-06,0.2830691587774629,0.02385435553875091,0.22980140395701415,0.040471876669290516,4.975981644519163e-05,0.11444813518991176,0.019681644098077898,0.30979339124413313,0.009111073658517864,3.730968540199322e-05
359,0.0005077759825198194,0.004056759865293638,6.319485556168327e-05,0.00021693880341033627,0.005033884094341969,0.014896204225736818,0.010775133339060838,0.061407148642435426,0.0428326380975643,0.0020315579381790013,0.06067669755665106,0.046891385514743054,0.016265772672637138,0.000998638682507591,1.6810276201630377e-06
360,0.018804078920107034,0.007218304621957286,0.30594892951500025,0.0004028951644992571,0.028027150151468914,0.050205644501704665,0.013440625193292003,1.3501142903833767,0.0014606538405013787,0.0012822909277069676,0.003501075242856948,0.21181726123721306,0.04561451537705135,0.00868820225547998,0.004468098763646589
361,0.002816579015804367,4.4385337127100565e-05,0.2427735520881297,0.0017452117663505151,0.0009051904281160017,0.11928255857141166,0.005712360728368352,0.13741196380425133,0.06254163337527277,0.0010451262486656206,0.10096194643228742,0.01656750288233071,0.13758013727621396,0.0008561286633814566,0.0025715644938569633
362,0.04546023991507039,0.019593721491207115,0.043658393634535185,0.0017688054150925645,0.09911477689918281,0.13650675665804857,0.014998674478911136,0.08156188324588125,0.03710841549687301,0.000320110087946448,0.08229179126303456,8.035695159700087e-05,0.15089081409969465,0.0050183436199068635,1.2451304228215496e-08
363,0.0035837948301794334,6.533007160535141e-05,0.015256108647591604,3.4603617985098034e-07,0.004658203817261395,0.0005141079927782732,0.006462008032734656,0.020851297607821714,0.03939518784136525,0.0036739472445537704,0.03926409365666042,4.462023275308298e-05,0.00040347998230596535,4.184746069399339e-05,2.409993548156344e-07
364,8.611695289642062e-05,0.00016319785385990194,0.011659062427366383,0.0009660723133641787,2.1120491573767156e-05,0.07440342219256364,0.007159832081468239,0.012264866796678629,0.02459704035885498,0.00042728878601437214,0.048689292970506864,0.0014068438058507278,0.08415978370196733,0.0017483282496692707,4.295192529749602e-05
365,0.011197915807441618,0.0012365779208596379,0.00019252508501315028,0.0013688559799412245,0.010492392279711485,0.12347256592115588,0.00044121054812559785,0.00641169685381199,0.013048402642222161,0.004301127010709548,0.001590377134904225,0.008608158286746374,0.1356519089048414,0.001536622265149104,4.882085681482151e-05
366,0.0007458020483739853,0.011793545965980465,0.030316749834471246,2.7452756491453832e-08,0.017899158874356967,0.0007029439065760302,0.012777798604445442,0.00782563330728257,0.09811964181524806,0.009776610452046015,0.09404251131145994,0.009054807902634132,0.00031316395351758887,1.8000029877238098e-06,4.521865442056581e-05
367,0.012123526968848596,0.006357064448090298,0.01792444570491542,8.390359528445019e-09,0.04338520195695827,0.0011129974850155218,0.00014305043095310107,0.17399485690654257,0.024364894928053007,0.0023036373801256635,0.017438022914031265,0.05480329548094558,0.0005463468234598921,0.0004424841201409811,0.0009614324120196052
368,0.006503820719265036,0.01860843563220205,0.04758574423327509,0.010012666431975775,0.10274177961837731,0.900817928953095,0.005652700318255522,0.19834641869970196,0.011639582281749333,0.014463089634498544,0.014234477953516154,0.006786976266124975,0.9760718460656089,0.019769000665239345,9.52405199214506e-05
369,1.127324073062813e-05,3.818451194821464e-05,0.00787913527922927,6.369296042411736e-05,0.00022644367248143352,0.0040675749942577855,0.0022369981006523845,0.0018080500734119907,0.012784773896752281,0.0006091525573365264,0.017049329110571807,0.014457398928432305,0.0045935519265077485,0.00012312796546011358,5.120727748668705e-05
370,0.000976581441274186,0.004090447849290638,0.00908544988575081,7.973731357884472e-05,0.0006600204758961248,0.010333852579188911,0.00818454611324574,0.02634579547140815,0.05838878208339101,0.0065983920019218635,0.050291681341253086,0.0033950742695372732,0.010477016795748207,2.2496041432392144e-05,2.7756825388662086e-07
371,1.7177921194284394e-06,0.001710909729332115,0.013959442217682631,0.0004523179824094619,0.0009081141690244524,0.03792838809014374,0.002208182750092631,0.08858829395406016,0.009416227978833042,0.0022143547152581418,0.0042712371497782,0.027545914120228818,0.04294311031344616,0.0001097891944321268,0.0003008626783429332
372,0.00031261246799119336,0.00024590231242587054,1.8144419392450146e-06,4.6990139973661706e-05,0.0006013869913574541,0.0047152518356363094,5.423508787058099e-06,0.00687076581629529,0.0010046179284800634,0.00029751215256900327,0.00014619355977225492,0.004724130757501222,0.004764538928584485,0.00019454984916235897,1.612510731641856e-05
373,2.6407343387259033e-07,4.936985497598377e-06,0.043856906764031776,4.716771639747115e-05,0.00019777601584570424,0.0019320926526061625,0.002435284336445065,0.3025640840011058,2.0163687538097496e-09,9.185792745124175e-06,0.00016671057305497544,0.0812215039321388,0.003181414724927681,0.0005078940711005649,0.0011038106072649401
374,0.00011792826953056044,9.388752874526548e-05,0.00942807454745046,0.0004263511500986568,0.0003180470138156174,0.02492440654867453,0.0024477225120657486,0.10019745072799596,0.039471691250812985,0.0019371670460911214,0.04840082579402121,0.04060401169076025,0.03160241547985774,2.761830903192806e-05,0.0010136093236670332
375,0.000247549351253306,0.0003193221241389989,0.7106145732663928,0.008028736948688917,4.190911661510724e-06,0.6386341024324682,0.01773842611148677,1.6991710384959433,0.039234130415017915,0.01966955516095709,0.004490277250559543,0.15680158305024897,0.7268968480159612,0.0014597293881158013,0.008738066192864675
376,0.0046188465203036095,0.00420950561487526,0.022117201692193406,7.411548012313189e-05,0.013166352473047219,0.005239709772557621,0.01623511168247422,0.25176304398296395,0.04617093466180666,0.0027319169555122917,0.06394526946403624,0.08470225600073922,0.005122963522024809,0.0015277779526815124,0.00024628589833988605
377,0.0012939253380933916,0.01255635779220249,0.13797949929215061,2.5388767753655245e-05,0.02406878890721514,0.005140355698249837,0.043441081052346994,0.35181590342343566,0.21261989655303237,0.021235751611131542,0.21597814760210285,0.025911909266787506,0.004925838233404681,0.0003591135200940693,0.0002734384546947221
378,0.009162462268382552,0.012261896094814699,0.0033700699789157938,5.0430151815885414e-05,0.037733629003648426,0.008992452024172159,0.008120861525550199,0.0025898890362049507,0.09078024573401816,0.010379628714805873,0.07533001887433251,0.009294855687667367,0.00772479829136326,0.0003536262511348233,0.0001962910417211505
379,0.006195802575912669,0.005679403013116264,0.0648246435492596,0.000909024056880263,0.028135510359872756,0.07323661773623559,0.0014298626116383787,0.1757122496547106,0.00246245786407507,0.0015862181954265598,3.584371438803559e-05,0.021358220733335615,0.08407185026975515,0.00010681337704045297,0.0009381398982546954
380,0.04828754836694544,0.002354860119215451,0.04176372781044042,0.003049128869752858,0.04925537858056577,0.30716136848852865,0.04216888201290782,0.11631962770041239,0.39660515421940584,0.05885792464272834,0.2660286660858053,0.022793000494005334,0.3228259922428186,0.0034491183849749466,1.1641951288314829e-05
381,0.014746013463155946,0.008407191841585128,0.003970977375804031,0.002875274059231498,0.0251878773127937,0.2693519562474412,0.0003152666706803698,0.03853702476211441,0.04946229759458259,0.0147451061124374,0.008891817134451318,0.035469811426904405,0.28320983569088604,0.006729629099015035,4.740386020614989e-05
382,3.775664435076302e-05,8.284602492771184e-05,0.00810451882371022,2.2313481257197967e-05,0.00022037998966727113,0.001907436275403978,0.0010847394177070037,0.029430014353495345,0.0033138461837780723,0.00044358309860076167,0.002964313563612583,0.0044792474058275135,0.002218730174169736,1.2840876075905531e-05,7.630781232168262e-05
383,6.454448812043488e-05,3.259598913321093e-05,0.005953347984259767,2.2083978357459398e-06,0.00028420801818794105,6.395688074016074e-05,0.0018510678339696905,0.012045971117967465,0.008750486479963649,0.0007494753495583736,0.009776774200191478,0.000369439570203191,9.391638662432217e-05,4.2749916769553535e-05,5.361063586233422e-06
384,1.179942797491948e-05,3.2454750558940627e-06,0.033993592934781935,0.0006697071439809701,0.00011496237422318647,0.05804587938885717,0.001805197589321082,0.05763552504336291,0.011946830649455722,0.0032312785495543267,0.004047222667786664,0.0027896901540593634,0.06400616530176956,0.0003628478401557882,0.00027128491022301464
385,0.0015363406416095812,0.0008621245651221983,0.03222136736700049,0.0034974473859907553,0.002204230458660219,0.2883915719662079,0.0009176100006851671,0.19856101983951613,0.006457202914234926,0.005507375168683298,0.00044302688225340955,0.07349658090920147,0.3253184874913759,0.0021329998908001394,0.001239283134913922
386,9.212331763198561e-05,0.00016397363397284588,0.033252397867419986,1.3679792476207596e-06,4.980107120768736e-05,0.0007249091977005875,0.0031544776622286852,0.10667056492109538,0.06868100696603317,0.006261253950906718,0.0589976987222781,0.011393787573695231,0.00024372929125378754,0.00038460156772529986,0.0010883191650221929
387,0.0004377187898387345,3.599171892993306e-06,0.015798279180413793,0.000899312527425156,0.002975017038555987,0.1228081092674586,0.06945427549665457,0.04030335944585747,0.6251286078558185,0.07069102463956577,0.5160035369065707,0.0072582535896769775,0.12164629606447287,0.0010325333667422193,0.0003458682795478824
388,0.00018783524456450438,0.0001433198474079611,0.009065317678851123,6.313094520272148e-05,0.0007352334124839398,0.0021589059087204496,0.005207139463918133,0.00812715719612229,0.05110899740727372,0.003637612055147451,0.054499133546056,9.56550374317332e-05,0.0031173854610684793,9.12498560017122e-06,0.0003692347347044657
389,0.017063193235854333,0.0022382045937684317,0.05526461848324386,0.0030213260179898084,0.062466440964173864,0.2802684677381627,0.018319243276420535,0.602958987315595,0.004435808646793243,0.0010307899023461414,0.04665181945015767,0.1620703888146084,0.2957550057129636,0.01101524801980687,0.0007816049655931061
390,0.004134831702502547,0.007342498531225374,0.01871542531904038,0.0004181715417828037,0.015666326473569,0.03716930736664104,0.0023520376289549406,0.07527560634648099,0.0004408250949312865,0.00020018093564104232,0.005722605449503341,0.00787953856156498,0.03920273339328238,0.00179473088146597,0.00012034392816381224
391,0.0037158819026039554,0.010435931626012893,0.11833260020112873,0.002052048283737613,0.01278815974678198,0.15394683863850986,0.05771336678606578,0.4370917737877271,0.18499512222289816,0.007555478026095922,0.2949778037824559,0.04173618913561444,0.17073641942933093,0.008019245760682981,8.9464607136426e-05
392,0.0018310672889314187,0.010013382557698703,0.018374140815322015,0.00019736433420990246,0.01602225232374244,0.03136062229999065,0.03570159221969134,0.031122093585741122,0.29571408732953464,0.03214391581726713,0.25813456580191346,0.0013168745429139703,0.02963251339841769,0.00023785771147788123,0.0001259007284991172
393,0.019630375433644504,0.0025376467825037195,0.13819244879028464,0.007015388274233287,0.02015245434091627,0.5277327485552147,0.008071976861757396,0.2132467672071159,0.053795410515271945,6.198728034409737e-05,0.14354065937598603,0.012453713745599462,0.5998313336653139,0.005856186209648937,0.003705443437921283
394,0.0028810400844519503,0.0063456679189364765,0.10141415472870675,0.001994342443545351,3.074768578939712e-07,0.14708715149611712,0.00604141614236783,0.046959197029345305,0.042111297125247235,0.00033815293487186236,0.0815772436283589,0.007618879477882806,0.1673610176136726,0.001658910473540204,0.0014215528978267294
395,0.015533841326762422,0.009847066239452232,0.049886275341603364,0.00136293442506192,0.03266350299699334,0.12169476556093273,0.004569637264976323,0.16916797243839113,1.1750172398430918e-05,0.0012170246676052267,0.009677155485365137,0.011843294727486442,0.1289839615190813,0.005062317095256243,0.00028321094765966265
396,0.020918376847939787,0.011861475491955244,0.005751277022998919,0.00020738337348533568,0.0660649687846027,0.0067282553242335175,0.015720912726293907,0.02587617305919799,0.15238805248675547,0.010669651186831147,0.16255057824120137,0.005751451954059578,0.009776398675309899,9.063924071913382e-05,0.0009975361842739755
397,1.3183105766537964e-05,5.238908371202147e-05,0.037951074253207304,1.6756161624755155e-05,5.160801215855033e-07,0.0036515022620131165,0.0010244715307721466,0.030090993241635167,0.023945190112215745,0.0033095451289584226,0.01663263020137719,0.11910299447475069,0.002653213615493471,0.00030929436646026876,0.00011100872253432103
398,0.025484234149787646,0.0015806747021217492,0.0024618358792970582,8.593645992333413e-06,0.03869043203194667,0.00035566259995223055,5.201239371494609e-05,0.02748766921776007,0.0044123182034227,0.0004449448958682621,0.0038390523578937194,0.010266855518583041,0.0006805308008830844,0.00011109311883136845,0.00017094974624643533
399,0.0011076442977236626,0.0032489421397242945,0.005580954222632664,0.0002046167476724193,0.005669083741117765,0.027140480403741025,0.017132219823380163,0.01811799475155151,0.1461810935564793,0.016707688403473097,0.12196290612601635,0.0035674407776645095,0.02687981944242125,0.0002312455319734175,4.712429902710609e-05
400,0.00028638649084235945,0.003187395496082803,0.000328523702345782,6.8766274749219385e-06,0.00624114160423184,0.0005466696860972145,0.0012859501850380664,0.017806006508052145,0.0040603055246869035,0.00023836538658676058,0.005619802273057798,0.01805268093828425,0.0005324287710730782,7.786998923976233e-05,6.182446845978207e-06
401,0.001573129526579229,0.002001287166516317,0.03450098815513852,0.0002844031829789473,0.008562719144267691,0.014036892397881253,3.582519684608608e-05,0.3200111142009364,0.02213088828621449,0.0010939435308308248,0.022965659202739526,0.10914623513198354,0.019425160125349072,0.00013084411566586927,0.0018341314923630279
402,0.0017576010697747135,0.0028007583566128143,0.0011467130561266037,9.458139772339184e-05,3.201484556677081e-05,0.005123674190720125,0.0006597200644455988,0.16669503325644566,0.0005398353951609066,1.2251156931851329e-05,0.0003984320884703814,0.1140501861572069,0.007298786694604471,0.00015033619019284093,0.0005760481544602875
403,0.0081012379088789,0.005303788827304254,0.09473453401666256,4.804486040583003e-05,0.017873959283072817,0.007447342843855953,0.006275246198422794,0.5537473764123956,5.493624430207653e-06,0.00011731599204621483,0.002801517401265241,0.12051407554160018,0.005864337433648297,0.0028101242304578483,0.001744488894518638
404,0.0007074477749150355,0.009589352527553115,3.534326108419937e-05,0.00043027630503519805,0.019867091554287394,0.0335193054304567,0.0016751297434633452,8.779567648896034e-05,0.007106014828939302,7.664063290322062e-05,0.015207307853440806,0.0011327473558706551,0.03828572198155232,0.0004336710181476027,8.006659301342923e-05
405,0.0008043686800929273,0.0011559747756451943,0.07885738249994159,0.0019559640525043994,2.2694163405639162e-06,0.20283439132782358,7.904356588950463e-07,0.3101250263360527,0.06359360701583969,0.013868122784141701,0.016708845147049376,0.029243364928803812,0.20854967496036303,0.007610605778035657,0.0012912605978792997
406,0.00033738281947168165,0.004942144759326307,0.10003260969983518,0.0006043587388970989,0.0073081380555901155,0.046278979036023654,0.004774860585468313,0.3171453222652841,0.008515223843307053,0.0024795630567642905,0.004210437741217244,0.042332511021490514,0.05376934183443097,9.75876748894432e-07,0.0012848973510728701
407,8.836390142244596e-05,5.21174589036489e-05,0.033682849230008284,5.428503010872701e-05,0.0004891397228929495,0.0020308214921522173,0.0005931177175858475,0.06638461491217974,0.017839697727927418,0.0011067726991939517,0.018045054312403407,0.002555934404919938,0.002966627129791296,3.8276783960958736e-05,0.0006179661449716885
408,0.007889695305496809,0.0035941156441787474,0.014038304966294797,0.041123594660978716,0.0007045902182519986,3.556924440876471,0.0035574700490446625,6.847002458545295e-05,0.057316921615298735,0.06574289612373091,0.03395028856305791,0.0037616076143819075,3.8907781445551906,0.0615386962823501,0.0012898614675681795
409,0.0002787054847240638,0.008635284919335072,0.0008569607988463079,0.00027482824146252615,0.008869915501299381,0.026557692390067607,0.0001669106469389848,0.002180249037826596,0.007283159921173764,0.0015846394616473099,0.002282495348570208,1.7040930739690613e-05,0.02835958489499593,0.00046807005694785535,1.154818783143662e-05
410,0.001731570515444214,0.00021338852198771015,0.01038646029332493,0.007617720365729165,0.0016755837652054314,0.5989898307015366,0.02036081213793969,0.00032884206394188914,0.0643495655837466,3.54658043900783e-06,0.17863840156592195,0.03885563608936113,0.676727981397744,0.010105684475271262,0.000907696874225521
411,0.002316728341339812,0.0001575211141282932,0.000341958259050703,1.2054105365457199e-06,0.003341613377580414,0.0003606580214566194,0.013981788794134904,0.007136923947798568,0.10728922603266403,0.009480429263486958,0.10661042301276287,0.008896218547782832,0.00016107107301739735,3.3446232869343257e-06,0.0001503145775018318
412,0.01578411927124656,0.027272394019262836,0.002252817823913396,0.0056899604829834345,0.05010132708431039,0.48083317884450544,0.005411611799823442,0.030196103011048785,0.00014012056039088876,0.004581217429803036,0.030863800816300815,0.0015358396640990117,0.5246077552006237,0.011116243609904075,6.0923833178804005e-05
413,0.0002625753135796835,0.00045472328331223693,0.018805193778500484,0.0009338973951157668,8.667330239676656e-07,0.08865976505599524,0.0015972435103970765,0.12927404841384438,0.0023915597937539863,0.0019590243016859334,0.0010575255192209962,0.023602646516825976,0.09285303111768611,0.0033356236478024708,0.00026480865724167016
414,0.005480612906554857,0.003800917345332279,0.040518217397981116,0.00016652759752230393,0.026570169949076326,0.020030292205480627,0.0009421713471071291,0.17927364452530437,0.0033103846094232297,0.0008293514216786307,0.00010412837617495054,0.02592925234754008,0.019757425605988775,0.001345696036076289,0.0006366588553008111
415,0.00019712535512773997,0.0009555711149900746,0.0011380661458791352,0.0003880676694936032,0.0007749057317470849,0.03291906360553885,0.0002904494614095787,0.0008673899604027221,2.892588892943498e-06,0.0003449148494667283,0.0019727675304453194,0.0017783869151977484,0.03582033400355426,0.0006878402290822122,1.4470088093946102e-05
416,0.0052600051286468795,0.00046322896797622667,0.007364138585794996,0.0003511399769859873,0.004891796020280076,0.03501650197243038,0.001238691897013498,0.0003165599676188187,0.019058859803493988,0.0030846132360492604,0.009774536523669006,0.014553170044983875,0.038002759267274,0.0004491486038097855,1.2610586514517356e-05
417,0.0013221461605151634,0.0004563361085369601,0.0007231292115572572,0.00021120634166647714,0.003906920344265583,0.004390420536485793,0.04027601402627897,0.013569015502916788,0.365440098679544,0.029147275765240954,0.3759145167767238,0.007332747750328881,0.007932668635260058,3.535933799044683e-05,0.0014880864053993053
418,0.004189106931087589,0.005460291479740884,0.004409372455778127,0.00019050632877665231,0.022718841630364476,0.011000160766814048,0.015244564745344111,0.028277694996868486,0.08610396748630814,0.005981097376065168,0.10363481680106916,0.005045698508667131,0.013495028823553532,0.00040651331473899214,5.458760762533909e-05
419,0.0011069519976494992,2.6228322105759793e-06,0.0038072241321948012,0.00024990745843650133,0.00045909608344100165,0.017189281636368167,0.007194436894018008,0.01916948540019309,0.03266418174365551,0.0013681900499783021,0.04730195429525236,0.029546395561695343,0.01912591143849302,0.0006796926505601677,4.672293812257664e-05
420,0.00012407297760649614,8.373657065514045e-05,0.013642594851713387,0.0001617720228673758,0.00045008041322933714,0.007350608440208584,0.0046976246692752915,0.03747460252787071,0.05565644343292042,0.0036137471519371773,0.06119751456284918,0.004207033439144629,0.009926144604843987,6.937984403134014e-06,0.0006917524817532034
421,0.0016024236431116147,0.0022996626712658863,0.01387110008861011,0.020477758064534765,0.001326838307624995,1.7466817175818654,0.007624081690177087,0.006272203749621619,0.0030613528079414007,0.02037858304293914,0.05811099379705721,0.03229554412474152,1.9239636785990082,0.031274002879584525,0.0005106869316403082
422,0.005781370368211814,0.0009483715466169362,0.0458723207047254,0.0006574594694018294,0.0038669074034046362,0.05550983494763591,8.896451405293951e-05,0.02661182016659387,0.0010181465311721815,0.00117517435810302,0.0002661803714898644,0.002093607458217324,0.06128697480294258,0.00046458691707608517,0.00029122230551121604
423,0.004743223225374645,0.003951704555530547,0.003743835385461308,0.007600969320716008,0.0003989219884262062,0.8142256651394393,0.015104693235261042,0.513496629222311,0.5738280226329353,0.10044833717517891,0.27112098967463044,0.24115761766918645,0.8269024554235336,0.02405341041174092,0.0028532194086357842
424,0.00615696393337094,0.00028286447598151226,0.06442302239813368,0.0007934885873411877,0.01172751845475313,0.0364502696735061,0.002089146745404078,0.7793004658413148,0.11396572569661613,0.006900488242647565,0.11701262715519689,0.30573815868233634,0.051772796682666794,0.0003088773274994098,0.005106851947572061
425,0.001196577006390656,0.0001839274743448929,0.0019603917400080185,9.932626982158908e-08,0.001377463689918323,0.0006431010650630326,0.00031945753651827337,0.07110265527014022,0.017620654230671218,0.0021032717054120897,0.012725336247619118,0.07878938976246738,0.00023261582276330622,0.0003339592281883263,0.00033579199139090757
426,0.017026768696256654,0.015512985069987708,0.004474747667411341,0.15132924195812392,0.007859903371568099,13.151627959884705,0.017154553643057353,0.04724536867651221,0.21976769576304991,0.24362356116890038,0.12421343703780494,0.009987405177110638,14.367953100195441,0.23639153771385593,0.00301534041094623
427,0.00010686356520249605,0.00018941384214389334,0.025708656126316107,0.00010242096030180318,2.6515887213740686e-06,0.015097018121873761,9.396209532750348e-08,0.18565505953180841,0.02205247297896613,0.0032153916419905364,0.010573326136008095,0.04488641536655604,0.013626372806935549,0.0014526669932552266,0.0008774195955047357
428,9.406517910459045e-05,0.00010861068298490997,0.04500641762501944,8.06396786134565e-05,0.00014082059923735285,0.002096151681549509,0.035686762087008925,0.09536245902749717,0.20778886165190696,0.01700222565690313,0.22665715369568273,0.0031666296162972214,0.003234652701194975,0.0005490727959229727,1.5393515102974428e-05
429,8.703577142186235e-05,0.0003209415649396131,0.017443677669132202,1.569516960207745e-05,0.0009015352652244343,0.004471440194594139,1.2888550859115196e-06,0.2122095377013741,0.019572551547728224,0.0024396631722690657,0.011026539416746,0.0741354367375935,0.003252235487501694,0.0010173656499078514,0.000985769682201255
430,0.003240999515431625,0.001753669124986944,0.016782383367652556,0.0005619984149409704,0.007401365110491408,0.036910072122926206,0.007502422529162619,0.001845382004659353,0.04954399015558843,0.0018526572151465795,0.07064625346415934,0.005206015893102109,0.04273516593438015,0.0006868256269357857,0.0004426879124309565
431,0.002102872033882758,0.0065120166829103834,0.005641445133035671,0.0028179857858264897,0.005600505327729207,0.26494680928999387,0.0013723459888800571,0.007759440332723584,0.060697797322085134,0.015857768819304185,0.015564365149923178,0.01080650548054126,0.280878600274536,0.0054285395949712715,6.699844533356538e-06
432,2.4142842156016253e-07,9.286009543597202e-06,0.028112321533781973,0.00034472184237279157,2.5079166795216836e-06,0.01924307014763343,4.115510752689593e-05,0.2690709799509126,0.01788497709451674,0.0007674416122083262,0.020261038780785428,0.0954913167434642,0.025519580881457955,7.035729247517741e-05,0.0015805843760832291
433,0.0030377910623040297,4.2595000800896616e-07,0.030441544826004727,0.00014532614446703337,0.004896308920021617,0.004600714135274094,0.0002292179153500214,0.3639235008808332,0.038940613482840045,0.0028181895226914097,0.03477890850358411,0.1372345375327642,0.007870296250826896,0.0004176494012649111,0.002084230760007409
434,0.0020210519824836537,0.004695286998893753,0.035192802667952744,0.0006154315251562443,0.010101379177800478,0.04021892171835605,0.008767461952128469,0.002002481741073456,0.05846240694003882,0.002159909408173329,0.08289599196994174,0.016387787344388907,0.04630602599263093,0.0007727338792427314,0.0005585768214519502
435,5.377462436513831e-05,4.473972542252439e-05,0.043898686339099525,0.0023564724735377542,0.0007800293912967362,0.2521017118136461,0.05510855801951712,0.1627152302483743,0.46669924390055467,0.06206345591398124,0.3426368263732193,0.038930543829858784,0.2649313205985951,0.001811568279664001,6.348737655379884e-06
436,7.186654423535752e-06,0.003237545276792727,0.006256050768037259,0.006474442999871132,0.014817265271964449,0.551237111872543,0.00034277548855677975,0.08738031580067081,0.017558259474094146,0.010966827073211848,0.0002829836629907757,0.17443320281651956,0.6169162907153849,0.006168056954694486,0.0005831581838180489
437,0.026246475847701147,0.021631032037660213,0.027260920558395522,1.2511700869401533e-06,0.09688000993478103,0.0004301060638977109,0.005974237516427528,0.018395345364642025,0.03877758967018126,0.004342563146092683,0.03728571493847181,0.0020287376669809822,0.00023568811947156514,6.109348117129412e-06,1.5805506574247563e-06
438,0.027343159270463206,0.023979325780610263,0.0012362885235684068,0.10892348302534012,0.0011453792551699832,9.338445357797914,0.028293629714802093,0.02617455584597403,0.049030658383232686,0.13371187020754408,0.22045810421675943,0.01555621230560561,10.236249792952883,0.16928430553514906,0.003100185377273538
439,0.008170518196924891,0.0028683433408553697,0.03784352046361525,0.10808513913347587,0.018140523405777004,9.262701380277976,0.014538741377659063,0.012873646857634822,0.07750037642534374,0.14409310529840616,0.15863723580964836,0.043981385882038274,10.17442267366947,0.15351773347691075,0.004863797098400202
440,0.0006034330860774942,9.064884683937204e-05,0.0015963311556807032,0.0006456663242730471,0.0019361009548057749,0.04258072623268038,0.0030941411588038224,0.05971529204256149,0.03484839368630127,0.001373121991182283,0.04877539680754706,0.039837726740720086,0.051894484004635845,0.00019136673553543114,0.0007548632243753394
441,1.7962725458122694e-05,1.2570149913527658e-10,0.10510582160052337,0.00046540346766131227,0.00031137228596161975,0.023845255339021803,0.010689282712175466,1.5024225953033907,4.3439524522065256e-05,4.823817955775228e-05,0.00014850663638525508,0.6145432172795002,0.0352032900969502,0.0019071074655591948,0.005253782287097023
442,0.006484983686157438,0.004339591482726946,0.0008808590716788231,0.0020863571376085596,0.011320341029456126,0.19119996619745133,0.0022243326158611606,0.003871323141603337,0.04740523734354089,0.011619616322485902,0.014723294745730002,0.004632301735347037,0.20586104707372857,0.0031444855949028026,1.1859354930557898e-05
443,0.00984707709191773,0.009689333041268233,0.09076498308298882,0.1048275703978334,0.004647632675484446,8.776233488101102,0.050939058664829145,0.019253965729130854,0.0028530270837690327,0.07686922689279947,0.5075433218717332,0.013910359524182354,9.689087884611938,0.14648816722851032,0.007789960233531681
444,0.0019002223146571899,0.002301461713223074,0.024338924643912872,0.00044487950020874305,0.014794426286734214,0.03787041838159781,0.012733060070546613,0.20624263475843074,0.02630646042712029,0.0008163323398706219,0.04991915288668106,0.05198468398612327,0.04035242561056594,0.0022250160797667013,0.00017749632890199198
445,0.006468844416964875,0.006900875197362391,0.0004318214861288261,9.676034228193439e-05,0.022252848554828356,0.010637771141372506,3.5145983794094444e-05,0.029444265080298647,0.008083515277548393,0.0016529890420876625,0.003239792039664063,0.027173975539225643,0.010092996298559281,0.0006715759997015324,0.00010036897083315539
446,9.29682513522559e-05,0.002439781164967583,0.01889450816567494,0.006293756992710511,4.119342084014397e-05,0.4826341888274342,0.011512042006074365,0.07271471958628005,0.05652985929378728,3.936686816734516e-06,0.14567853021844454,0.029928240259364403,0.5493208790773819,0.006158488061722766,0.0020616368524390086
447,1.794281180288512e-05,0.0002113361218278186,0.0123022493586311,6.071039111212296e-05,0.0002659122538010604,0.009273085824075423,0.014679383726500888,0.047962213123642294,0.09856541750959162,0.01026928931145267,0.09023335186258837,0.008569070802075321,0.00919395630877017,3.1173333623199683e-09,9.141226768588379e-09
448,0.0034973659826135176,0.002226269897874494,0.03429503199026131,0.00026714338307588694,0.011343269607228725,0.01778837058376801,0.00044022298933994145,0.14808816070349803,0.0002515037842433826,9.145478436248314e-05,0.000968139323387126,0.02902265658648186,0.021499060043934055,1.9424398182491915e-08,0.0007547392004547947
449,0.00018097381651609,0.00015061115049623482,0.006132076612204249,6.90779443012181e-05,0.0005738793662159894,0.007895235173481152,0.010285931491924907,0.09313162221675168,0.0534305075399751,0.00564207264009097,0.050134555062532324,0.040656158626217576,0.008641778475098876,2.0728133194424845e-05,5.5819090357516197e-05
450,0.0005170243343326375,0.00046734411029981856,0.004523620195786648,0.0017148020397444528,5.065506835275321e-05,0.14584603164062337,0.0013777117537537747,0.005834094041436324,1.229198900613354e-05,0.0012683725735509442,0.0083198793905951,0.001408912780106025,0.16039555297372532,0.0029475771846523423,1.6845064441355195e-05
451,0.00036437503176005114,1.5289767835940404e-05,0.07698330115939264,0.00016110379045779482,0.00016248621967624447,0.015709233864343784,0.009540222381365029,0.13651497349185024,0.043892021623546856,0.005768558115694916,0.03754216826763937,0.003938921292715559,0.016965080114043688,6.234931461152328e-06,0.0002954106591879206
452,0.0037272366227874875,0.0005565005014539694,0.07260261469830898,0.00035212869657936494,0.002161546159350999,0.0325852879058079,0.005248520549103058,0.09548872115649096,0.02677953105926076,0.0045437097486769485,0.017775288666962073,0.0005220102473707366,0.035550816793024395,4.43393748353073e-05,0.0003100884259712216
453,0.00014585486518931427,0.001129041818229362,0.006714878772032539,0.0013495698090003167,0.005149128641757189,0.14319323829285807,0.0003261015214697672,0.17741641660739751,0.06372884971145411,0.012756257563845089,0.02222545484454958,0.06579398609028873,0.14550141509129152,0.004867401773487514,0.0006991798111153003
454,5.957023094737618e-05,3.081289729882762e-05,0.08447492580096103,0.00015303471122278368,0.0010338403003161498,0.0035083789694008542,0.0014577294936520147,0.4833517502207329,0.08600929839264622,0.006572854351183739,0.07710693709556327,0.11261026762578272,0.006895623816321383,0.0007085251317827637,0.003305377798772746
455,0.01034040569263319,0.0016343320877512068,0.04216033257090065,0.00022122372126685732,0.02229035416491887,0.009127705203887691,0.0024075344707738316,0.1664081114866513,0.05520405347948894,0.0033123376761489487,0.05797341570205298,0.02808951656890449,0.012799362459111044,1.8245870861415772e-05,0.001540885753836282
456,7.529480564067871e-05,6.455914031499946e-05,0.03725252742497483,9.560183935818926e-05,0.0006309332881164721,0.010216782405272927,0.03611474561772197,0.5581038407583112,0.13651242525842122,0.013119567976351604,0.14320567295893807,0.2319082392486738,0.012318959072741291,0.0007073320767938823,0.0006447582118074226
457,0.0019076593024991186,0.0002809546847491257,0.1865550400830853,0.000170472984820478,0.0018040405635545772,0.006154092074229917,0.00023294154925491625,0.6086305837487519,0.024933596732610246,0.0014657679007930007,0.020983775342538875,0.07356844064791973,0.009904822463239316,0.0009108032108026175,0.0034255670551199824
458,0.007679523145929713,0.001637847171981422,0.002502914898506934,0.0004759086589009976,0.022060394260295803,0.04610960243736654,0.0011695129850061651,0.002787559959044318,0.016882040424107157,0.003317096994468642,0.007126868514172502,0.0003457915928992174,0.04978180499504706,0.0004785040130173851,5.4150362416132945e-06
459,0.002691391740701843,0.003790039409479616,0.018119579599076893,1.174717839991276e-05,0.014669962854136177,0.0006876874970843035,0.004419443083409144,0.03946479581825961,0.01814593877574244,0.0015409854577869994,0.02145988325994233,0.0014723235929769854,0.0008535876239941899,0.0001275925299068469,3.124577747703147e-05
460,0.0008670964670107708,0.002884600801573076,0.012448159612735874,3.2054675802395776e-05,0.00917466069816186,0.0029016691205114003,0.0034878901353561065,0.07423806521149598,0.007399078828048053,0.0004243850134211554,0.011719030001846768,0.015615239126498032,0.002970865407858677,0.0003773795610066469,0.00011046141173340677
461,0.0008622235407004235,5.257317399341197e-05,1.8903545519857297,1.9669963051287383e-05,0.01405009398557435,0.010702780075154156,0.008180263892497154,7.134506123269947,0.2559464800790501,0.024299069464290175,0.14313817963594136,0.9886918775182704,0.0025780273700330156,0.021560129696514684,0.03511980393770607
462,0.008901918476433193,0.009372711835737194,0.008940959343205528,2.6809521026373098e-05,0.03660427022581409,0.004260498216800707,0.013742546172198127,0.11786814810724638,0.06679474145173475,0.006092878018369237,0.06735015477626112,0.047514709052456736,0.0047732240197100135,0.00021068866826551042,5.877506059724281e-05
463,0.00025263324090900216,0.00018962622106439496,0.009960062708651284,0.0001245189610556511,0.0007908517226284574,0.005500974278839721,0.0074175101440865105,0.0038971991904319645,0.06408032005131478,0.004241790016766827,0.07185724863806973,0.0013154140570111146,0.0072148796784836065,6.869505121488595e-05,0.0003991786549371654
464,3.876556059265521e-05,0.00010713128352086846,0.016481444596802862,0.00048151299932887824,1.0576073593939592e-05,0.031339683830892744,0.007690821065434161,0.0005541253056435768,0.050224409454778754,0.002660266411591396,0.06739495036869421,0.028403993808476174,0.038064337599852664,0.0004970592895819869,0.0001918506927181751
465,2.794039544370942e-06,3.0405823833437698e-05,0.0011501305898868606,1.8853678140005422e-08,3.299503929503207e-05,1.5123575606003412e-05,0.00011707717042999801,0.0007400431357723601,0.001607408798821902,0.0001758571652720525,0.0013803437224338517,0.00338124893046723,2.807957584298192e-06,4.456822383628086e-06,6.284290575349852e-06
466,0.009190467098553097,0.007335622923462746,0.018419087928712188,0.0777052531363557,0.003173296585576658,6.767282164864379,7.881265689307768e-05,0.04024256059365117,0.23577618751485668,0.1567748297259133,0.007798770384454495,0.09072809643966134,7.410296748024741,0.10869538946930615,0.002662682332026052
467,0.00038100799399612564,0.005282779377454448,0.0014902360829867,6.804965183667537e-08,0.0021278845412742724,0.001157018992557346,0.0097848301276284,0.00039814638204091154,0.09190285081570713,0.00846088636051432,0.08654684216106481,0.0005281771177017749,0.0007340575205314784,2.8164690782189222e-05,0.0002667830284899925
468,6.859661176915957e-06,5.0621574538092666e-08,0.030607540266351332,0.00024197235361774524,0.00010931693802141664,0.027059394451277825,0.00807535277200705,0.022188277147117554,0.06590052766415236,0.008731046891263408,0.049943590575942345,0.0007438077149706453,0.027674318978022035,0.00017862172482277017,5.884313670149172e-06
469,0.0003523250180123765,0.00030312892549462137,0.006252737616461618,0.00018956133352927105,0.00023578660675940136,0.02545517512366203,0.005485323680908518,0.013423124204720823,0.08064331336035382,0.01042013532275088,0.057859759778914534,0.028255767517026683,0.024093723490621874,0.0007292900505079811,0.00020800656145585335
470,0.0063985257654842675,0.006742875668653835,0.004649528060411362,0.0009385808158134291,0.037328501520342554,0.09595460594660009,0.00608141999829489,0.004499667171976511,0.07541537093169494,0.011242325159520127,0.044406853197017836,0.02536107356545884,0.10322542239980985,0.001006928649040082,2.1940874509210056e-05
471,0.00245855552119463,0.002369902887191808,0.07094501852134212,0.0006186608623821447,0.0001651690258275116,0.05647100909803743,0.007348066410135262,0.11504283065137128,0.04297159468144584,0.007423788622287901,0.027374424424539395,0.0033884434346322335,0.06138351596259225,0.00018010368682864876,0.0003330426762385623
472,6.607485356628377e-05,0.000587958920875024,0.0028311453805231765,0.0005059817796248633,0.0010727719338439697,0.05089545286269682,0.011208826757576623,0.07402231823742887,0.08004266620354863,0.010080420294841904,0.06064106798740434,0.10108812766177702,0.05603712824534055,0.00017666605578942052,1.2203693587067666e-05
473,0.0034459924829515543,0.0006579937624850282,4.371023030908911e-05,4.513176990672335e-06,0.010857066981560743,0.0019523668982225672,0.0015318985603126837,0.2702783368884118,0.0014980046919808364,0.0004080432087039474,1.8176072180022366e-05,0.21711072809524232,0.001071319716710133,0.0009777338401812496,0.0007110655623564127
474,0.0027162377207569028,0.0036221312770549057,0.004325593887867965,0.003536795698290454,0.02362099507435996,0.2622203050171235,0.018137800122515542,0.011129966186293685,0.09838549579330352,0.002177879799908559,0.17615559896675853,0.04555315891004078,0.304033929487568,0.003493972161519294,0.0010184590239454574
475,6.459726298744328e-05,0.00010516187916264509,0.1630398345181092,0.0003707604226081908,0.0002329640729633628,0.02550266205998197,0.002671736107044445,0.343978917590104,0.00044298387358377036,0.0005778602832664982,4.214278563675885e-05,0.017931772813093928,0.030705066559493784,8.333770543933597e-05,0.001697514552013574
476,2.8138032224610988e-05,5.882486796126387e-06,6.942603086862834e-06,0.0005089573114238305,0.0012150352228705178,0.056045117385042614,0.003955652360260535,0.00624144956859217,0.06624402799133981,0.009786220364376397,0.04016687349423172,0.002028362534754355,0.05740398743388943,0.0011429693954013022,0.00012695422437777708
477,8.143487674226378e-05,2.1001890827757702e-05,0.00012925008387296594,0.0035653969537179915,0.0028769746379801154,0.28926861533814946,0.007136532726141598,0.001318416430271954,0.014463406879190571,0.00027452751398718706,0.05813381468561906,0.001123302795497628,0.322671223861266,0.005172941049394906,0.00028946724969209535
478,0.003209137818427908,0.004091691901611549,0.16007105987893064,0.00016209544290148717,0.012282698809088197,0.01710139447124393,0.00278247283297065,0.005082257759223735,0.02673373965581689,0.0049292455753348775,0.016718365593363965,0.10653031949767892,0.016223910811442328,0.0002903461353687645,5.860491227316469e-05
479,0.007072646346757884,0.000821192223947201,0.00748223334235554,0.0019791630344832183,0.004101170917547897,0.18917828186082164,0.0001482356115771926,0.05620548907991847,0.039271436608113476,0.010427127775568647,0.008157338647518508,0.006784913027311314,0.19930301915323037,0.004973139875050629,0.00017405199366889233
480,0.0006071578065782697,0.004005729980895831,0.1352378782014108,0.0007514781919392799,0.01967915928694953,0.07767678990346026,0.015322912222759657,0.7998056153474811,0.0027612252935659675,0.0001387302372023476,0.02252715972454908,0.1601486246126211,0.07764422804245788,0.0064411522252932315,0.0018979744192811222
481,0.0015484372299470136,0.007926470352522391,0.0029950300981924265,2.073963884882522e-05,0.020544757235562306,0.007803141724860162,0.01902786453080459,0.0007208314856004688,0.18374043485150046,0.01734538136576874,0.1669914984738389,0.0015116642081541764,0.006624133141491606,6.96567446418274e-05,0.0004913184819486541
482,0.03706861076848471,0.004841503148791484,0.4175096293075652,0.002178924234159124,0.1204299127354837,0.23037429505390672,0.023805811541675447,1.6641595050384208,0.0001052497768023754,0.002030766700158013,0.021009433647404957,0.20503390572106672,0.2344098030960052,0.014832657818271226,0.004627959250431886
483,4.593097438356796e-05,2.2700189810664747e-05,0.019848264729268122,0.0006723568657446019,7.375796323539817e-05,0.0654848198318042,0.00668588701991321,0.03975880599895271,0.05714173988909656,0.009190078248443676,0.03553520671135777,0.0037422291666515404,0.07006910813430109,0.0005130085468304744,5.281876786707636e-05
484,0.0015023166248177388,0.00255870654522152,0.002520890668935517,0.0007581821267792701,0.014766020683908065,0.06661367506593309,0.004937699703319276,0.08827724194375314,0.00460467446083239,3.4990108137406346e-05,0.018994222791100038,0.03539237795688975,0.07131782579791535,0.0022340632314447897,3.991024732626478e-05
485,0.004904176126719601,0.0012679148062899538,0.017248403298754125,0.0006254162024447571,0.012345827337375067,0.04729787256142163,0.002555396352307069,0.2874180451211488,0.0019153796916284082,0.0008721945692763681,0.0003787487840298833,0.13601606331185648,0.057130922212247665,4.995904510018032e-06,0.0010675843916237767
486,6.936429135324529e-05,2.7606659532614062e-05,0.011943275937887287,0.0006604620025722389,0.0012327362572763234,0.058940806118038,0.0001594042005294313,0.0024776783550559877,0.005670620893087306,0.0022254568467344063,0.0004681068579644928,0.001696833715851718,0.06376328689567137,0.0008264246667375081,4.9481660199455607e-05
487,3.400152725471528e-05,0.00011318661935209364,0.021209575547963405,0.00019562519341724148,1.6818703315215502e-05,0.013818942093431853,0.004014378292098931,0.009073263137461329,0.017597232286864453,0.0008764676756515008,0.02577384724087024,0.005404322485431073,0.016208130422036286,0.00041974764120150426,2.2097126586280975e-06
488,0.0013315704126663154,0.0009949752342675415,0.003951899143187516,1.0876999217472927e-08,0.004500346292631597,5.709464239087754e-05,0.0014666449153340636,0.0007661107963563949,0.011483298669091164,0.000980282535751698,0.011491810226281393,0.007719646965041337,3.952770283141397e-05,1.570007030265792e-07,2.751452061554104e-05
489,0.00038544427533354327,0.0015333050943039373,0.05482077648039561,5.617621090500664e-05,0.003965174741312758,0.00791969416286772,0.032363039413157095,0.30713631528781526,0.15320025367440998,0.015200601584531109,0.15417497486209808,0.07107550591252834,0.00846617121960816,0.00028610320700046723,0.00023571471919666643
490,0.0028648372589592298,0.00247885204328345,0.0481569361929692,0.0005124561891890904,0.004048922209859754,0.05954803930200021,7.671338875806609e-06,0.27202354850825866,0.03702958062520666,0.006710013548032408,0.013418351211241129,0.04920736643120603,0.05815851119460417,0.003601281217277599,0.0012058633260627874
491,8.000406474802171e-05,3.7365230625429146e-05,0.17305175908625234,5.4986129348171834e-05,0.0009497183003715586,0.0029751688465812836,0.010487509267188187,0.5200841258507586,0.011995162434643878,0.0015290131981923944,0.015414370079484636,0.05325792449236547,0.004247834381990556,0.000865314937992722,0.0016967534243870841
492,0.00011387044156047359,0.000200732105610721,0.11279338045522558,0.00023434971911344846,1.3371984062260738e-05,0.022992861265742313,0.005913649429504519,0.2469570784190326,0.0027287213751316787,6.6418761716854775e-06,0.010779665993878232,0.008257543010479854,0.023701782241032095,0.0020521148891826874,0.0006802975188368098
493,0.0001128939486462306,0.00020381616529170513,0.004743100997319393,0.00029334005329841793,6.337125338720229e-05,0.02578977200281864,0.00040883756530591027,0.00797016842922049,6.027251254715751e-07,0.00034198084917861276,0.0016543324650161537,0.017654361581243293,0.027322032636151124,0.0006975607720676067,9.747039569702927e-07
494,3.5430060081329846e-06,7.692009838379348e-07,0.10204927731094955,0.0001295827774389092,0.00028803462398965454,0.005179386291133941,0.003174645102754723,0.6505161147500309,0.002047352024579856,6.211393455904141e-05,0.0007920776733057844,0.1651552289325902,0.008410439928598187,0.0010198931840071852,0.0026487597731417087
495,0.0030846456457458444,0.0001455415489607518,0.030681221557781618,6.845035009529612e-07,0.0008026017372692504,0.0007003859157110433,0.0004521740635829136,0.16793035324811528,0.003478455370958791,0.0004414639760453819,0.0013048915081504888,0.035198265627877874,0.0003445358934796771,0.0006388443982956061,0.0007132490945048595
496,0.0039189808002057635,0.000170201665294642,0.05248071460520419,0.00011594046933170415,0.01175580015846275,0.022286494322793515,0.0021407821994655425,0.24769945399250082,0.09365607039888212,0.010661401105713498,0.06393910012949117,0.03994993903104146,0.019598422236234758,0.0017587631873431985,0.0017549548856749255
497,0.006031280175909819,0.005438250994348184,0.004243330453796395,0.049950324996240046,0.002583235120452697,4.416906387158863,0.000703002042718739,0.029644123324426258,0.18408416902506083,0.11109452433840143,0.002497510559966398,0.00010912676387144793,4.7986579913829575,0.080578939716535,0.0004919260905340675
498,0.00013500388354096906,0.014479738848661066,0.04688765641253827,0.0047607676894530415,0.00464153836477328,0.3591961590500045,0.00640993213692285,0.14047721512707348,0.043152980942948796,1.6445922351033581e-06,0.10711334115587645,0.031501192015931906,0.41116822403521414,0.0038129108853340956,0.002366281909205389
499,0.0024457179196504157,0.012360577006291252,0.002697300569729698,0.0002558128646427833,0.029342298511227754,0.01592108650413303,0.008712621696738738,0.001206222230293258,0.05685025308372601,0.0033785471403045483,0.07147167241937198,0.004732480050043361,0.01915039909603256,0.00024807649161114097,0.00020905573941224268
500,0.00013166109333640784,0.0002769451479734084,0.015188467460299648,0.002246877552611041,2.1471509439962032e-07,0.21913017410789712,0.052991623015363316,0.5252083442702316,0.3286916374455034,0.04344729821171506,0.2502554170915513,0.32232096742162136,0.24156338704037417,0.00045890590997253565,0.00045281803426138975
501,0.005162968243216156,0.00021088295941877237,0.10396859789845928,0.0006239561758034858,0.012280516699383733,0.08489520448385927,0.0004371054277438023,0.558899129055212,0.11077977263351335,0.015761409704979815,0.056419800316672104,0.0992646357514967,0.0805700516740062,0.005399186180609173,0.0029561580424273723
502,0.005788220158183696,0.004626589162011465,0.05387348100375059,0.0005254196290051511,0.014572740414790486,0.060386086625322126,0.0198405705846343,0.02117105981266997,0.18296991585290678,0.02077534749964784,0.14610644606587922,0.1484993695238126,0.06392875252387885,0.0006194957297000592,0.00018562907214340923
503,1.3345001177682688e-06,5.542845555815589e-06,3.9308944092866035e-05,0.00020881830031614312,0.00035846916880693695,0.024134469594815553,0.0012191662984985209,0.017644024609036815,0.029921379335960535,0.004483367044292884,0.01735227736856602,0.009472581449820732,0.024069082195367075,0.0007068265415518213,0.00013763295651644564
504,0.0061749800294906105,0.014781869168571481,0.06659178113892765,0.00019823890407236091,0.032790042291441404,0.015136599966547754,0.008602385024507117,0.11970849843699324,0.020915858104786984,0.0009094639686665786,0.034255850971006044,0.0014192795703793812,0.01644004041055357,0.0014525864847224168,0.00016178613194900004
505,1.0305832008781917e-06,1.9644501060506132e-05,3.553033730680098e-07,1.1049692740723985e-07,0.0001423707081127433,0.0006726779162689936,0.007716876574823333,0.0009369150961021332,0.07351449271546362,0.00676233604164615,0.06932752167359724,0.0006314327429299046,0.0003530324145930279,1.540250470862617e-05,0.00021328801760479448
506,1.267651695261007e-06,0.002085340413264039,0.007694128717024465,0.0006934370402523364,0.0032437561745196305,0.04209466080774444,0.014528520330465054,0.007968360971480766,0.11144405341987948,0.006018891208502364,0.14109506930512558,0.00018644992240112243,0.051119294778985254,0.0005054509033316161,0.0007976540058205516
507,0.00013791194865300178,0.0015221009905503156,0.19559568889226212,0.0007511679661557935,0.011933511292758651,0.0832576953251005,0.015488858451473877,1.1193418757674918,3.605441260000875e-05,0.0007241548675081764,0.012688552581714566,0.22164546832343343,0.0810321144649328,0.008198619792951155,0.0030808334033526046
508,0.004372214752809259,0.0009625076695375948,0.0025158497993800354,1.5990078696356128e-05,0.008976075395464115,0.001215820784038806,9.974783953166379e-06,3.3348018529558313e-07,2.562604078046163e-07,3.1617095260015546e-05,9.696035326265015e-05,0.002196644716849742,0.0012498256582877854,4.8122120411391345e-05,4.411814402055972e-06
509,0.0001663618159094503,4.141197412337048e-05,0.050440163496288964,0.0010246917314913567,0.002051718133067157,0.08603207549384524,0.014646728744631007,0.20639381538778737,0.026647657256869784,0.00039518223472427143,0.06042794648051859,0.02242858882168611,0.09327849444127945,0.003789298522625977,0.00015393478149908479
510,6.365018254400155e-05,0.0005775064494046287,0.044784717277949575,8.655615124344083e-05,0.0007277093210574709,0.0033701978241334083,0.0016866209978688167,0.07300410928448693,0.033825217966623876,0.0021970339399049917,0.03496786774235021,0.001243613994477278,0.004846211150783299,3.528252342548835e-05,0.0008383132142298845
511,8.941048303822757e-06,4.581234424757578e-05,0.029529770146107876,1.3659668289101588e-05,0.00026623887486812594,0.001447348598990206,0.009273502934486241,0.16267394713209563,0.03142242740989472,0.003052557354509304,0.034072680155882225,0.03627682752476046,0.0017697260607053126,0.0002598448441289153,0.0002551786031776016
512,0.009529707420890753,0.0024154693678112766,0.0022203504902743405,0.00024321298005500503,0.02644063596155098,0.02110826772165574,0.0006710399852680458,0.003661857987443292,0.0008663412397376461,8.994088879942222e-06,0.003927291420339396,7.71280966525377e-05,0.023580244734370502,0.000345670429095243,6.820506313611122e-07
513,0.008272429961146324,0.0007656112172944915,0.01515599875805423,0.0002478529906483121,0.0018987583280076126,0.015064239076918564,0.028106611204457118,0.18864405095500666,0.11654643627271795,0.0072776527076517505,0.14973668612993835,0.06285843750642904,0.01678467622367345,0.0016971763813385108,1.7475084134904726e-05
514,0.007296468892368874,0.005966621718755209,0.005583733209605117,1.695420871642284e-05,0.02744705528544691,0.0003483081555469681,0.001913068932674499,0.003979150266174864,0.019415778284813834,0.0012948306758545248,0.020356596693278245,0.0002951012691995962,0.0005361635865297807,1.2520224544903606e-05,0.00015444942265267262
515,7.233224002386131e-07,4.0714162836565915e-07,0.0031031346036938796,0.0006235458355998861,0.0005384115764042926,0.07025175716963766,0.019970521629527414,0.03966456752948207,0.1725722020733092,0.021434111656025955,0.13253046805395619,0.021559783658226375,0.07330292541412987,0.0005112323045796081,1.142040519212325e-05
516,0.006212193117570265,0.004540095064813084,0.0022716464519329715,4.737416613267706e-05,0.0008119137189477561,0.01168035644637699,0.0143153650089753,0.006283700181236927,0.15637745640329728,0.015794507124876175,0.13509775445967792,0.00018055041528359587,0.010269201403906197,0.0002615968209975438,0.0005018461499330177
517,0.0007291614991627002,0.0019790530307550775,0.04630539988266464,0.00028737240440181047,0.005026082942859662,0.017233473200261817,0.00019281457519174813,0.14845114608730264,0.014674429404076504,0.0005324423333273288,0.018195372767175123,0.020088675360587546,0.021835552417614333,1.3219077627128966e-05,0.0011117782193066762
518,0.0015532426892232848,0.002686844755008453,0.06233639012515782,0.0017355921252289249,0.00604335875677915,0.13644127129032332,0.007281496959405427,0.5214641259033527,0.016705580004283505,0.00524127150479031,0.005824221718907364,0.18479615532993887,0.15836589051794042,0.00015015011026780426,0.0019454593389957831
519,0.010031455905630813,0.00010822694001660198,0.02604499905055318,0.0001313026111649781,0.014049954448199238,0.004949550582333576,0.000962430659206312,0.1508694334724934,0.033302589471446604,0.0020895709821944055,0.033391425954526884,0.03676850556381691,0.0073141388876316,5.688672902522905e-05,0.0011563044976470394
520,0.0016667389091415375,0.0020382765418464287,0.0008189687448027015,0.0007018377818080799,0.0032583354253163635,0.06846214427586689,0.0003752347409739486,0.015110540484150187,0.022237382850275697,0.004993125535183834,0.007147990355756928,0.0031019655230504896,0.07170019223519966,0.001741319541180698,6.277852033228236e-05
521,3.8048226526627025e-06,2.4098111018623526e-05,0.012868065360416906,0.0004313886560067396,0.00020184701021631145,0.027025669509977923,0.004016869571713103,0.03192686994713832,0.039982958293167746,0.001785751385631313,0.05265119408615546,0.0039487032414615725,0.032792925406579854,0.0001658624676471913,0.0006530041667987429
522,0.0002720329428625493,0.00035577193041209986,0.3534250542019714,9.891637518528545e-06,2.6631077599559787e-05,0.0036012365006908736,0.02311122966639197,1.4480615362226803,0.008866005997947918,0.0004726998637898526,0.02391047715544891,0.22151350763379019,0.002071724373503678,0.004921418880053696,0.004521794590926468
523,5.73518006888339e-06,1.3958393083872104e-06,0.0008573968553914046,3.184356381353839e-05,8.336915424963225e-05,0.006227751640537909,0.004215926011588896,0.008493495216063879,0.0542709337901504,0.005817480291329814,0.04449044948684107,0.0021002297199472107,0.005545423018858366,0.00020356056857544113,0.00022827057230317006
524,7.812169074926714e-05,7.598735897637093e-07,0.01274798683150831,7.273028281880324e-05,0.0002350924784556751,0.015089485842886252,0.004617183951871826,0.11452721860090165,0.10260503797070077,0.011444252425980326,0.07725037286637033,0.03153426256857973,0.012851133139755623,0.0010567343308895238,0.0010641283505642596
525,0.008034833930638429,4.1895246544755055e-05,0.009848018076690274,0.00020808788590757741,0.006741173068607874,0.013331856093108187,0.010707148098912392,0.04678480608972028,0.04648492970961188,0.0025604083010824607,0.06252621222558669,0.006634906737865228,0.015186402326920232,0.0008431867649158496,5.013930602831345e-07
526,0.00037705728643294125,0.0003626942175828017,0.02262262335911002,0.001324475561297468,0.0003631696585469706,0.10804445726533879,0.0016547310213033146,0.15070107174242417,0.006783944199992671,0.0030762209961061105,0.0006111776777319428,0.051940830058949866,0.12257603460048325,0.0005410705784047082,0.0007060991031675171
527,0.0008386864573740379,0.0032042652529090175,0.006196326197678001,0.00014506772590420643,0.005782206346733079,0.012007813116451353,0.00013544270997091381,0.0001345691466860082,3.6285431775815055e-05,0.0001367457453284831,0.001089528412838503,0.006213816251515165,0.012855982258903276,0.0002912634272109106,1.7825721249644372e-05
528,0.0003284813858771759,0.00027401421175785647,0.0831992859626551,0.0007212483739503011,0.0005569114292988189,0.050876751002432274,0.001293708666528109,0.06046707294753763,0.015648101152887704,0.00011473197022493331,0.02843529279011668,0.0022394880352979104,0.058476150298082105,0.00034870697766173115,0.000937399637833662
529,0.007075756149659778,0.008119234955415349,0.37011807390115276,0.00045368732732877165,0.0200897307844533,0.018677985802207597,0.010623005229298411,2.276879258947112,0.008760377285356719,0.0003644548642937534,0.0037150399254343206,0.5634526374506447,0.030476158305091414,0.004000725022590177,0.009395805607721843
530,8.364435987812308e-05,4.627031694439816e-05,0.0348139477421409,1.6319184336652277e-05,0.0003854294859345141,2.575230017465258e-05,0.008794558250158116,0.0021868174139259545,0.08155237269582183,0.007690301974423578,0.07867941491953447,0.0532232216096364,0.00031189548748469906,1.6404619571634024e-06,0.0001593361133545451
531,0.000319571059852213,0.006652513011646442,0.0022347365503389087,1.558411560078734e-05,0.011808966409974609,0.00024479071093521575,1.634083819248417e-07,0.09762690239029558,0.0066071012782033586,0.000551912233930674,0.005062326587874639,0.05419342048036071,0.000643034290475903,0.00014214356396250073,0.00044819790608659703
532,0.0006996395882956183,0.0006026267139720143,0.015133870565304065,7.060600690641268e-05,9.913053367157177e-05,0.002852999121804482,1.8204339197662922e-05,0.1630876932445518,0.007874071070011934,0.0004988365761263415,0.006923786820951899,0.05883325367786186,0.004437202235700132,0.00018330800212947455,0.0008229911396849033
533,0.00033808399507117084,0.00028090064307982593,0.017076597216169036,0.00033488873701133974,0.00017743194768952134,0.022222274696772053,0.025442044013757117,0.1667900936650928,0.10214891724221307,0.005995060279022401,0.1365538735152876,0.04719005040539255,0.024852254290629722,0.0017918958068198453,1.2581208278269616e-05
534,7.491265778478421e-08,1.5247309683648723e-05,0.09953322062439122,7.23637639727622e-05,2.810467117726802e-05,0.005882136358728055,0.0025588167503082836,0.09038980947932759,0.006404103649711946,0.0012041831402796542,0.005109319514393599,0.0016977853528464125,0.006490951768465725,2.3375252799625863e-05,0.00039929423040151066
535,0.003320545442428432,0.003976506520164817,0.012756445414119091,6.169225330757072e-06,0.017385031307116636,0.0001417339240571324,0.0041631427265083785,0.044237843376750574,0.06179199371952111,0.005218079035483599,0.05672199810190488,0.005390340260634106,6.83204707623854e-06,7.484020473590502e-05,0.0006442414702349305
536,0.004463520214840264,0.011755727287382974,0.12189760343277346,0.00014027550934172085,0.025379264856132382,0.005543891182247422,0.0009314925559805727,0.5663500236162881,0.011617484235371763,0.0007207175183577639,0.008635275703626724,0.10873058589276859,0.009032977538802472,0.0010395287073858759,0.002764191473349316
537,0.009796778130182,0.003975737974473831,0.00439667910044072,0.0005029690769710301,0.01910581144365575,0.041919512347367203,0.003404870837607962,0.05152011387617612,0.003646703043779671,2.5858609078062256e-05,0.013613119428999267,0.013460248094866534,0.044762331345964135,0.0017804129197779058,2.2226805197500418e-05
538,0.002923020427982686,0.003455538335472244,7.78448803375567e-05,0.0025539720088959246,0.02670963339971028,0.25153046021606207,0.006940706537022146,0.0001616519109434098,0.12077594392223655,0.022140390233763185,0.05590356222908788,0.002713833300907368,0.2682157334672797,0.0036811692214546035,2.1596409222766023e-05
539,0.01221358500925526,0.009819894665690821,0.027621427354506047,3.779507176955072e-05,0.03674747734893319,0.006967323183879915,0.000978260914432679,0.09252481490151529,0.039197806192465184,0.0046652826330947535,0.027488837202440133,0.009599894571380926,0.005817370919334684,0.0009157675269326801,0.0007177790347096895
540,5.218941836106067e-05,0.00014188453522090872,0.004290905149897278,0.00019445686453852895,2.8046370053092592e-05,0.0227082834860919,0.008159389178085457,0.01305907830757549,0.07057049611892881,0.008085868563303516,0.05666738497046634,0.03306141741428941,0.02391372073854497,0.00016109659836031893,3.0959243679584736e-05
541,2.7440342241023236e-05,5.2107651308675755e-05,0.016431283823910757,0.00014819749856684423,0.00034893885900381694,0.006131127553262697,0.001467600706433161,0.13776761636363283,0.03949429517494347,0.0026719035377873353,0.0400956949200021,0.044557949845906594,0.009029426372946814,6.419793195803317e-05,0.0011115061497423168
542,1.6443263755479274e-07,6.886240791003951e-06,0.1188427522273102,0.00015326233502616763,1.4763527672900916e-05,0.012080810900967813,0.010585654992473983,0.35094508573707606,0.025215393946106075,0.0034162376988114513,0.024405252013560905,0.03720734322438243,0.014404906430713228,0.0002648107033268865,0.0010238050840474945
543,0.0007030035841421253,0.0115960011198597,0.03964868116624962,0.001740192789979986,0.013051239007651434,0.13423376005974308,0.00011059048536100688,0.18124963205328437,4.9245238095961004e-05,0.0011986499926782232,0.005276249764368066,0.04671420859978191,0.15368929721111088,0.0008240901895450645,0.0012270223833012628
544,0.004142668245867504,0.0026890645019711315,0.003175337444233949,0.0006629846930043944,0.008676178073669183,0.05620688131081623,0.0004806843749440273,0.0036546388728139747,3.6937026872008154e-05,0.000649665651268576,0.0024404079068230215,0.000668068345229621,0.06144343794222636,0.001318163458284523,1.4423465976963255e-06
545,0.00040376296433184344,0.00036752405247647346,0.006436098569343834,0.000581568763189722,0.0001879948937552997,0.056031230302543214,0.0003607971570042306,0.006050083359943235,0.01676761788361683,0.003634465264599656,0.005470502573674703,0.001172819635450882,0.05968352613180587,0.001218326789299795,4.2152838410388396e-05
546,0.0034801483637716536,0.005133042654719025,0.006980819343201287,1.085691511479976e-05,0.01896911618647555,0.00029907349388622685,0.01080745361799988,0.062257564111843994,0.054070094465594826,0.004531378303628414,0.06019317357343882,0.018358296860639153,0.00042397945725121915,0.00016944453101526465,5.029008632900266e-06
547,0.004619443319068514,0.002172736951717053,0.01769594384764334,0.0003324095684340396,0.009730433769685916,0.038034531975067225,0.014211645545521208,0.02942862412757261,0.11881575033004886,0.014992442218677291,0.09333055967387344,0.0013813934731785036,0.03866749918349209,0.0003300241560640738,1.0923771243604224e-06
548,0.00076178369859114,8.219447698190073e-06,0.0010834982142158103,1.221540238213739e-06,0.001483375269341177,0.0004960509411866846,4.81549856590816e-06,0.03240356144070372,0.0023244846041584164,0.00029039157650178476,0.0012460060056981208,0.01572316116917461,0.0003338498590192826,0.00013018196515982323,0.00013518744921189486
549,1.5274339390208378e-06,1.3375671780345622e-06,6.316400988695174e-05,0.0002726687008454529,0.00011484294121315079,0.01740387116485884,0.006975781991285554,0.001332337593735642,0.04223991656399399,0.0022401205110078345,0.05568973551445707,0.0001115257482823328,0.020662726260305887,0.0003892630156013041,0.00013389737120830987
550,0.002182621606618817,0.005989648202066856,0.037116719831550085,0.0011425325193366415,0.024802525347097558,0.08712038800402674,0.018390630529457393,0.07450347880163714,0.06646983331144908,0.0025049634541792795,0.10993049641390866,0.00035497513433421334,0.09893188892757748,0.0025079777915787667,4.429150933811064e-06
551,0.005712561810448227,0.0008282561715239802,0.0019552225100028992,0.00014239192531606345,0.0071171582990327475,0.022294732744858617,0.012386306478416851,0.006318923315527633,0.1458921344758576,0.016287939487043993,0.11838240335209045,0.00018323015572111647,0.02080637137717482,0.0005984774664224057,0.0004234951711791189
552,0.00030942370653143706,0.0002530325001458653,0.005284605935661106,1.2752482347298124e-06,0.00046446173346468953,0.0016768498819463979,0.003741419962972202,0.034767231807528554,0.057863069599953645,0.005664687768591822,0.049716695183565994,0.008168194817822074,0.0010614413622493984,0.00021911007987300286,0.00048743373923884343
553,0.00019787630673481578,0.00211094594472905,0.0015639525184795383,0.00011055959106162084,0.001310264976631399,0.006319225723559093,0.00247717720401338,0.0033525636378018996,0.020960184849755044,0.0013379734740777314,0.025075826413761375,0.010018543864240007,0.008074833004374097,4.8160339184204343e-05,0.00012540213068305904
554,0.003579341885541934,0.00016305229903951148,0.007967228444624937,0.0001425698256228844,0.0023841777951969295,0.007629699223777176,0.003129202160440105,0.020374063125233172,0.034419999195993464,0.002139874346971893,0.03957898260250819,0.0022538764748323715,0.009895600029210045,1.3183489145963752e-05,0.00042408226500226866
555,0.0031461173581142474,0.0028591921862608166,0.035901015058163475,0.0007590403553052315,0.023593816561434736,0.06919842799016448,0.021176673794879943,0.5161111004669211,0.02871601129825331,0.0004956048685482505,0.06649888607971474,0.17915419303806826,0.07134653218698765,0.00483494665297665,0.0006365610254771357
556,0.00034274371106220874,0.0002885822000149299,0.0002852441982273786,0.001148745793383041,7.345175443071179e-06,0.12346276448649322,0.02100826373452287,0.027582055946052758,0.20677131563272017,0.02736186637426257,0.14709241911540175,0.039431632815112146,0.13000686298527184,0.0012886497512946556,4.301789362329678e-05
557,0.00128827482684017,0.0009155122140806988,0.03924291827356173,7.560510584218561e-05,0.00044402936619376376,0.013368893835032066,0.0002603357468544645,0.20961469524572707,0.040274746101079825,0.004992357752878102,0.024350592484608982,0.03954058595364818,0.011575425730569085,0.001439758971558071,0.0012001172773530321
558,0.0019716351273389556,0.005829884240042212,0.15660711976377226,0.0001163099282675742,0.018679310026560644,0.0043928429430993695,0.000886517345587185,0.44042054686210785,0.006867764008800991,0.00021712773347556667,0.005413939095561563,0.04047010539320042,0.006634098892877705,0.00048152615138130086,0.002296730218001577
559,0.012251752091199216,0.0058163404050864675,0.006300119905873638,1.1381662399399034e-05,0.04142378312893491,0.0029135877586970674,5.666510534390575e-05,0.10515283700248952,0.006013691601994842,0.0007400818634657211,0.002762991737980043,0.04146230203848462,0.002369983885373541,0.0003744929390294216,0.00042742356398830453
560,3.414551533592105e-05,0.0008196747889156081,0.0037800488395199248,6.451623869811428e-05,0.001842320207741034,0.0071664069965737005,0.0042037701499026085,0.19400359787906027,0.0023673768470898965,8.849936758778533e-06,0.007614542550110888,0.10405985957191062,0.0064798645606956575,0.0011414818486450422,0.00035480887505986406
561,0.03264505251520742,0.009019684579674545,0.03315132431210798,0.00029730061089655065,0.08297171241102044,0.024854118518382526,0.00014938001395794774,0.009873195864960996,0.0011460466529252574,2.10987125338401e-05,0.004272659209792689,0.005904763213962282,0.028058859686169335,9.5774261421335e-05,0.00020911365965527049
562,0.003233358255303157,0.008260718224512882,0.08985668065455739,0.0009515962720317863,0.006005232236232806,0.08405752711023748,0.015070418327698563,0.3566760129659562,0.01669057347473786,0.00010777463294898768,0.04680816468764735,0.04087857572152265,0.08911214739099678,0.004607059560475542,0.0005311195959257225
563,9.879448961888957e-07,1.4868525157201968e-05,0.010786396862852042,6.071438026549622e-05,1.38085996445011e-07,0.002190306533531122,0.00098780398895316,0.06726665496835191,0.02385588405471194,0.0017052018549765405,0.023675466724335174,0.01755042731014628,0.0034045519465561867,4.6322386606732686e-05,0.0005861326623720403
564,0.00018165947116712835,0.00031455372776303524,0.07443914152795912,0.0023916067522444665,7.351307256868797e-06,0.1617115437384087,0.029674356576372136,0.006094688758714489,0.192513503056967,0.0071010728657774505,0.27940851875886286,0.026403880794341143,0.18702904788882915,0.0026432942899201673,0.0017652214299824912
565,0.017394710458818474,0.007152285692524579,0.011782233201432546,0.00032786064823416944,0.03868444948041362,0.03333998616607521,0.001643964660113295,0.00421344690167323,0.03237400454491373,0.005101854153294838,0.01854029750137012,0.00457658159263299,0.03455543904551765,0.0009572946281566478,0.00010504635103253298
566,0.0001088381283396553,0.00023062109999126632,0.015994544447763697,0.0004494547406093864,1.9493371208280102e-05,0.04657326232120863,0.003318466583938997,0.00035424060095229283,0.04418791844745935,0.007282201133550043,0.025641022258224438,0.008011635702679525,0.04799665406552814,0.0007493234020295569,2.4230907126757742e-06
567,0.003067342765008962,0.011594291313382972,0.03160224732542669,0.0003932349660353122,0.020030562640529413,0.010532477776437977,0.00751302786310866,0.8143090994518937,0.23588681881105283,0.0196505537836303,0.21711224623270203,0.4093968902677096,0.020144754951794876,0.0012731134824944814,0.005760112462390845
568,5.679729182496592e-05,0.0010264358888812158,0.0009483899565892835,4.268698425760267e-05,0.0016459056544585167,0.0035945197503953414,0.0029224549240401457,0.0695985704692161,0.009662714018668736,0.0009932366059733917,0.009541978763954245,0.07390986802327819,0.00450505104606936,3.4168766174752144e-05,7.990096213166684e-05
569,6.114880143093322e-07,0.00017084236567222732,0.10477230024794768,0.0006319192817504124,0.0010576794239927465,0.06201182187306268,0.014389272158834208,0.5867924791541312,0.006770714513718664,9.462371316945276e-07,0.0284049500600294,0.11108655607706563,0.0626742386269026,0.005193541491991573,0.0012485341637128297
570,0.00015201232402823378,0.00014143126698352139,0.016209876002469193,0.002517446952464599,0.00014481095864264648,0.16864148296585468,0.0007598138218734533,0.6254427034509458,0.044898965685801935,0.0007801972234750892,0.07137944646957847,0.38430474526793956,0.20712695196549574,0.00017244903727117614,0.003959381423782771
571,0.012902349127247938,0.0006689637453720514,0.008970537803442856,0.00042893744823757813,0.028876125182200972,0.046565439649568136,5.361024710542126e-07,0.07875847747413921,0.01466278396789058,0.003050015733491921,0.003847104012986902,0.01779765179378833,0.04782395792576157,0.0015047274016745855,0.00029280389952675593
572,0.00558082806589234,0.004386817972407537,0.0007053546425255642,0.00021884887305943494,0.018051757697711335,0.01600449607718109,3.5390486005610696e-06,0.020444826033057306,0.00024764045785072617,5.23412294687817e-05,0.001406860297293131,0.027674878826596142,0.018698045779419147,0.0001422792379307669,0.00010918441071062963
573,0.007395806823688,0.002541652170309959,0.045771619913105556,0.00011348508143431462,0.019590457148803628,0.007756819204429805,0.002278351424674159,0.1414676144296759,0.0030676631135411496,0.0007427105472814432,0.0023893846154487857,0.016571001609288122,0.00923899162035791,2.1983409187973757e-05,0.00052994861433408
574,1.8469949016195573e-05,4.286104682124032e-05,2.5664319254864322e-05,2.950800255462794e-05,8.635242559457822e-05,0.0018890154836795174,8.525776408804262e-05,0.004760949788085586,0.0013424520527190525,5.298649749286056e-05,0.0018393605481021131,0.005059157988450688,0.0023501574535625992,5.385944167995054e-06,3.8776618043777414e-05
575,0.0010781559654422918,0.0018260467254919643,0.001061839912010256,0.00030536941475498025,0.010938637926122192,0.03931628530409101,0.0026420530494140307,0.06554820005131036,0.06952140724262149,0.009786039547157538,0.04267997763316271,0.058549967564013296,0.03775728718226632,0.0013573607298708772,0.0004228223684568382
576,0.0024781355331956866,0.002191236677880284,0.0010763331885835824,5.136865167179907e-05,0.0030756541853365566,0.019126123665995243,0.3946154927173481,0.04753591444711416,3.726553126947235,0.33878768528820274,3.5512362134052755,0.024222219681091568,0.007209317727039856,0.000615678957758402,0.011168475526017654
577,0.006100967832956831,0.00047830700122152855,0.0027849441799685857,0.0005428611570870344,0.015896565578153315,0.059988413351195896,0.00689193195205547,0.0005042088416252611,0.08322411243866518,0.011097929713170366,0.05573457019751916,0.009422831869919676,0.0630773436518193,0.0007299974498028973,7.72572726081306e-05
578,8.11244236267904e-05,0.00014553140782754229,0.0031803875552628177,0.0005706295293493058,6.865826820274713e-05,0.03376066104974024,0.01822724967736329,0.00013634475498694869,0.1237089317099224,0.007018096444784329,0.15483738262409083,0.0022449584458550708,0.040739881641049226,0.0006960709988409698,0.0005254856161882119
579,0.004272542331112505,0.0011989290549367002,0.03022859650505795,0.001366379398942074,0.01600773187069968,0.10872035463838467,0.0019873445939381108,0.009780696532600922,0.007807785205810283,5.377052322254026e-05,0.025332703863680348,0.0027478607290891423,0.12191459205297156,0.001317159250042861,0.0004524082799718496
580,0.00014741689329384256,9.233827045912361e-05,0.013240735526399369,3.4503426084925825e-06,0.0006440354554347706,0.0013118620001745206,0.01891118879369057,0.12542153650387702,0.09705008892100193,0.00880929426050631,0.10081809561502085,0.04114535217465788,0.0012939053736315373,0.00020117220997038435,2.930819640609221e-05
581,7.976241014649417e-05,0.00013815244305474448,1.2062331244170575e-05,0.00026287118729972073,0.00013988945048605395,0.01314765885613943,0.02037090764937822,0.009271928794560402,0.1336519180110214,0.008980420909815967,0.15607622450284198,0.005871215601866858,0.016488472217357882,0.0004719246980887769,0.0002733152826809989
582,6.549474225217363e-05,0.00013855178200821602,0.05091113871217719,0.0005755173974163507,2.3745836868148084e-06,0.048724398896393954,0.0012444204571694021,0.0068967813639255054,0.0010540132902409586,0.00032080034813439316,0.008050606790825341,0.07761796004795579,0.05154734406889103,0.0011947459304879394,6.408506830064352e-05
583,6.1010085047400803e-05,0.003481379052599411,0.007296141945438097,0.0022592529558876,0.0008614317591476464,0.1858589689705265,0.0017784634594328063,0.0013105685188560218,0.0015333768747368374,0.0010421564197594486,0.018297342017096374,0.00010756279572189998,0.2056311901100563,0.003126805353078683,0.0002622505305670486
584,0.0001560066065014663,0.00029959314433050107,0.11537616676934338,0.0004103764676347087,1.9078149462216925e-05,0.042156986190320635,0.0026496468575425165,0.23873864469574738,0.0009973290573909866,0.0007315350130611332,0.001005771621074805,0.0055562701219116495,0.043362849194040765,0.002664749155175894,0.0008228616956736681
585,9.643993290569977e-06,5.216549910468335e-05,0.009620163708991434,0.00011171531646934835,4.798445565054176e-07,0.009203103139353838,0.0013271236501341595,0.012852453118222272,0.0029465862432137154,9.892354937158863e-06,0.006856401621869159,0.0360734615322165,0.009582982835997884,0.0003723357673389148,2.762654993197502e-06
586,2.8633031914280524e-07,3.452468311768526e-05,2.5918553763888916e-05,0.0001689301523698274,0.0004144080527619661,0.01820201016494107,0.0012016028094741279,0.0010053218863787597,0.01946711590225871,0.002922546619569597,0.011619699844026624,0.00010291771627100703,0.01880482143511858,0.00034447539101530625,3.0020711673775853e-05
587,0.00047763234316770543,0.00021277047671739688,0.012047270851266405,0.0008370331490637162,0.00534279746273613,0.09273397522041739,0.003964242887030888,0.033692939379021916,0.09042590108818659,0.014741894457919732,0.04915303862189638,0.05977096833015609,0.09319406078991449,0.002288072137499663,0.00020945384980691306
588,0.020860690848582494,0.004628566509706074,0.06494033277547105,0.00040632678017896135,0.04429082387267222,0.016990160708395576,0.02013162329846858,0.09672894211327167,0.2279677562319326,0.016360412238455357,0.2434878191841889,0.0014146155636471699,0.024095134556865412,2.8739347239312966e-06,0.002345899450163324
589,0.00024624547945238445,0.0004171697665053691,0.02410304174639511,0.0005508296112014879,9.048896476341812e-07,0.06250269081075413,0.00017931935070012182,0.15836009749080412,0.042184036513961895,0.007315035218863348,0.01761061510339194,0.03065644850166942,0.06220630566850891,0.0028032048707198644,0.0007648464542251899
590,5.559838807479792e-06,1.8576255306366728e-06,0.004905422437299619,3.2167312869790005e-06,0.00029083607101709123,0.0015634365973959865,0.000746016034097227,0.22321846127296577,0.0036709414097728897,0.0006299652500031936,0.0009112821049219002,0.12083431641996509,0.0008544521509969965,0.00088238238894292,0.0007409461859812604
591,0.0038286394620993536,0.0019434225897954312,0.011250253818433328,8.069941536161432e-05,0.011146852645425292,0.004838554367932662,7.204145205976558e-05,0.04794638446756506,0.005274835388516163,0.0002545225060988128,0.006169474047387633,0.009349795677530054,0.00630250894606114,1.8325944638504414e-05,0.0003462915079290862
592,5.8633726477643436e-05,8.59831724154679e-06,0.09511522347339278,0.0002536457152439729,3.6239332940252242e-06,0.016551952085247925,0.006596198737208391,0.5082284171310807,0.004334995796706685,0.0009471051440708277,0.004334634320565921,0.1150702384562059,0.021321180574745826,0.0004108097406955177,0.0017899997870067979
593,0.024094328999381107,0.011428161982841549,0.06764543224428243,9.664846771621871e-05,0.06061001692077294,0.0026219857814694775,6.693028570235899e-05,0.4457909959015833,0.04143246813259161,0.0035422264330784606,0.03427969974626632,0.11691501591910224,0.0053594373765960554,0.0010812403524385636,0.002553908408431554
594,0.00022562414496710452,0.00019376484625295985,0.028307353298128866,0.0008754114428104428,0.0007164940322231051,0.053811896857953005,0.0007682161557678654,0.3231081490567383,0.035798430019375056,0.0012330383290027884,0.04677342286840493,0.1312027812063109,0.06782266042227299,3.864408244228195e-06,0.0022391231505561947
595,3.0988634175896566e-05,0.001864318923176213,0.00011998945657283925,0.0007850747490226774,0.0002537682674241759,0.059964703090698686,0.004404581226110646,0.00099835759663193,0.017336501753155382,0.00021182232467755637,0.035130442031418,5.964189776167682e-05,0.06781248950470653,0.0011982217510480054,0.00011597536528131744
596,0.0003660110386163996,0.0026520214683691304,0.0013765079612338908,0.0010225488587393271,0.0013880489824589788,0.09305211385860425,0.0005367024140354509,0.0342997559445562,0.0026005250951761346,0.002300251840119799,0.0007335854675678417,0.02975067458259697,0.09837245366130573,0.0025911838525027814,1.2456453274208607e-05
597,6.244535495449375e-05,1.7597961077213023e-05,0.1645271168942897,1.1885458959409667e-05,6.1138473456540805e-06,2.558642340964558e-05,0.002848929814580801,0.11828939298417222,0.06475896086855573,0.004882679238758572,0.05928489405343471,0.009993137793795362,1.4809594717956785e-05,0.0002732119078286305,0.001528677443566762
598,0.0009180564153253592,0.0065829851477343495,0.001373625158219273,0.00021078647065622474,0.0013329208550713493,0.01691618077734795,0.002253455626020014,0.014841735314976285,0.005773771994963836,7.84147539728809e-05,0.012172520202776888,0.003408319273028963,0.01858890576053518,0.000595986636044344,9.371924219789319e-09
599,0.00021325614351472557,0.00017876058591740325,0.031414904331961827,0.0005762507594914547,0.0003269272611488017,0.046826692076574056,0.00220633176542282,0.12898553034340104,0.007098256809181394,0.0021148317351328736,0.002477433356736959,0.02682344251045329,0.05331389254215504,0.00010231274699801505,0.0005253367798382409
600,2.8786741221845107e-05,9.236149194479236e-05,0.027474463469085223,3.364054171007547e-05,7.587637512133185e-05,0.0012235176272283918,3.2917805629267253e-05,0.07843807503396238,0.007733354365245394,0.0004795114297028433,0.007214297230111393,0.007637283911049153,0.0018975286077417821,9.263531470505135e-05,0.0005291414371482313
601,8.675186958641177e-05,7.048896642801046e-05,0.010475425066487059,0.0024318536496608294,0.0010547793138771285,0.22282775245930941,5.8792839252672195e-05,0.03047571216101111,0.01672724199697341,0.006916735251160027,0.0003017242017602956,3.8132109990847024e-05,0.23982076808371802,0.004897145450640741,3.7543164318898673e-05
602,0.0027191428472970536,0.005957130430988505,0.10102174454903158,0.0005866454339758763,0.022439575345934822,0.04235901723244814,0.007651659767725228,0.00436711412063411,0.03754683596108108,0.0020226156234653117,0.05547303781647892,0.0797328334368537,0.05109574103977712,0.0007089386241080479,1.7200108433290692e-05
603,0.003967637952251053,0.003957651119324461,0.07928413547045457,0.0007605170876377621,0.015949339415548363,0.04269218633266242,0.004643456983861916,0.27366949062888785,0.09178183342971301,0.00487801252132106,0.107068150028246,0.04269108003228103,0.05510869882701221,2.2514110089426683e-06,0.0027764140633346453
604,0.0004668512214956204,0.001167307438653044,0.01876800126993279,0.00019720516829427605,5.932153689991013e-05,0.013663956876553269,0.020103845308496147,0.18587458805784002,0.07225682778881687,0.00434689389236845,0.09767275807070394,0.054977296509915376,0.014904595376650178,0.0014878071489893244,6.695370260147369e-05
605,2.687118494610744e-05,4.4965178926747695e-06,0.12340565582468534,3.1049481716924113e-07,0.0008397480930027118,0.0005486342610264096,0.0063091608901897625,0.4340316229484997,0.0018318122062091842,0.00012462988343021103,0.005353054993771204,0.054094208669224805,0.00023441394166150007,0.0013279963369596413,0.0014508120670285226
606,0.0044146288825435195,0.0005667479035591071,0.0586146208518766,0.0005097145555005658,0.021311824189488467,0.07569318896492494,0.0001391776657602504,0.772012625451717,0.11460412057032672,0.016518967517064637,0.05727216094291008,0.26443839394687835,0.0687120270340909,0.006080817570951151,0.0035710837630990944
607,0.00026356138641052613,0.018007022575168948,0.06720459537247125,0.0004160627503808113,0.014023345927208757,0.03016218412731071,0.003200087715382691,0.2922188473726262,0.0028471472196954658,0.0011246788040187741,0.0012238298967065205,0.057004752318126684,0.0360168279360567,7.76493393211823e-06,0.0011829544405323868
608,0.01030885385235967,0.004146651748027405,0.0684398972397491,0.0004438996516124239,0.028345318018253362,0.03388863157540379,0.003352671106132298,0.2893459475049036,0.0031663133413583422,0.0010309905631391554,0.0014080953763992616,0.05590154663234742,0.04069942402979061,5.612585000658139e-05,0.001173871729553753
609,0.0005597976066893624,0.0005190723798980703,0.05322477619445367,0.0011529924762882437,0.00010793192394374227,0.09060405487648547,0.01769168896447057,0.13425759554602654,0.048544710576515375,0.0013137030284173618,0.09031614584404565,0.004153412071183609,0.10058226921324294,0.003513835611928474,2.571110484282645e-05
610,0.0005332503065620882,0.003442549269746923,0.026242765097096134,1.1106697985677536e-05,0.00036585698616605985,2.5279004252713666e-05,0.0011631517934992397,0.31333221663913363,0.0031381191287729432,0.00034663080767512687,0.0010712725483187967,0.1140864075754112,0.0003310888107923188,0.0008309229511932725,0.0011900011918250834
611,0.0005056383020173661,0.00044909037531857393,0.03840785794638416,0.002205553452430295,5.1746553204345345e-05,0.1679279229034748,0.01504480780500378,0.008225725512054772,0.05978162114127453,0.0006926885925118145,0.11786009456719419,0.055676083548829226,0.18660721445366774,0.003676769699268615,0.000494729982587441
612,0.00015166094043622084,0.0072163169855606,0.10038195943954493,4.7267998367562815e-05,0.014098388777287984,0.00018613569716820062,0.000961445257629393,0.3954580763897593,0.06897662857222404,0.005515751047416156,0.058219479913055275,0.05998539117857242,0.001014874438331372,0.0007412613748019189,0.0027227838283710106
613,0.00014761297954984473,0.00026412176195628184,0.002615029729106416,0.0005174330217994213,1.8774789858606478e-14,0.04835085150745498,0.0015243181090304743,0.07919739491284417,0.00015708592822392893,0.0007329273519616404,0.002422720798556636,0.03165637049065878,0.0503882980840666,0.001919270599045918,0.00010969937400418126
614,1.0313207259845287e-05,0.002419901705705636,0.003296963829129696,0.0032085751539236624,0.0006884826621779382,0.2201338102243995,0.012244423708069382,0.19094609582548444,0.117726042614407,0.0033943999526769085,0.18238736988434126,0.1448048691128261,0.26280755038487585,0.0016170733827644587,0.00267991886032388
615,0.0020996465287999363,1.537029026926801e-05,0.008002902338007652,0.0005072281229709742,0.003263223237079129,0.03569900701038987,0.0063953076904938065,2.5441861485341298e-05,0.03704517498769477,0.0013550988443895812,0.05551304723705483,0.0055403377711517356,0.041097773206609914,0.0006159744163082294,0.00025771507574102597
616,0.00021915501493576173,0.0003668950739397353,0.08490210489809578,0.00011808930464783417,3.7882631096932637e-07,0.01932011204950843,0.0003918177073860234,0.4498297701504284,0.025776541831181346,0.00378962479641403,0.0104106815346844,0.08570421478710474,0.01676989102930974,0.0027599873427582473,0.0020037000411206756
617,0.00424099548850361,0.005504556424221882,0.0714042488526736,0.002588467892970534,0.011878900211596153,0.19362503888886434,0.005296125842882671,0.04871327816904671,0.0315419847507974,1.9013699706893523e-05,0.0730675279836466,0.0007434704953373335,0.21900574931940608,0.002524205121806539,0.0013526585129995591
618,0.0006474107239912937,0.0014530608105264822,0.018786192252483194,5.1459234676315645e-06,2.1968612110481805e-05,0.0036587595774522945,0.004486335537672974,0.07947091789285304,0.08305913503557535,0.008155247842933535,0.06910362067947243,0.011882348538569537,0.002562138683448423,0.0004577364304972792,0.0009148897859160751
619,0.0007549847813444053,0.0014692768787498674,0.06071867513790782,3.263715997854841e-06,0.0034640439839007885,0.00035729191234728955,0.005462506157517439,0.11644588688093996,0.015278006412876681,0.0015275881170238538,0.017300629684397842,0.003457096592713362,0.0004426991025846128,0.0002712264105365247,0.0002818596174128673
620,0.0061429969330439975,0.012381104116125662,0.03566032393571139,1.407025077283875e-07,0.034298412308891066,1.3523497263545554e-06,7.44436288457813e-05,0.026462389451878492,0.000557247662371758,4.750883340625511e-05,0.000305963200225888,0.0018996691429180154,1.492153157671702e-06,0.0001458895152774776,0.00018125355551567245
621,0.01252870821149465,0.012793334227315196,0.0031335142615468298,0.001397870928789909,0.03253465935324816,0.13016971510179712,0.0028498054895275847,0.19299656586785596,0.00228141674130451,0.0033119015999613357,0.0031809557151674427,0.17093004914915125,0.13318019738579112,0.005656603337474973,0.0002001098027943878
622,0.0006022823908294407,0.0102790066869436,0.001980425322921764,0.0011492192083621257,0.009490235321861518,0.10967918389010296,0.005606105530489053,0.01956683686358996,0.06434012559659688,0.011485032971913223,0.03398937092928393,0.012504622811077127,0.11770237690677979,0.0014099284043509832,1.0570141768660666e-05
623,0.0003200851065312315,0.005792743837258931,0.007648978009713915,0.0007352460353070245,0.01674641306768695,0.08052474598163126,0.0027226616506609673,0.03406894353792496,0.07008583960971664,0.01079080274428421,0.03779694883144392,0.0023954599786529716,0.08290114346022807,0.0018720961997072665,0.0003146890815867969
624,0.0484558371941269,0.010747333703790636,0.10566876390440351,0.00013649952253832616,0.13249453979155487,0.022312683866610967,0.0033162336807216024,0.616586003607242,0.006222690516479087,0.0011794885685825686,0.00025436237122103015,0.12813004196122194,0.02023416071156434,0.0026959409509289055,0.002215688244882151
625,0.004285301322810679,0.005031861904091845,0.1524653020637204,8.066386818065558e-06,0.02443432564872917,0.0004894244924153221,0.025989107905871858,0.44404962200691683,0.0795410792308721,0.007027520711795189,0.09624645174751598,0.03941748730295882,0.0004765135793829606,0.0011872379638195264,0.0007499537861565382
626,0.00042705914923236337,0.00039234594115898283,0.16580475996957897,1.7698966737571836e-05,7.591636374304469e-05,0.0006329251577988102,0.0011278363511769837,0.7258488375711275,0.11762404812099177,0.010718092423498372,0.09160788424896732,0.12276386865692229,4.059764406818401e-06,0.0021534340212570743,0.004677295204824331
627,6.921306298563405e-05,0.00016302179422737095,0.0193045969281463,0.0002081671920173304,5.866281415668114e-06,0.021613885917174714,0.0009134539356037563,0.10492644757315456,0.0011899182613935564,0.0006198546048638523,0.0001322421215069119,0.018230257176573814,0.02181131380660642,0.0012954027251407614,0.0003051795004529035
628,0.006392386300184562,0.004387626033274849,0.000749021999930246,0.0022020043005702003,0.010610436730653545,0.18862662324921955,0.0021145999119705173,0.021643450700351615,8.334754538820217e-06,0.002183042054685968,0.010477646496738687,0.013441870844786027,0.2039287719730574,0.004560252206476829,1.403991546606435e-05
629,0.011814283585935077,0.0005793580212585649,0.004710227690221661,0.003130407497458408,0.02852397305056109,0.25065759821988376,0.00025016004070661313,0.12562352110606673,0.0014857873233602877,0.0010737699921075212,0.017702925960761045,0.08912404160656738,0.28697799432951476,0.0018887959077725038,0.0011014050503097392
630,0.00038305979997130946,0.0003667881687563158,0.004367557433343634,0.0011781270489853689,0.00017038381660626264,0.08873684931553363,0.006259639354446267,4.808108153126492e-05,0.026928394458352142,0.0004138415660851714,0.052614352842677306,0.008199693081667786,0.10145206905431378,0.0016119545377703923,0.00018664889027613727
631,1.4240281852433122e-05,0.00011209223853529602,0.024510746988479562,0.000299854108091814,0.001995065359354095,0.0350143619508755,0.004579937876263425,0.47468327325850085,0.0012284720754987596,0.0010325668371728393,0.0013613596519665948,0.19271406936910518,0.03281390973449504,0.0035859079974606472,0.0012332190886743745
632,0.005512007822738852,0.0007138005967487125,0.0044647578755926095,0.00042721461670905864,0.01200348175787981,0.021888489160952356,0.022266019874043103,0.0012196627462839052,0.17268746599765608,0.012281315908351784,0.19700385235047932,0.013286928035845394,0.02885335590240236,0.0002611009692220741,0.000610893967547269
633,0.009490007775489324,0.0066447950751196885,0.008614420731845571,7.31375830818578e-05,0.035122393778257766,0.003211024235847882,0.0004384779258524613,0.17084270814665703,0.0015420571273166246,3.755004637814024e-05,0.001217407914037536,0.07874943804210832,0.004701226384379017,0.00010017890856951405,0.0006839539862285097
634,0.000888480968166386,0.0014184319854676222,0.05994574290831821,0.03941845400828051,0.008036229975739174,3.374767101080865,0.00020306902234540998,0.2508466700375187,0.09089583435272014,0.0708324130700363,0.007860530068306296,0.14752828103337734,3.7260535210038674,0.04544373552774134,0.0035731135878805187
635,0.0009058140914746577,0.0016564783271594296,0.07997763497410854,3.5445121376595336e-05,0.0016124758663676288,0.016893703364023616,0.02737410230740356,0.14546274161197986,0.3850085335467098,0.03727188542295641,0.3322056975226992,0.0021159901261203263,0.012944065327681043,0.001244100450247725,0.0028716651474663866
636,0.0014724939464248342,0.00023348739418659748,0.09229166127234772,0.0021225128176420144,0.0037830707579111717,0.1536474209351408,0.0048315533068433334,0.9458766339617483,0.0002488154387976218,0.0014417253044303928,0.0008873936045568302,0.3629826146763417,0.18573166293816698,5.368480575436217e-07,0.004096261233246303
637,0.00027196386237357697,0.00022927977075857292,0.00019888772424945833,0.0002567392278169649,4.184395901588101e-05,0.03328632269980341,0.004396712258796241,0.03298198411617789,0.08110291843560581,0.010626775378697504,0.05513924708192737,0.017123956719140618,0.03211059166788733,0.00108590750420961,0.0003729294954706193
638,0.009134979490869497,0.01877709090490097,0.014250927338573699,0.0003500557478464931,0.059083475746719114,0.025723048408939412,0.0009522730972321654,0.021784570124819227,0.010053034217845527,0.00024749556248242666,0.01665178634220532,0.0008685637829559626,0.030334557893720433,7.543314346601405e-05,0.00035653090859318764
639,0.0007635993218125101,0.000745115832249856,0.006960200797510356,0.0004394060010610577,0.0012873630292377437,0.04225923603813765,0.0013512590676089979,0.0010591730044956233,0.020654400840026954,0.004112588963091111,0.00946712277365046,0.0012209722718450585,0.044575936370205634,0.0006773440266865473,1.6169632114117078e-06
640,0.0015111118662590641,1.925195400909858e-05,8.113389948690162e-07,0.001792746382984749,0.0001945123624499335,0.12257848750100404,0.00796942476751846,0.0858539193748513,0.07089840351020453,0.0022052527889451492,0.10867675948741333,0.08798585540149982,0.1464162060380217,0.0009999364432910723,0.001335500473557652
641,0.000192415973105034,0.0003078077720659586,0.0315713953404518,0.0004616302991267398,3.757158955374156e-06,0.04573897164442318,0.0005224857752196417,0.09151724364558904,0.004207480454771128,0.0015422041712629265,3.1226146336476196e-05,0.004962932644223884,0.047613719530259446,0.001890818018917713,0.0002957792589860583
642,0.0005894704674939712,0.001985344291798876,0.0008783154248411045,0.0012505989687720458,0.0002103623512876204,0.09952868319730133,0.013685242485208264,0.08023109927851826,0.03783516928751873,0.0005833966718025776,0.07699262651064054,0.03636821008659569,0.10927399658829053,0.003231092483028431,7.212024634006331e-06
643,0.001214588331383565,0.0013160324349053237,0.03886139166963317,0.0024087978279901112,0.009077257083858902,0.15878235322595302,0.024571339845916324,0.062169183455655676,0.19641535820189115,0.008232554657311977,0.27229734129030964,0.004434444662509434,0.1889932205575277,0.0015408854268739313,0.002390135754764512
644,0.00026609962473164234,0.0007389901805942825,0.028772163360971714,0.0010168271522641124,0.0006335203851092247,0.09376358448249454,0.0008383880871475052,0.05661210916315749,0.0023725981384559915,0.0018121833679176458,0.0007822239742593007,0.00013104478898086117,0.10070142870173357,0.0026632267301563714,0.00011584952383226447
645,0.005629637943885761,0.0034230679292878603,0.007012254680476531,0.0003177576209767987,0.021674700472215563,0.03094268146931905,0.0030746701662229706,0.028877062466565635,0.022768580272217995,0.003538983024464544,0.014170621220215668,0.0072799049962378355,0.03387729445500669,0.0001128068840576543,4.799829294447074e-05
646,9.732377395874009e-05,6.899404351094568e-05,0.006799486240653714,6.5149043375032e-05,0.0005183483142786826,0.0018970376447785813,0.0031022042581634263,0.04817707851500672,0.045879795878269916,0.003914728256055222,0.04471024761678355,0.08057229816250737,0.0034373621299934824,2.704984125757187e-05,0.00043787623278407947
647,5.579701134892225e-05,0.00013321613378841003,0.005549539629722067,3.757618463238386e-05,1.657346301174357e-05,0.006091882545385702,0.0002656712708861027,0.053843563649176696,0.016742986935863027,0.0024836624713427107,0.009814740825993441,0.07546150982263226,0.0050769301665810765,0.0005164763779237567,0.00020986027668350285
648,0.004030588784744019,0.005681982137656847,0.05984016654786158,0.00021572151044433677,0.014095887877524043,0.02159879404897581,0.0007640298345813634,0.07841056585346835,0.0009256603730481032,0.0011073347245656698,0.00045267863702120866,0.2320687811751176,0.020149646135689994,0.0014414179875332767,3.917336171056673e-05
649,0.0001577674079509454,0.00012154751223670053,0.08499649533279223,1.961777337287536e-10,0.0001616491909459032,0.0007701004442969733,0.003388214075140472,0.028691875955983503,0.050506537111144494,0.00411616300856029,0.046227643544388936,0.020590870988272992,0.0005406582037857742,0.00012245067159361256,0.0006629899451624938
650,0.0011802397743041677,0.008478565512204887,0.0089214961769364,0.0005525329089508358,0.013942577490835462,0.044342296345267415,0.00288019354310605,0.14958079859796694,0.009307147848231319,0.002303076150848346,0.004270724372205226,0.07315894580054495,0.051119308474339105,9.243705261217545e-05,0.00047096351226821816
651,0.000392929994955085,0.00016961018685784845,0.006712695272627144,0.0009137930942907964,0.004657384689084719,0.07377363765865554,0.018586165482779513,0.19156854561650474,0.04758932850675188,0.0012505197343965783,0.08842757629459345,0.07844358676230716,0.07971461289016188,0.00337560885812673,3.710216799204371e-05
652,0.002397691833140077,0.003614340073222,0.1996535946659441,0.0005848770159229805,0.004216279574644523,0.04695981190855482,0.05448885053536148,0.940676437633374,0.13158431066293486,0.007003523685664107,0.2019815013008404,0.15540493259014596,0.048796564606727176,0.0066100112135132685,0.0012149722791057788
653,0.0015224173406734928,0.0025378107280328234,0.0034948996800995696,0.0019272372209390145,0.015032261392673931,0.1621311790676814,5.7016818182857295e-06,0.026326541720240983,0.0011431990896262072,0.0022222190923282016,0.002345557132589998,0.015925246949220633,0.18122200403183797,0.0017440548464421357,0.00030305922557597267
654,0.033545383084221836,0.006838449048763654,0.0009868419211715965,0.0007751556542646872,0.0876029528435973,0.07060190273694097,0.0013342256689273394,0.02218144433922692,0.00013760352893153594,0.0004357657018830936,0.005869492756774222,0.018603017400248244,0.07658487451061902,0.0013277661648052835,2.687517829993987e-08
655,0.0011135300062122973,0.004513828978180241,0.026406320619865392,0.0001706595756540975,0.0031536482537790887,0.020097052618763763,0.00016277030281706576,0.05863430462936773,0.018422388368362453,0.002722605767900746,0.009112990879224006,0.0015228993298608844,0.020117999864254995,0.0008665444057269384,0.0003686993702628899
656,0.006618200327751837,0.0024085622376327945,0.19996021630721222,4.0011444183629025e-06,0.020262179338475423,9.45051607410166e-05,0.0033238272377656046,0.15409414468527077,0.0038517458789782163,0.0007087545209502972,0.004838882017923173,0.009755235229811334,0.00010320262251236638,0.00022106185527854744,0.0007249165402818881
657,0.010732570665253719,0.0021447119760339348,0.001471565852195221,4.087587273927362e-05,0.023211199776800442,0.0011052190559899993,0.0038233784823005616,0.00577165996615245,0.03714511109523825,0.002626113071448132,0.03912162036353351,0.0010613329295858839,0.0016754627009203484,2.076778734832131e-05,0.0002335868976806438
658,0.00017035031388554534,0.00015888048351324593,0.007062146979090814,0.0015231059737768453,9.682524798368163e-05,0.11536978786559417,0.000681529478277983,0.2785188686926852,1.0293533331632095e-05,0.0009101593427560302,0.0023687482267130597,0.17690863497795173,0.13580422551508614,0.00028827921513246665,0.0013147648324260297
659,0.0002563280067466838,0.00020650256835990703,0.0004853639924804463,3.831815872825512e-05,0.0002738491037735302,0.006974423453447828,0.002963571102592991,0.018511570239234037,0.04654554005025316,0.00542086935939141,0.03590561842952614,0.018540906564756342,0.006041018913134126,0.00032676046967932684,0.0002288206423017619
660,0.003390104443988117,0.0024305378275624443,0.0012272913709421849,0.0008373444913456599,6.054552847496971e-05,0.07818839032014877,0.015769107630546703,0.19871227282130002,0.09259899836298217,0.012293754584642859,0.06939933158206016,0.211529457961443,0.08803481218030233,0.00013816698470823136,0.0001638562404189997
661,3.66824812235552e-05,0.00011382188915043331,0.004793904613744211,0.00024531708175618385,2.4029638394510533e-05,0.029646579938638472,0.0030825633106101626,0.014094740422551807,0.054289921474326326,0.007727198258127357,0.03499077417238217,0.025346168878342294,0.028949711425330704,0.000811451661615836,0.0001421154687172815
662,0.000397867146960475,0.0002449672354802922,0.024523564937757883,6.186041035145183e-05,7.874233700784866e-05,0.012409595340027672,0.016954598604480075,0.0016493064762602794,0.1548817857550767,0.01671392324080538,0.13463411973626344,0.012413947657323314,0.010858828905162557,0.00013808773688902043,0.00013406379784360796
663,0.00038294982426901296,0.0003482691118500877,0.05415477680278013,0.00035017906750896445,4.5936676889482476e-05,0.04078995852313117,0.00015962840534637936,0.12747169199933023,0.03297442567708982,0.005154362028560699,0.015131361179314963,0.004290590106313498,0.04075656065024882,0.0019665752573837527,0.0007477833873021194
664,0.0015647478316354307,0.0011068441223469404,0.009732343483877645,1.1971504991469673e-05,0.003594799125155368,0.00149350819453818,0.002500240141353602,0.12079512438749704,0.0015746734092023683,2.9691361012458305e-05,0.004050542205594517,0.04303570908226696,0.0011829556623779204,0.0006150052235913406,0.0002746285860372876
665,0.00020359951201813763,0.00017241250759574475,0.00203516789057695,0.00020303927279671636,0.00036485711901942887,0.011864591572071674,0.007385125155984458,0.000917535661993227,0.04788142460894077,0.0029155092911786556,0.059224935837758265,0.0008953016599166762,0.014543205087223116,0.00028603151692251967,0.00012461686997653363
666,0.0004949825265385722,0.00046696225700708404,0.13411814118119555,7.959183004372847e-05,0.00011188970274525543,0.011430604831266934,0.008118265763849077,0.6325991450003494,0.0002899491728388085,3.864486739162421e-05,0.005284742246410248,0.10985034486792575,0.00978817194677231,0.0030813382249663224,0.0019784465893481523
667,0.005683449976791383,0.010209748372500715,0.07402489074145434,0.003971402410585042,0.05517437352785419,0.2719142372828124,0.13761306430883646,0.3900822012272848,0.6397297942433293,0.0345317056388265,0.8792806823570908,0.0519068592923697,0.314353757949571,0.009690370002592442,0.00024342572078271332
668,0.0009152130451457137,1.4072886619517841e-05,0.007586872365605436,0.0007668560625546695,0.00017716719695086292,0.04506832010837853,0.021034102037423487,0.002080468259550098,0.15270563833203357,0.008511917126294472,0.19064910771500249,0.0005815303256398855,0.05466940495163039,0.0007557158298611158,0.000849366831356337
669,3.9514002564134595e-05,0.0031310438799286885,6.48969901419198e-06,0.0009026661566441472,0.006531990140018487,0.07092759328068134,0.014197434848178331,0.09359048605778497,0.04249463320704601,0.0010283293251861858,0.07793574536168017,0.05891800377322561,0.07750531368688213,0.0025450713589387987,2.3683179779542954e-06
670,8.2432433442131e-06,3.8309748589151076e-08,0.0001789203978099706,1.7719154611853252e-05,0.00024179869278152796,0.001771040192330204,0.004312626381983905,0.11530210382782939,0.00782232857190576,0.0003230121357746844,0.013030304147557752,0.0973064547600711,0.0014523191270633532,0.000564787267783828,0.00012357518602317552
671,0.0077669900849289585,0.015653465612579756,0.1401980583610606,0.0003574863728995076,0.028926558732633386,0.03606728250712542,0.023497711195773263,0.9221295436133582,0.018353263464268525,0.00028425414878665347,0.04768245914941519,0.21385514626858537,0.03416498848836857,0.006262998548131356,0.0020062808892327734
672,0.013577496271850228,0.008550137718180877,0.005427295520096589,0.001479149592378208,0.05591888529829101,0.11859158299617412,0.0007701835222354792,0.03206642891680901,0.0035012600968895003,9.098475651628742e-05,0.015410550524622696,0.07274720595072948,0.13713188533268364,0.0009197883853539133,0.00033966173775027114
673,0.0012029443610780098,0.0018867112238773103,0.10349794782424385,0.00038573041998864703,0.01258719288804599,0.03575038366863178,0.012191978021302606,0.33478444145837505,0.014625606620004544,0.00036851795681038435,0.03389753522486187,0.030073633043494107,0.037432008412853345,0.002756231741186225,0.0006507148813303865
674,7.699822117751577e-06,0.003376784135425428,0.021755868943145334,5.099001292219273e-05,0.0017381536962648876,0.007819110016660486,0.0023804923508922763,0.01178471756756153,0.03739517594904755,0.004051056259812245,0.028996135367541552,0.003499515218230569,0.007563634277133306,0.00029121294863268315,0.0002678731452580084
675,0.0005591488422631512,0.0005401028394722575,0.07802915685112194,0.0007168070250039973,4.5447241707728445e-05,0.06139123478405953,0.022862885137884436,0.446474105455524,0.040347998010160854,0.0011225067831713835,0.08003825240051807,0.08431580803948516,0.06448639766401336,0.004639561636924925,0.0005510051217374951
676,0.0003623080846226594,0.0005801528462119882,0.16331189458544815,0.0006023087447806159,5.7532392521090925e-05,0.06360784417365824,0.01632533791166615,0.8982266047868203,0.002821308648704412,0.00010800648502365216,0.021800966505920935,0.17193201282263762,0.06226056126953571,0.006785123175270233,0.0022652057429097924
677,5.1193019337368704e-05,0.00033046663320104717,0.016178225968400097,4.380326129299657e-06,0.0006106033678837264,0.0007765119809265476,0.002176672585428464,0.009023837733728746,0.013475532644000289,0.0015080282967866285,0.012472130180906774,0.0016612330844126492,0.000682498169720508,5.250779222627903e-07,6.040910338302503e-06
678,1.0292365599957375e-08,1.0916353556781059e-05,0.0001983513836807085,4.450020849737176e-05,2.729249319720835e-05,0.0009830647901512611,0.008047190812089159,0.0033291318134544387,0.07385039466886187,0.005916397327527303,0.075947442471665,0.0017244011401500135,0.001755875439219457,4.318771577804417e-06,0.0003124621911349932
679,5.794714721846115e-05,0.00010230618362713027,0.06902674014134808,1.5323382134835682e-05,1.842127876107915e-05,0.000679126502098626,0.006938028906170219,0.3198340428848091,0.008234328616677312,0.0008229030472269783,0.011512160130176688,0.059151219343149174,0.0011967018531924506,0.0006859090262322132,0.0009112485833092131
680,0.00034261402210516707,0.00022505255557605665,0.2345658757600202,0.00036879221613369975,8.085720048203924e-05,0.010983452969511762,0.014621692915040105,3.0089109456954026,0.011838885082332364,0.0009032188797341399,0.003244835122791111,1.1510068257756494,0.02206234329300196,0.005883714595408408,0.01111220900065176
681,0.007812816421716516,0.0012698587764969082,0.005619716103724229,0.0010941732107683818,0.027790338637528382,0.10141340666871357,0.0063741680195243625,0.20205375416280585,0.0016635614491036445,0.0004071019304894851,0.01713078487942828,0.08592333469977131,0.10665152881089479,0.003857307379140712,0.00020732281507908524
682,0.004948636789708089,0.00017069680409410187,0.025866749522787526,0.0002498331943732593,0.0026063355106643077,0.02818623016099001,0.0028312262184417595,0.33004616892527405,0.0018208802426858252,0.0010509834089549586,0.0004031813364215731,0.11219110636494697,0.02662117420464118,0.002846425596810719,0.0009187983332000703
683,0.0003154137102993688,0.0003324284304458666,0.0005040868148680247,0.0004864956750160462,1.2112934214193015e-06,0.06630829626142476,0.010362513521545975,0.08707412740505555,0.190664284624561,0.024309462306992696,0.1327055830789828,0.04701055542383014,0.06302414842394988,0.002326844205414077,0.0009610820971759013
684,0.0016636491749242497,0.0005672710517274263,0.006179665781080759,4.46674262148866e-06,0.004441708423135033,9.840267961157592e-06,0.007126365628286436,0.0033096930413132578,0.05332123716522416,0.0041947840288033165,0.054911696412680185,0.016921512332538555,5.8897667093107746e-08,2.768389437265574e-05,0.00011135931588048148
685,7.907288249209897e-05,0.00015255939421716174,0.15869146351016297,0.003398693044044185,0.005843475434693577,0.31173913244000734,0.013331220866388114,0.5116765688653918,0.00025722816905754094,0.0022871356048553225,0.02799592205039676,0.03317321558308807,0.3318782884557153,0.011800477887890057,0.0009231958886645685
686,3.0818066885057244e-06,1.8660843976301217e-05,0.026391458409097124,7.36422618099268e-05,0.00010263066519184582,0.004232052738346714,0.0030564238313577977,0.00010494188701071672,0.021118245989344996,0.0010672566812253191,0.0265180470142453,0.027298561932749786,0.004844913385986705,0.00010119117737272828,0.0001465496459103908
687,0.0005749870408257146,0.0008020984243586638,0.04219697244983664,0.0014972610453850815,1.5574165995023408e-05,0.1490161907704249,0.00492933250635127,0.4688720194451729,0.0049907706846458524,0.0037561815272227185,0.002022587585368616,0.1343846176718526,0.15197878113648028,0.007467242222991424,0.001087281645658711
688,0.0013128791884579264,0.004279554718256199,3.9611426489266575e-05,0.0004925436864083935,0.017398975667752094,0.05268575252681387,0.00017746470508191777,0.05452706860500617,0.023261107982208668,0.004616605068057724,0.008233774614949223,0.032086638956230006,0.053654693892355894,0.0015493009056107554,0.00019528328324234845
689,7.085970785034006e-05,2.108433754106186e-05,0.1064210446788394,1.1104644492047716e-05,1.0927369735198261e-06,0.001200431833029152,0.004360069641189122,0.14265794636267337,0.00628533836732164,0.0005274893938085008,0.009827468538682032,3.239486831311956e-05,0.0011986456518614933,0.0005609526091125971,0.00045785511698716807
690,0.0007874037412659913,0.0020566285427322546,0.00013915245159953847,0.0007831349609704029,0.013221862083425715,0.06733235036436656,0.02797481139410566,0.4952940902098388,0.0566088981283271,0.0014317097403971763,0.10797651639195247,0.37537671398603745,0.06872277051522864,0.0049344808033243565,0.000272765107142301
691,0.0005640448070409736,0.00012949252924275125,0.13838265230275326,0.0022201716694561307,0.0003449111639768428,0.15847668933626075,0.0003670489342192759,0.35561900460112084,0.01858391276508616,5.38257412282329e-07,0.0411536318957743,0.039559614755985205,0.1855832635789291,0.0005236891962113462,0.0029932677704135055
692,0.013581974289520973,0.0023498728201692856,0.007155517720388291,0.00027794842341823133,0.026989953727411083,0.013389670753578827,0.005528016450211673,0.047792738521707546,0.06281046294974053,0.004140415915190789,0.07016996373173683,0.08516975152694643,0.018160827100804536,5.935726021897167e-05,0.0006005679142799771
693,0.0006276881628459416,0.0006439930110926938,0.14113358292456185,0.0017702282281627751,1.6499177501702056e-05,0.15452820097835646,0.005368386025497235,0.11367228691511641,0.001102553526161678,0.0005744744410066401,0.016982870151627187,0.013414068730896457,0.16950534441102372,0.0046887670057870765,0.00019997457287578634
694,3.0401350635622228e-05,0.00455047924131314,0.0006540406202546476,0.0002572189165981362,0.0039380684772235145,0.014672548879910149,0.00041017579396316494,0.12167944752194196,0.01675633432748125,0.0008309830366327481,0.01966765258179276,0.08882121123244732,0.019335105429770353,9.077638983408966e-07,0.0007533875221514662
695,7.613340704060865e-06,0.005862974165766637,0.021925699342707213,2.5818875296990154e-06,0.0031956770861449367,0.0009581261259077628,0.005302871108862946,0.13826496646933462,0.10552376266033126,0.009933728916205184,0.09085417081132417,0.03298911063262777,0.0002626869033272003,0.000552607649726482,0.0014066809738774086
696,0.00037932569691934495,0.00036219224556037705,0.001999415285336783,0.00134348858708907,5.9238894945436075e-05,0.11517617181622423,5.786285967623477e-05,0.0008971828061500436,0.0019197277282825107,0.001996216068754055,0.0008880056470030146,0.011104559051400781,0.12727070608250804,0.0018436378549285166,4.21275190054322e-05
697,0.0004152182930051801,0.00036288449624937097,0.29478079983273997,1.0324497888218077e-05,1.294230066409777e-06,0.0008399144115157128,0.0014703377785591513,1.2297991568122086,0.042162822583806145,0.004002540330898137,0.023910037688189275,0.19578867427133417,3.391201335505811e-05,0.0036482167738841314,0.005966083222764569
698,0.040101143506126695,0.013007749288705931,0.014290430632553568,0.00042620792391563677,0.1200135506454115,0.03989695278375686,0.011418998264231768,0.23461802766420123,0.019401941968906766,0.0003196622483853822,0.04267344345754077,0.28113983765832257,0.040585360279960785,0.002064936831599247,9.419864123552711e-05
699,0.004542253070385,7.911263635323323e-05,0.01590212849867437,0.0001706887209809356,0.007262870898899082,0.017174429449438474,0.004675586712478852,0.04464755046494433,0.028499325928110452,0.0031282891960883173,0.023185395056741238,0.10771436719793591,0.019791938031789063,8.162976667503322e-06,5.016398332084934e-06
700,0.00047386170437818995,0.0004450319956401881,0.09577519071085083,0.000596071504954529,0.008060231460858937,0.06772173261285391,0.0028600221366967787,0.5148921666375639,0.0100657578903153,0.002993210125473206,0.00018576890843297964,0.09218003665891274,0.06663225440352914,0.00478300237707099,0.0017288219923868979
701,0.0009123000469065751,0.0005670833689009541,0.07241437911883297,0.0011874155678943449,0.001932189487921404,0.09026128997608822,0.002703647002947036,0.35342244845191173,0.0026766132381380995,0.0019721922903938567,6.573424176841383e-05,0.08409912380909908,0.10520938026187067,9.275558566230243e-05,0.0016339930795866663
702,0.01284699936225023,0.006370759298471858,0.0008867882248846812,0.0010395653297496953,0.029170722919512913,0.0709280445025502,0.01647661152524402,0.008206553719810992,0.08392728759924892,0.0030403269089136725,0.12570860911233342,0.007039318860929235,0.080940099426311,0.0020119021202886305,0.00030119971682007204
703,0.000135629363736476,0.013246872120789774,0.017927564490183005,6.079277794806569e-05,0.013744060850937026,0.005513987383316755,0.00020475723856400727,0.010938515688602116,3.031946229183888e-05,6.870653276061929e-05,0.0002127563790704925,0.0023020475248123674,0.005933242623558346,0.0002981913302920125,4.456048184182584e-05
704,0.005297739975898065,0.000314541110229016,0.0035770822799415327,0.00029871423089279864,0.012728238830347165,0.02551577529572487,0.005799071371015683,0.08115884676803302,0.012084375338873948,0.0002683424884614382,0.02470078357712566,0.03142170796783129,0.027363488909927777,0.0011454636095654034,3.8274899252586694e-05
705,0.00889546519959315,0.00032566464819418683,0.0010807966003567103,0.0002346777655657341,0.019374181540335385,0.02477652059247839,0.002731599348143679,0.16597936921075582,4.637305353841832e-05,0.0002317559805843302,0.003600334958377684,0.09871602674416541,0.024541985523416673,0.0015430458802842704,0.0002872579666046967
706,0.0001745825214670687,0.00016795180882798897,0.08229176369690155,0.0012169089091826463,0.00011328765503201404,0.08793283542971514,0.0012229980636841611,0.1024510191270979,0.016270107574366723,3.073177921678514e-05,0.03356592987757678,0.0007646905465221013,0.10137789490451003,0.0005641494479550563,0.0013039388696906144
707,0.002164870206726607,0.010710508503947173,0.0374615121433499,7.489338448974641e-05,0.030895089281566784,0.010204938963739895,0.002581607513871677,0.26405053504567416,0.00022357752581623382,0.00018275470742852757,0.0007635385040859889,0.06420570121785667,0.009372646140029122,0.0013096063903460288,0.0008061485281354021
708,3.059486594250995e-05,0.009759417001456976,0.17435373795220588,4.128396663750767e-06,0.01736624828548933,0.0006254509385942373,0.0001801251936309219,0.5443469775193737,0.029449937640222017,0.0025176519934115484,0.0191908684583367,0.056032445795694386,0.00010680294894506758,0.0014264181898970523,0.002956512792631721
709,6.367067132015977e-05,7.985670774839487e-05,0.022948983920003618,0.00036830228474767817,0.00013688836208183125,0.01979808342343906,0.00012615141838401514,0.31118150673245343,0.025111864406295797,0.0012766876718698578,0.027283144351520197,0.12999637653086227,0.026847719620667523,0.00011056977405740626,0.0018167339525711583
710,0.0028587407535248907,0.00043818172561842423,0.014937709746993152,2.4978652701058803e-05,0.003346652742844258,0.0033438565059332216,0.001958329643159377,0.1580700810345577,2.1375431906790783e-05,4.56722900600215e-05,0.0012191017671795532,0.05136942634148225,0.002773240874195573,0.0008873638225800749,0.00043698357897636804
711,0.024882881615124405,0.003460197007671086,0.02655088345263633,0.0008702782303480319,0.06481013133751254,0.09501284684598468,0.002871724368522765,0.02601527956478686,0.07070653683215172,0.010562324158434243,0.03743464340437843,0.0025791801677403797,0.09997759732689089,0.001756000835016315,0.00031857619477879953
712,0.00046603696931092517,0.004035534439316803,0.13086074899897224,5.119602315366671e-05,9.741024888456574e-05,0.011298172883954797,0.00024837585708871685,0.4615937809188969,0.02818631593056789,0.003483615234627215,0.013782884987447416,0.05436937910883524,0.009200163154880767,0.0023511812454728312,0.0023004759454872685
713,0.0011799602002614126,0.000588812265653968,0.006874682357596286,0.0006094639537908082,0.00647202575471159,0.04523299879382798,0.010530812731380781,0.026444044037060212,0.04403066962712,0.001459364827631249,0.07051136349170288,0.04242709083658922,0.05035344424381987,0.001293899403867854,9.03128376090184e-05
714,0.00044784700506561554,0.001527731875105897,0.13556364790172204,0.0004417679456806078,8.16598211743222e-06,0.0435378362246525,0.004792022107958932,0.03169387222328845,0.038968206643180424,0.007119528967020497,0.023179511232314903,0.03642303872275589,0.044938588634202074,0.00035512849180696914,0.00015255448740710803
715,0.00047066410219933307,0.009144539229152917,0.000666423296580193,2.14218565988246e-05,0.0034508199879406277,0.00717446208769102,0.011805106336971677,0.014589423032359921,0.13763190791180105,0.01400180161078447,0.11926131059577143,0.0056449694581505935,0.005721883643391193,0.00030550830297841353,0.0005405474881280881
716,0.006549216279219816,0.0047764641142525426,0.004565137165297163,2.0891776064981176e-09,0.019956407837227193,0.0003238634244220271,0.00044872668755700356,0.04903066672936294,0.016902698554780923,0.0018178584084647686,0.01326509615880455,0.016696959139711528,0.00010200841771453126,0.0002793083073695453,0.00034622693172750167
717,0.017154521253919985,0.006558851609021096,0.041812143261478585,0.001323014204648761,0.06548917507296224,0.11712449401181681,0.009341998367281161,0.16442835583307847,0.009604543600919441,1.482462295789339e-06,0.035394717753580794,0.014565683183860168,0.12734096745416013,0.003663420732806455,0.00013805741312722795
718,2.6393195354271428e-05,1.4178016703607744e-05,0.1424699891843108,0.00014941713537332905,0.00030170697660765743,0.008824182302248948,0.002274012404592048,0.308084834290592,1.83534237464233e-05,0.00016606286480811108,9.981785260604639e-06,0.015779728155502246,0.011261521530757027,0.00023829156894027793,0.001467362419350094
719,0.011663320932930947,0.0008202844610271048,0.17835371202819308,4.442966250416494e-05,0.007434293155871334,0.018132901576295796,1.4147761218751675e-05,1.3688613290679748,0.12087991328871779,0.014377079761318653,0.07145532182539913,0.37034311015858384,0.011831780379559502,0.006345734313249708,0.006739887291190764
720,1.415823642953678e-05,4.8115240729723986e-05,0.010038063766679858,0.0007878620799755694,6.7346955428935336e-06,0.056994395005250886,0.0008242059806707002,0.06169288402905281,0.010303109427923667,5.006953756636939e-05,0.02082562646007471,0.021129913042662714,0.06671302178903082,0.00035366699465277007,0.0006532171162311637
721,3.5533066465703434e-06,2.733187782643075e-05,0.11834158985468358,8.732618097170179e-06,3.081017010629871e-06,8.190839048728817e-06,0.038203807598687994,0.21458977570583052,0.1956658609192106,0.017576509093237883,0.208610506677445,0.004424760997907185,1.4186306645388804e-05,0.0005954170922549158,7.463904851468197e-05
722,2.6571550326444558e-05,0.0007425180019343285,0.026964199096738525,9.768514171677121e-05,0.0028418295680655574,0.009315929314547805,0.006571926606499064,0.1883143018700115,0.009072679770060323,0.0003241784382392087,0.017992873364131873,0.04501073830477366,0.009258049515184177,0.0011875856338281485,0.0003320739863830458
723,0.009746876475611406,0.0020122670199148964,0.009697882616836701,6.284651388348295e-05,0.014424065605246497,0.014259461352749936,0.008359799767024606,0.09088852571787459,0.144368702287837,0.01583643940700258,0.11474725719486206,0.025715806301681205,0.011677129204546157,0.0010904915606511185,0.0011200617394026106
724,0.00039273016106644777,0.001791702308995143,0.07665713260722579,0.00039318526844909005,0.0004441745041819661,0.022690105314431015,0.0005355169546375735,0.19666483938811302,0.025482677262998226,0.0009630515207891166,0.031069809789608223,0.017829405428831966,0.028682064460772077,7.018493322441261e-06,0.001607184516272061
725,8.520294406468209e-05,0.01125806973481545,0.03448408310481935,0.00016996976579867088,0.010984271758658482,0.014295870720150353,0.00015122538176379145,0.014240969075488465,0.0007241683774335794,0.000452518849571335,1.1358534200829389e-05,0.004579197681037494,0.01565421505964588,6.213754477679131e-05,0.00013599055112569654
726,0.00015737096150693523,0.0008393318643909761,0.2028755646542563,0.0009879762863177928,0.0002297886954962583,0.09838434699318988,0.020026529868599232,0.9258933341521778,0.005753300828436182,7.606139644264603e-05,0.03380003324696971,0.14047122074394322,0.0993444495323586,0.008269285817845615,0.0021844908183091807
727,0.006667723308699452,0.004540813228900291,0.03809988189888087,0.00041843415712011144,0.015414363109442686,0.041242153218305364,5.409302013306996e-05,0.031811892137169145,0.013948396830715021,0.0028770810947015453,0.004426289893730209,0.0031445686674772895,0.04332922059745516,0.0014361731613858678,0.00020440855907601072
728,5.5863080424033946e-05,0.0001208703437425441,0.03723862564574715,6.414922842208426e-06,3.197073526845261e-05,2.652243849581524e-05,0.0005144654832005674,0.1197624214350393,0.027147379307257854,0.0023452912437729044,0.02248451286058344,0.01327990741852773,2.2895137673292044e-05,0.0003248547760459352,0.0008890133711544709
729,0.0029723912675484127,0.003978576519125984,0.0018701408209674036,1.529362968462411e-08,0.016176653447911374,0.0008025665916792334,0.004195927803950088,0.014323028354993663,0.05174427736394679,0.004659327026069131,0.046884128152076016,0.0036981912759281497,0.00046489994599283095,4.124221326270771e-05,0.00031732685799575885
730,0.0005356992121446168,0.0005160088561189214,0.04961079535216256,0.0003778616380835914,1.0034967098079685e-06,0.05577140680501921,0.00041625181967438113,0.5393265014489478,0.10050128282374836,0.014199267546130495,0.05388026607794845,0.1676627819755318,0.050342889311377106,0.00469810729923146,0.0026947126830909073
731,0.0005922030360369265,0.007312392564166164,0.029533657269009028,0.0005660086466550526,0.006212469861995887,0.054182603910164856,0.0011663811669380718,0.10477186936599119,0.0018383101066528657,0.001287321585358915,0.0004961163135109384,0.008760119335508942,0.056538390616170525,0.002384842968084551,0.0002725344045779995
732,1.1931500490489759e-05,1.2677782694259627e-06,0.0013428919995588566,3.54624672311697e-07,1.7039062164122338e-06,4.095556189695328e-06,0.0019987150126704344,0.008286197223855568,0.011224047710983676,0.000865306024784391,0.012166565209775718,0.013894246410836544,3.953469500323313e-06,2.6557132628909347e-05,2.582764811433256e-06
733,0.00026600784401303103,0.0002070940585551668,0.026019768534782984,1.2383881811740078e-05,0.00022301543210114332,0.0009708230014391154,0.013015387181438859,0.265652375718158,0.03329506614567399,0.0023199995871697318,0.04454387120822703,0.08662873774142897,0.0007653961564280874,0.0010245002182137375,0.0003745550086477977
734,0.0036979991598555606,0.0027931536318895416,0.07057185249292647,0.0005676515899030329,0.014795702326155782,0.04796877929726422,0.006102244964539753,0.22939156151791457,0.019665052144683327,0.0037857860199702487,0.012151428444482837,0.03336532943404934,0.05487086131259247,1.2181282126053894e-06,0.0007871293368320063
735,0.00041630308384716156,0.0005036558390149849,0.039165846327170226,0.00011637609791451559,0.000929962430095485,0.008055610934978218,0.005480591512912655,0.035515039539733624,0.020565109570913016,0.001243298056875477,0.028497254047703216,0.0015959084808731263,0.00937399178446545,0.0004942512728838783,1.9893115669574468e-05
736,0.008607525858433327,0.007498397122024116,0.06283629578498334,0.0018719974409661295,0.048556770222473,0.16602462978730365,8.307075499420717e-05,0.0005898148554334302,0.004450628435193348,0.0026167167292878734,0.00037498667416619477,0.07383116112660719,0.1855398401071816,0.002379411545292232,2.9714317117630264e-07
737,3.623449550879193e-05,1.8354540264196442e-05,6.381288514192889e-07,9.180914228261092e-05,0.00021318358277844216,0.0033320708101630923,0.00255502421091238,0.06266990926477266,0.04202329204455021,0.0032577240413385698,0.0421860991617299,0.05252060718575514,0.005282999608841938,2.348157713553668e-05,0.000587318846086826
738,0.0013572857645389321,0.005196632718864116,0.8727024515915704,0.00020830239650914862,0.005503223729205903,0.02422780574819698,0.002411346010832866,0.36379939699090535,0.003899407106434309,0.0004078411042436769,0.00021981086030288733,0.1721899726901695,0.026181806235173685,0.0025293646797575537,0.0025674849887821166
739,0.028921520999811184,0.007169345104595971,0.20401273321827482,3.541784139374539e-05,0.054150617673838025,0.002745125758455151,0.019225884602168397,0.4726016775643327,0.0390465796186468,0.0027246194782237494,0.05545738714829981,0.024071804425441223,0.0024803852006824658,0.0022863192348536914,0.0010977613208833542
740,0.00028073817666133074,0.00021283084210479955,0.00033614896324946796,3.380208534675571e-06,2.966616469671868e-05,0.0004741671065442203,0.010594485737009204,0.17146035708408527,0.036235924457155885,0.0028911060087399316,0.041883357036362936,0.12436487425332864,0.0007557044278525693,0.0003928064541161149,0.00014264524466093
741,0.008701469640315429,0.0009018743199948468,0.052411240522759514,0.00031687938333585096,0.008951025129940343,0.025890540423870952,0.017428985548437092,0.32019310599733436,0.036508954460270866,0.0014344264387570024,0.06267668950612026,0.06699354011317916,0.026779206925337133,0.0028523000501510876,0.0003911611620205783
742,0.002798730372370531,0.008412853920263318,0.22499885339003964,0.000407770603827796,0.02269019851434853,0.028352487224892475,0.006734973735867839,0.48887307162578797,0.006810891320628098,0.002046969683642894,0.004736499591004454,0.02671384160541155,0.03368009312055954,0.00010603820296180489,0.0020811067117110634
743,4.446046163928851e-05,0.00010207834434712462,0.010048280403873112,2.644855468494174e-06,8.550736614765001e-06,0.0007779054010450074,0.0017039909607028153,0.1519977236455091,3.052830647706972e-05,1.0363014142792425e-05,0.0008279396038557028,0.059803489441091706,0.0004563530990857852,0.0005882709027264902,0.00042983735553430385
744,0.0018954954976742242,0.0018163572730692317,0.1155793159475951,6.747865101346324e-05,0.012625924915585413,0.014501066720503785,0.004462015177467975,0.11574355643214383,0.09995543822083217,0.009847993627609217,0.07787835396240488,0.002419065071507904,0.013250638191400725,0.000850051708184409,0.001428532308421372
745,0.0029881231811719478,9.237762147266978e-05,0.270559995531276,8.028513173976038e-05,0.00780977269960206,0.002949017885070913,0.012351319636919888,0.9442525540661592,0.004309025792592662,0.0007054201305347191,0.00814435478387044,0.12226647852674007,0.00495675412592834,0.0016786955304598783,0.003396824476189386
746,0.006736937706645621,0.012752839901713348,0.1764659514421632,0.0009162134840029529,0.032987435349480954,0.07268442456687102,0.0006798217698665799,0.10613837552332546,0.0020853795293508935,0.0022689789803085093,6.099326313849723e-05,0.011085406789132599,0.07970839070998596,0.0005602985813645636,0.0009079229937892121
747,0.0035854626028433132,0.00020447641601514688,0.03605977226860828,0.0012463235544927956,0.002141548934282616,0.09633546926572262,0.00439067216513821,0.0003654238174542016,0.014267423135523613,6.639171530002851e-05,0.034667628111422676,0.0420028038310151,0.11015758403031584,0.0018130539549870628,6.889818754533978e-05
748,4.29390604523835e-05,0.001908784906109154,0.0020487369617973985,1.4589924066882277e-05,0.002984291958089365,0.0004982479884554573,0.005617681224275021,0.018959092295832057,0.03119979146914996,0.0024725878081653736,0.03481902323188125,0.0055157267377491746,0.0006771647765228297,9.109561006996908e-05,2.3863648387883224e-06
749,0.011912968413505583,0.02949816771224465,0.36792574702042313,0.00021605026750895994,0.05965083913748014,0.026031372924247505,0.0038484640140572617,0.5328813818415907,0.003936940064712348,0.0010009921299894142,2.8146309821963913e-07,0.0007648467290427298,0.02509987845668943,0.003968532686434229,0.002429243667722233
750,0.0006286975501683025,0.0002267488965098584,0.4285832379179499,0.0008167222008295293,0.00023690902394684837,0.0829351464555612,0.018858222955981555,0.951067132234369,0.004219299262030824,2.5529731007068827e-05,0.02694939195323041,0.0337938866890359,0.08463674106251176,0.00763442948868217,0.0028320437514978746
751,0.00020499119917141836,0.00017057435328343478,0.03570510989750388,0.0009765864499134355,0.0004877575383215903,0.11678561221787985,0.0037445401539439394,0.20952029255525476,0.1457943429484218,0.021278866733588014,0.08186908129186522,0.03460139838020148,0.11552883916952138,0.004497827791204567,0.0014513653971865615
752,0.017256393502156624,0.007410614860008677,0.044850491516525426,3.2948874382215363e-06,0.04793617807457947,0.0004777976483700371,0.0022073771651036148,0.009577417059373566,0.013823521385568423,0.001857254398993698,0.012478453851452216,0.015565879661947094,0.0003054594690013258,9.548642943053661e-06,1.9575856591823062e-05
753,0.00403465854538103,0.0015726495215901677,4.7344641987184534e-06,0.0006234372448064402,4.994038589909357e-05,0.05029746714051588,1.0231464661482886e-07,0.018172529837872514,0.00011427342359402223,0.0005679162797938169,0.0010831677529719475,0.01973305672604236,0.05688239160120415,0.0005100989698538773,0.0001360745775696551
754,0.00019210190752101555,3.243164175432556e-05,0.019284569847378055,0.00015910295059072478,0.00025813947220783615,0.009362267377188978,0.0012363560486749927,0.022993730818029173,0.015238637277579174,0.0009824400833839564,0.018223237958845305,0.08119200509864986,0.012363155080767246,2.2827877374735435e-05,0.0001681133123096638
755,0.000127667050038865,0.0003069449728233077,0.0453597812301427,0.0005476218433772394,0.0002139553549260023,0.07718644874527318,0.010749173599557762,0.16843316392721414,0.22958007635853248,0.027957817824391683,0.16010124854368069,0.015986458880693326,0.0737211500189581,0.003118690492653177,0.0018274491575851696
756,0.003014961230538741,0.00014573712881162668,0.10375163271635986,0.0010152593449510893,0.002363775022501099,0.07463442475865699,0.0033202725637382735,0.015728806109334584,0.020760984402797805,8.382034951551806e-05,0.04194439910779526,0.0338557459646521,0.08333355190476133,0.0010392731867925262,0.0007573171958610188
757,0.005425524335967537,0.0005092384191670408,0.17308017940325007,3.626162332349196e-05,0.0008838197468482267,0.0021497114790152098,0.025977007993975565,0.9003668380019683,0.046279239564367636,0.004328406737405172,0.05891995530010243,0.18759532800328393,0.0035575356326292126,0.001984453701853068,0.0022047126496977433
758,0.008526884635882642,6.473788047985015e-05,0.1863035714499765,0.00016561278943944875,0.013509767609872244,0.017639853073095922,0.011434559048475727,0.4393673964017013,0.009881153642221328,0.00040600491683867894,0.023153829567588373,0.0206961785299603,0.017849161932032495,0.0023840042869295,0.0012019062247756761
759,0.0015126185756975635,0.0008461852833905945,0.06678780365922157,0.0006283910621113461,0.012444666004475566,0.06958405024141162,0.0012176634898087464,0.33922915537130677,0.013756768751944428,0.00352564932227251,0.0012612942242554877,0.05468897394924672,0.06970984359490671,0.0038488161999370727,0.001188390649804087
760,0.011341533884999361,0.02147653029929948,0.37211119125025816,6.581900533121453e-05,0.07709033783348253,0.0016024755846516202,0.005114339173341312,0.7310087623417861,0.000341066593425288,3.611560399108409e-05,7.135590460578322e-07,0.023458284231558515,0.0027694638822900915,0.0010137401752951108,0.003425589285831711
761,0.002101164907717151,0.0019228733704561188,0.40637638148547345,0.00020415417485538956,0.005819016220551459,0.009854276827925518,0.0005092967244380933,0.47629451040265475,0.011640029802148651,0.0002682108246662788,0.011542339072938173,0.00018388582395310524,0.013098116607511891,0.000510934012388603,0.0032149744459560293
762,0.02176670947549139,0.0007739652123814271,0.6224208969878074,0.0006652050954963042,0.04953310648067512,0.007014248734271224,0.045847347353177574,1.9161375397797837,0.9874609576281469,0.07729736067655217,0.9196174227442179,0.2063771556304775,0.01871515236583633,0.002661606442579935,0.019383877992367533
763,0.0015381604038145445,0.0020231874819445854,0.02269743097424998,0.0004030260783180876,0.013467197193576357,0.05056501251100011,0.0026911226918078413,0.0764946306757307,0.07623088380776834,0.011635925790567011,0.04410303945243402,0.14157224866113932,0.0481702859290233,0.0017348270172001842,0.0003565029925023663
764,0.00012942399313064406,6.120865025426413e-06,0.2362256052813209,0.0014877147900722997,0.00043050800689537833,0.07494039715383047,0.01168594196848383,0.7391996611184228,0.2476635583028389,0.013857621037570772,0.27554992223894353,0.09515645268159419,0.09934573250073295,3.5336741084805856e-05,0.0073363832823608996
765,0.002733817183423904,3.45099215081679e-05,0.23301436483899599,0.0002911283515020226,0.010299120923924638,0.03900621029566208,0.0017025773523732424,0.57254635118248,0.01783648193329305,0.0029892039465301474,0.00385551710671996,0.02918056052414716,0.03735159669414108,0.003821932924352946,0.0025690445622346884
766,0.00011172901472356644,3.896744593828292e-06,0.028445740464249997,1.9146753947197757e-05,0.00017843444052940188,0.007908050285471485,0.0031605913596917186,0.2243205949241474,0.10018278536564935,0.01057652784237038,0.07627284446263256,0.060348398583223904,0.005681455935783425,0.001233260380624846,0.0017016157502149681
767,0.004723106167073544,0.0010661940180695779,0.20397234905935138,0.0024578238141809245,0.0005905483650520045,0.2162156566363103,0.07520029459732393,1.7122998449209557,0.11143029669115749,0.0022825454987130435,0.2419786063698399,0.44464269370907916,0.22342133048127014,0.017223929282691623,0.0022356009520929855
768,3.08100302140999e-08,1.9779426360955265e-07,0.017709759972387953,8.2918582979637e-06,0.00010612590682360518,0.0011851116842878989,0.0016010863475130145,0.08298351065768277,0.0008805879015565714,4.723883935414674e-07,0.0028665094295395005,0.14995523631891772,0.0007652742312181358,0.0004175599002264637,8.050344029298187e-05
769,9.395571189791249e-05,0.003365154768951712,0.31382014173309086,0.0012248607488791455,0.0028063253994390913,0.08674882240903976,0.013083028968057941,1.1590005935218095,0.00952765786712415,0.0034099547315750967,0.005344256530018214,0.18244381425348977,0.10505655191222514,0.0002507855285269573,0.004705635384963371
770,0.007518314217781159,0.008086061559555616,0.005646131683624557,0.0006410875514275593,0.020498109375405367,0.06005937647687091,0.0030706736327347803,0.1678361055897531,6.534021471658064e-05,0.0009555117173088674,0.004367244853397925,0.07101738781200957,0.061296382916085655,0.003261772313126914,0.00027180760968731387
771,0.0030057475760055757,0.018356402930963498,0.11810722624151321,0.00013877698321561473,0.0409185341165442,0.009224280499709659,0.01163361922211043,0.4961851359766945,0.020109772989348147,0.0028276182886022927,0.021411449319996563,0.08506184683004797,0.011647509366299899,0.00039068008539211587,0.0014575213390303939
772,0.004831613474793652,0.0016116460203152347,0.7074795577662033,0.0007644180532189764,0.0437515510785998,0.1584423578705346,0.00553913335652265,3.075099801139886,0.6301444022578245,0.07269391293508845,0.4033743955052585,0.4661333041153616,0.1343686807725325,0.01842369355593397,0.018772189756965332
773,0.013262874359173551,0.0018813739258578767,0.08658193296749611,0.0005335105008225581,0.010440722073476882,0.0727391296614804,0.000995329780809098,1.0066120892668924,0.062097635604462895,0.011102159422374188,0.02089604321475582,0.33017477299283743,0.06525591537380936,0.008047725023342528,0.003921792035959405
774,0.015499594661513735,0.0002494308001730767,0.2749583133525856,0.0002489222484068753,0.010906206028846378,0.018298924979418475,0.05257739792008275,0.8901894994784072,0.14053000006296837,0.009304888631333405,0.1944136884621052,0.0906548823472738,0.01885676889015107,0.004888360723304725,0.0013429081325070326
775,0.009344561638123723,0.0015287132480622065,1.2727104865039003,0.005146207155876005,0.00536888781899355,0.31342812668690573,0.006044796845094596,4.4635455037264835,0.05854807743247121,0.00018295024307959159,0.08130979795574257,0.6549059909195499,0.3953482044899982,0.0010401586433426704,0.02456121953620636
776,0.04829332975480674,0.01357717290371109,0.23423661192863493,0.003484905417993106,0.12771081621362368,0.27735207181150423,0.010824065862723968,1.0594986192485305,0.01575306442545263,0.006852961480264855,0.0026260191384455006,0.23686042592470608,0.32400082617090803,5.8937426290217964e-05,0.0046905929520257095
777,0.002017660780079219,0.0033637595273848047,0.005374238285709784,0.0012298832102733527,0.0015850780421605914,0.06925410367223907,0.08485679140143937,0.13088380647689002,0.4818994536701685,0.030933670771796512,0.5883033306365425,0.048462500387111966,0.08327563614788783,0.0030546494397370614,0.00047242248872504113
778,0.00038431611978805886,0.0012910402587694957,0.011541113419334208,0.003286482399635169,0.0003339018040022744,0.273459528427412,0.0013032571967712462,0.16065227185937123,0.011664444225186003,0.006522520127697489,6.982367030089991e-05,0.09100239684730133,0.3074546730103643,0.0022908153951335455,0.0008781056618295994
779,0.000612023189303274,0.0004740108448738602,1.0591959290022703,1.692724962825956e-05,0.0011027192692208906,0.022842549779015984,0.0029563193996856502,4.060234153188069,0.19273992754146638,0.020303159726599792,0.10613687834023365,0.5645791136599586,0.012774885436647992,0.01477255468025425,0.0202439650598279
780,0.006404226088679374,0.006208042343724472,0.20464634822287034,0.0019907877304421316,0.006451869393498824,0.20482663485165262,0.02327010852924473,1.6124403240030316,9.090959612765296e-05,0.002694148239136947,0.02107739303204204,0.40238583837714176,0.20301523328387813,0.016285680515782545,0.003966194060449998
781,0.00011191695659660399,5.690713743461657e-05,0.7419030982430072,0.0006679759320928399,0.0006702318045812504,0.01404546624798088,0.006204938507367266,2.4420197564981665,0.41351463309391095,0.0305816580629479,0.3699334639939909,0.29592757697023836,0.028093339397713017,0.0038393927672427243,0.017629820370005798
782,0.0004315683355550406,4.616660429178833e-05,0.3451741451427456,2.840732085168056e-05,4.3476901032999624e-05,0.001798294981045512,0.025909103006777266,0.8137335891204576,0.051376218704574754,0.0054156258630880215,0.062305217515958584,0.04773868581149769,0.0025959454635861184,0.001699721817154029,0.0022922016527167186
783,0.0002152816924213555,0.0038743000916455946,0.38225361053915313,0.009694013522227134,0.0021465338818114346,0.9132211322457895,0.018314207113321122,1.272675540310545,0.016619258005195158,0.016630494749120837,0.01626866762066033,0.08452319512298224,0.9654890018427343,0.03323077883678885,0.00287493237977133
784,0.0026266212098511456,0.005472908432183511,0.06599677806559291,0.004489918341138298,0.029430111304226656,0.339137664281577,0.018618341310205982,0.01565840223313924,0.09618375264979875,0.0010240036447999655,0.1906531397363216,0.007410207702733692,0.38483589278994507,0.004665553073812058,0.0017446563170077896
785,3.709427967465589e-05,5.897935057687216e-07,0.1224219262095505,0.00016954344260031247,3.7247014364278455e-05,0.002284032665182781,0.03186000022698524,0.10256951388349635,0.3627283909507937,0.02811400894385378,0.36284682409988983,0.003421207501085983,0.004849203469755882,5.38432582385701e-05,0.0030793779251382988
786,6.752247268730059e-05,8.790346802322287e-05,0.06440468399543141,3.294169476092839e-05,0.0004675116882627366,0.018730969314109447,0.01720199911987137,0.4363663814996689,0.35834257264526514,0.0362158180380743,0.2910128397484124,0.10452723541087011,0.013098617497151497,0.0025000168667818723,0.004301152496916365
787,0.0001377445077794086,2.8493898287134014e-05,0.8490509295089602,0.00510574400359643,0.012164571153128441,0.5585251745461874,0.019016860401474236,3.3698844498233917,0.07476957969401873,0.022938790358443366,0.0012167329417309325,0.4082328064740755,0.558305839426402,0.03600042166014938,0.011692216475852604
788,0.016144050946414433,0.02198508040920814,2.7515575359563593,0.0030976593272019695,0.11882154202079549,0.10861110451850442,1.600101002086694e-05,8.562155227359595,0.5722509970423024,0.03274600968232308,0.5175034497279302,0.9603996313014951,0.16976002402089516,0.00931534588915737,0.052831032228335593
789,0.013282580777968659,0.007197576193082023,0.7635693477446976,0.00040245315119919747,0.02459939610810199,0.009109989891521293,0.0005723062727099416,2.6084113351944933,0.1331467488644683,0.009642412865085591,0.10366708110146272,0.33146417597191896,0.018879335382448785,0.005294003718378799,0.014630849685600236
790,0.0022883464259338803,0.0004413043633122753,0.016773457069061103,0.0062576583202853,0.000621315104997183,0.5956327135404723,0.0031509025265726346,0.5085070424445308,0.041458532193005486,0.019508373307717423,9.409211336939337e-07,0.1849053026525234,0.6231652317089978,0.019105842579378703,0.0009014946540762988
791,0.00014922256040934384,0.00043423544593908323,0.7600971186192815,2.6709142699814792e-05,0.0008801159765276203,0.0049142766693611615,0.002203652620662105,2.644601940730297,0.37068504543127007,0.0337149805335646,0.28001264929920994,0.3262086682620148,0.0009087395080178836,0.008133148811996262,0.016869027299255837
792,7.658482335933381e-08,5.266342093413768e-05,0.4377616509338528,0.0006005980030398954,0.0005932589791197911,0.023977226002298204,0.0032567578252514144,2.06974525777384,0.040952823046445666,0.002039587086043135,0.032071250958222004,0.40424489046653145,0.03739299053236727,0.002788638905873043,0.010136139603888612
793,0.0002725069656340263,0.00025923223051857675,0.4309667894743756,3.7813836466960454e-05,0.0005275912619150912,0.014682790646331816,0.008369450924960395,2.023379154842385,0.024801092114572786,0.003463858091337074,0.005390192013586615,0.3585065198733546,0.009643859176957042,0.007833283387537053,0.008243728334592932
794,0.00026877590911434247,3.940343917918934e-05,0.13224782241790553,3.4844019189056993e-06,0.00020462641064994448,0.0001537814266347474,0.03001179158619816,1.6364396136006605,0.02138876524539858,0.0012783735336927857,0.041516140296256,0.6003099697398472,7.565424319428412e-05,0.004750435849955475,0.00413220763848756
795,0.012762243664878036,0.0013418209704435058,0.005901138598069751,0.002359779529836249,0.04225092466312472,0.26460435504737084,0.0322375386286913,4.516174236503524e-06,0.4025531595918154,0.05369591372440364,0.2715736871808983,0.016661191893628417,0.2752535890676832,0.003671665367178406,0.0004550669389061743
796,0.02681469247931592,0.011205362783756691,0.01582531705752449,0.0008382404151326305,0.05152972324604729,0.12191979006568703,0.0648108003653597,0.00411087042072839,0.7106642344013496,0.07960497923517029,0.578484365513422,0.009922761443815148,0.11702142460063103,0.002634182733088131,0.0016020561963007423
797,0.0047849289352524926,0.004198563240159759,0.16451629319887595,0.0008740540462533733,0.004798886231916337,0.12203534758523168,0.0018973822872253034,0.8664958630165863,0.21709876161570588,0.02987945614383437,0.12161928741425192,0.1527005100946115,0.1134324229516048,0.00889405621477818,0.0049836591166863755
798,0.008869036315786212,0.001174098148626471,0.3346341849260934,0.0010560324934692198,0.005070410354536515,0.10353059869076918,0.018868439609791926,0.9094203895897646,0.003919705110685191,0.00013645322082530032,0.029005843245319473,0.05672536948909056,0.10573195762093829,0.008645695417892282,0.002465261039917754
799,0.00876536408632283,0.002432212621604555,0.07027433604421297,0.001990634614481682,0.008169885251122227,0.1620777519730091,0.03371877725681105,0.4261183910454266,0.0702136650788468,0.0012915998607133244,0.14555014776599598,0.07597120817504242,0.1748397095582995,0.008077034287435874,0.000235343731015302
800,0.005815330783083419,0.0019019020477597543,0.12042345370378109,0.003412928865825863,0.003300524307843991,0.24677269050294393,0.11582821257365951,0.7042285756439198,0.4240808856089236,0.01966796340559413,0.6321604641055599,0.12155697656055627,0.2756116120604112,0.012639938449644322,2.229874696067342e-05
801,6.603902495165341e-07,2.896853420982013e-06,0.21620425924269795,0.000375361808745221,0.0007297591011143989,0.012774672289015729,0.00013811960625156216,1.256158633688442,0.0649146522412553,0.004284196676990465,0.05468747950630693,0.2976763336063964,0.021385921960993363,0.0017537703045698197,0.006724903589458516
802,0.001718311953401535,0.008198955792817349,0.6352246321833921,0.0007778242762619262,0.012288389301377857,0.03072159934289103,0.00503448325183657,1.1029213724078841,0.2175226110600783,0.013200186507869574,0.2183135542583542,0.024574066568084127,0.044530199238042766,0.0009476253015182284,0.0096404216917739
803,1.1582739014029656e-06,1.8615810018540628e-06,0.09293540824514027,0.00013924786129717998,0.00012812060930393634,0.004777163416741253,0.0009348905885332675,0.25498510361153265,0.04668737936891939,0.0030579652816062073,0.04501829178451359,0.02317510096311601,0.007451575723735229,0.00024811368514245194,0.0019960653892619586
804,0.00012241617824152676,3.205617996942466e-05,0.2165890942069992,8.193398852000659e-05,0.0002753468421806889,0.00016659296759252799,0.023583188536306778,0.6346171390373623,0.45668199193058157,0.03909621468983562,0.4112854432236093,0.05997669627253524,0.00032105639024466163,0.00159556103481223,0.007069468806998357
805,0.0006612527862441013,0.0064503852398436305,0.8764028619093418,3.132655872578759e-06,0.0011706308128988613,0.008504496440749382,0.0030289633336956626,3.859727324232647,0.16872562023803192,0.01708480943599139,0.09670567336462897,0.6495448642052878,0.002642761353968884,0.012765174673910567,0.018938550973809632
806,0.006744969620979044,0.003813414011906148,0.06794424784067818,5.213042648101796e-06,0.012587402688816317,0.002605668985376248,0.009600798243145742,0.9043857679550481,5.869700919485189e-05,7.96023611634638e-05,0.0037284576927681386,0.3393647005417332,0.001145216253017484,0.0035065923317271278,0.002660916763653145
807,0.0008079243094393524,0.00028582891080245875,0.9388856489549635,0.0020860066417910175,0.0004721454292776499,0.09272731495093918,0.012339311247198555,2.0526753189599405,0.43779833370270393,0.02527686994202902,0.45720443133382455,0.11475186744177682,0.1287062005429964,0.0009631941573832373,0.018005840536972826
808,0.015472453817941233,0.003333887755666283,0.14845616677637452,0.00014536931780886542,0.04568149758642579,0.0004714406527910877,0.010628624608176474,0.7583659562638401,0.2894896386270552,0.023698595624834756,0.2580801829700013,0.15486412880027717,0.0027595831033006457,0.0012718487017069637,0.00639165146312649
809,3.3657865009523646e-06,9.543094261799305e-05,0.15888258165523117,0.0003581466003414051,0.0005998215163484929,0.0013190936436175238,0.07235462605084957,0.8317255357333623,1.0705814169195353,0.09050689333424612,1.0071841715811376,0.17745576972663962,0.007028927790223616,0.0014891592746398147,0.011581414149500584
810,0.0008885105772597978,4.239254865230793e-06,0.011886426466882163,0.003092915127366004,0.000292223593431824,0.23071863455730038,0.028226793825755315,0.024421566661804665,0.11759848361964535,0.0029850001886665006,0.20672538488701522,0.0003781066777248838,0.2625437077450454,0.0051790346813365825,0.00034919492324265154
811,0.0018994294356211726,0.00028491947964270876,0.39189179909050653,0.002923471386171228,8.541606547927077e-05,0.2598431818228839,0.023404684227901394,0.6163413950160794,0.013309676458252763,0.00011044228968157629,0.06517462291759209,0.00042141870473471704,0.28046032717101455,0.011411496533768868,0.0012372136836669052
812,0.0011520617198434494,6.893930217690498e-05,0.0006015279668282916,0.0023754710133876253,0.0002492186506300076,0.26057084585461293,0.018679203635569006,0.028634892762274374,0.3119942495880229,0.04658359910246343,0.18906380356059765,0.01607012702918653,0.26597397894102726,0.005523631958611494,0.0005614735903695999
813,0.0022985882003306447,0.00037839507357110067,0.4103186334484577,0.0035190847769176604,0.0009181883891413469,0.379735287496801,0.004707953490430701,1.58133944199854,0.08207117317319436,0.020564539277866382,0.009880841041275101,0.17512492763961676,0.3825224741372185,0.020849583327813673,0.005888552694360903
814,8.305942876267514e-05,1.2209356437010186e-08,1.3067709662650555,0.002194601635220701,0.0017060698257806532,0.10331187196368441,9.171701461231432e-06,3.376349532068931,0.2064055142397471,0.009273835268099554,0.2090008628011663,0.2763416216958491,0.14251633828800978,0.0024038055709180747,0.02198757622335661
815,0.0034461868597015135,9.1528047905473e-06,0.33010991479810897,2.2754873012197255e-05,1.4067925934047595e-06,0.02384501032075488,0.014549564162248249,1.3162064411263013,0.5024183806292727,0.0497140889735628,0.3939359262364298,0.18864280075410084,0.015058965527636112,0.005969177439205548,0.010454135480263466
816,0.0020117399525494176,0.0003076684556086331,0.027662980161211635,0.0026449745174510018,0.00019701260405132577,0.31849743223104066,0.02231311215322452,0.3104583255435578,0.5132707312259482,0.07153453330278624,0.3191947467967247,0.07652418120994309,0.31503536961906276,0.01019440057209188,0.002918201860611091
817,0.0007781878803099834,0.002944195287684403,0.009375666664665926,3.0183534539742096e-05,0.00013284852861734955,0.0006137820719780251,0.002138658898272827,0.36873977506908223,0.0008164492310794627,0.0002205299938388198,7.963185782001392e-06,0.4121474545565372,0.001899886775508099,0.0008879319310242235,0.0009030555278339567
818,0.0017066847472508523,0.002099944609076706,1.1057171032204225,0.0007953698067871295,0.0016809968622455962,0.030682127145347324,0.0013314016346622991,2.539331736262209,0.09144546764621136,0.004293306866774049,0.08017253098533375,0.14802540755574065,0.04623926214548019,0.0031609325696252064,0.015087177227077947
819,0.010020389704823735,0.00028558748216528455,0.8974576841195715,5.733692020056149e-05,0.023813872459834413,0.02444779365095348,0.010031234842277277,3.107407380419784,0.05457011277392014,0.006401534917137261,0.017228318974145205,0.36780545495769934,0.016909488732907537,0.011413253758657909,0.013792138283739212
820,0.0018165136205911868,0.00012966331838874744,0.005954423079492882,0.006267687688910961,0.00023270953739223582,0.5768127720523544,0.008875035722579727,0.033010520256451945,0.15293045918374207,0.03415688850610281,0.05334836709486502,0.09871516664359241,0.6281922808132988,0.007816215329391077,3.531060905910305e-05
821,0.0020069107328217835,0.0002968029252969148,0.014391909060920341,0.0066856822339087995,1.8813649961663072e-07,0.5800066498998132,0.002732055008109927,0.11128047361510725,0.05108421241604958,0.019461236636175626,0.004832793301215219,0.06377612293966135,0.6399771972669102,0.006761603680715883,0.000696538110672465
822,0.005736861235994557,0.012540956227087657,0.4928069915017872,0.003334847443585886,0.03146221964708334,0.1651475664829016,0.03238742235143404,1.6945151961353635,0.6493639803994641,0.03908921098494539,0.7107126221087304,0.2515153130904683,0.22251769359692836,0.00021483540888605915,0.01722338072554548
823,0.022527471209518743,0.006684145377280253,0.22672339727536456,4.1304266608322655e-05,0.06777349277500036,0.005000856885806815,0.017852118042084125,0.5389156835786305,0.029956287173605916,0.002475786451375794,0.04552909452132557,0.028209076327047333,0.004907828163807236,0.001710402446402893,0.0013762493057969034
824,0.0014966684545309654,0.0023199353321543843,0.4296449535758838,0.0004722938475528519,0.002690347361117849,0.07068675016799669,0.0010630320730132484,1.222621902963763,0.07423592657970902,0.010534963349380425,0.029344383819381144,0.09170391341566768,0.06505964162625048,0.007997558452411013,0.00597959656215221
825,0.020525954304279632,0.0026045106439728264,0.14637309864061815,0.001565510473503656,0.031019701723865006,0.08028796249295081,8.019676902891129e-07,1.9897005035905913,0.11444359291530348,0.006584646240138683,0.11438199513760579,0.8198449332322925,0.11372138341660071,0.001578588509191316,0.010561931705461889
826,0.0002431931011849072,2.9903073839699222e-05,0.2871379019518586,0.0024021257710669314,0.0009041558354387081,0.1376095684202333,0.00018721359664908125,1.7186706449756777,0.10632563207553578,0.00380734509944571,0.12575908448340384,0.4492146231613806,0.17877591331796472,0.00030602274235192183,0.010597309878184585
827,1.5159248520289063e-05,1.7571570057625665e-05,0.06478630237997114,3.155348798631481e-05,0.0003900111263409478,0.004219083070814525,0.10237054832356011,0.09619526843997891,1.0766301570623504,0.09496981828296372,1.0207803716923882,0.0003469012835132527,0.0012326248205669797,0.00041382293412341875,0.005193802556073562
828,0.014476600442498168,0.010209656937353878,0.30355719491872457,0.0015862974824656032,0.0551729021790003,0.061874455384240586,0.05135894487763912,0.6693582964922931,0.6979601374860349,0.04605344026767554,0.741406890185974,0.041544804597437965,0.08729670644298355,7.381882493151702e-07,0.010329647741237662
829,6.1067060344913325e-06,7.001335016881171e-05,0.4782167029540886,0.00020147715547443536,0.0007183941481176271,0.006109975399588861,0.017743754418143267,2.2161176624993657,0.00010662484597676831,1.4692466640369999e-05,0.0009887720477693585,0.41214226985048197,0.011678095751013312,0.00436005095275286,0.008518369269091207
830,9.395863636478378e-06,0.00012835892162356197,0.4080511157170535,0.00020046679372099632,0.000597293341217752,0.000579024630787798,0.016346671321978194,1.1857593300238196,0.4548511240395388,0.03724104364764877,0.4061348915106676,0.11242508564981214,0.0037342014817867072,0.0024836267286354632,0.01069485796047924
831,0.0016074707277022268,0.004136435795350788,0.1691895940127249,0.009748506152944418,0.021516129896615565,0.9038970425267103,0.02854346508022195,1.336136465927732,0.0012511571304042832,0.01102835611445314,0.05021462880875221,0.2736118689598983,0.9531803456231308,0.03323667899560112,0.0020907707285793384
832,0.0001029837138206604,0.003176754985148167,0.47470785865870946,5.297829394811551e-05,0.0008244170332905044,0.0430005320201848,0.01670955217351051,2.3577249516280103,0.7290553207293279,0.0738839338256777,0.5535135682853045,0.43698109864993145,0.027773211991002373,0.010676353686769268,0.016961994426226413
833,0.002601074404627079,0.0025829963805500786,0.010568255635455038,0.0002847247534025895,0.013225119615663338,0.02881598274880373,0.005862344516975601,0.041913041180611586,0.04106892008293081,0.004894596566899476,0.03128788658675435,0.09168455720467354,0.03236374453165511,5.958898401617521e-05,2.7554167538599053e-06
834,0.0022957633549751336,0.0011874903341464104,0.014902529336187385,0.00026019955926073074,0.015922148240850153,0.03455332680267264,0.006950184013563183,0.7856122432676185,0.0018188412400813427,0.0013047904391423012,0.0014912708300740402,0.421940678135065,0.030462940247531208,0.004703892214404228,0.001990474780484163
835,0.008980975424288194,0.003940325117451826,0.6070833448630525,0.005227696766853778,0.07431377106502998,0.5756663249791061,0.000227397989110029,1.5960588858688436,0.2234903279978933,0.04232116069692692,0.06625729572821983,0.07274397705279056,0.5870748250365282,0.02458876245930018,0.007444602493827913
836,0.00019087891884080798,9.089997492794018e-05,2.3729205822095007e-05,0.009264494582650407,0.003861779400813767,0.7745691464254698,0.015254547236047442,0.043185713062007684,0.012520272826482265,0.002953258617636053,0.10077352607573536,0.008444079774522679,0.851942883482903,0.015889388998982918,0.0002721985682148755
837,0.00732914634147945,0.00016012426643726593,0.3102870479025977,6.813975002090807e-05,0.011531831212699106,0.0002174469400311665,0.014377834735846013,0.698727714084137,0.3450991782001386,0.028574773586852602,0.3060163278314077,0.034927084172035223,0.00015343567796641144,0.0016014887575767586,0.007002096338086534
838,0.0024116265917134175,0.0004592131669450736,0.0661671408679151,0.0040021062269433956,0.000648712523035182,0.4276186386822681,0.0013716801115536163,1.2104428503104772,0.11708830031449341,0.028994506026851826,0.021657346860385812,0.4350693072834629,0.42780759167943505,0.020300530591877485,0.0038510915720372583
839,0.0003340782580513104,0.005216958151201076,0.002134957225617383,4.117140114449416e-05,0.005496356483783565,0.0075045044440246985,0.00011212765207857613,0.12225569284108005,0.02153139304555082,0.0028705904076903785,0.012446640003972321,0.06619510245939575,0.006253923971129155,0.0007836010942397914,0.0005665040868826954
840,0.00048636385918879625,6.4913994074728115e-06,0.027203424629934348,0.0012113394399465899,0.0004356997373704354,0.14884223677978514,0.031925662763961776,0.005734318829276285,0.39513706181513564,0.04791185616216425,0.29211562327961293,0.01803996451363784,0.15074126764993437,0.002675311123103418,0.0008956466757659842
841,1.1580479953824795e-06,2.7988310009626535e-05,0.02470834555251723,8.231347289813087e-05,0.00048086158834305745,2.1843149644793814e-05,0.02019808788743481,0.4998338051519551,0.3775783381693305,0.034128307549104814,0.33729184694066566,0.22566703235684285,0.0007636466527137062,0.0012552419445539579,0.004857321559750317
842,0.06951948379854098,0.01807880520515004,0.014909445743258911,0.001541311558802594,0.11930913966876107,0.15826493169940514,2.6462030466666104e-05,0.2833066378879119,0.06562503216114891,0.014805878309031073,0.019827777295276003,0.09953454220785107,0.1580803956963926,0.007657530827647337,0.0010470659410606303
843,0.00018921015397700417,0.00028545774207407735,0.23732397740504133,2.9126849395106625e-07,0.0016075486389009969,0.005631104783230194,4.6608027915562245e-06,1.1827349560670566,0.09892531482287809,0.010040227679295386,0.06430603163194556,0.2256147256217089,0.0025940208127275054,0.004126953446813052,0.006292127444382491
844,0.0005563547952328593,0.0057542629565468855,0.12034749379151206,0.0010868285694355404,0.00754238463623979,0.0806054324454575,4.0737375835219365e-07,0.152620639953349,0.002370132050170997,0.00031568497917866783,0.009994261475934468,0.0008071390109731125,0.09202528789322949,0.00039693917961527975,0.0013502688147919166
845,0.00011681364076276019,0.00047365787716595857,0.7583363844611718,0.0028818175761247005,0.009602912701276771,0.3826261617384164,0.005795585288198297,1.994965685581073,0.5676834489230468,0.0762867620651697,0.315691284420427,0.10672515848913859,0.3695476550927127,0.02218299112799513,0.012828498097951755
846,0.001416533106755234,0.0003778762087035392,0.5699237403899725,0.0016379183795592993,0.0011822625908009178,0.24711546432615153,0.01913461989049307,1.3864790172502985,0.7122969717568327,0.08514665776168276,0.4734345464575921,0.060613543756816164,0.23166022083847218,0.014888571522417432,0.011321584762688531
847,0.002656296257382292,0.004265546535755626,0.000931238683920919,0.002038530091566273,0.005371781166003529,0.16587398344084903,0.01320323314255314,0.09131679023944904,0.026155284238823805,1.7553190106197006e-05,0.07116620266044561,0.03925558644838059,0.18074372595518,0.005165993567561356,5.506020683032264e-06
848,0.0010601095696613327,0.00026988711699503086,0.058157605689215755,0.005529040934007118,0.00018558825176188666,0.49217948668518824,0.0012191666514058982,0.014539575206691828,0.04885498209454433,0.018789240141015833,0.004295010210798731,0.004260720990871505,0.5326217832492899,0.007392808559230614,0.00030085787252411754
849,0.014212331693070577,0.001585369715498414,0.12119246264315268,0.0032654652438617125,0.03730620091540709,0.2747548385692125,0.003703753791249306,0.2975899536520858,0.018628609124513706,0.008138771272282703,0.0016517825432713715,0.03615278556039511,0.30876031204464655,0.0013248314794583557,0.0016640827538707149
850,0.011593748664409986,0.001314269896260509,0.43742710976646465,0.012902105645864586,0.0049657198962882575,1.0669717860990038,0.0017985213886804797,0.5044421311175339,0.02275635480474686,0.023338517996382792,0.0033790387406731036,0.005176722239735268,1.1822540130738988,0.010393879727144865,0.004611389750320606
851,0.004949036747164344,0.016227521356442863,0.05522370943633081,0.00011650648619636237,0.04197661587904775,0.006303553554990639,0.006357279777717862,0.0001028241950569661,0.046383484734006206,0.003972104053650734,0.051646189299868944,0.056076749659421894,0.008853722180558082,3.859817623729987e-05,4.647244759011477e-05
852,0.004822538270700322,0.0006480832100267816,0.25446236700781444,0.001242313065969683,0.0057934773397160565,0.03601573269460869,0.0911117981899309,0.6287855181882418,1.136136291684409,0.08569299528668602,1.1575698272233539,0.05046820502041311,0.058446527857995055,0.00018892295307211743,0.0119561503159037
853,0.0010920760892638632,0.002353017045453778,0.013107205350292294,0.0026939205014795535,0.01828102761038584,0.24059423414942768,0.0034642182407113352,0.08306258096715002,0.00017411539992773307,0.0031068413803511177,0.012380944696296189,0.10409350115421774,0.25650604891538986,0.006013407239430043,3.3828329260213604e-07
854,0.00011681503323750894,1.4338034468931327e-06,0.4629240309359279,0.0006086350115641865,0.0009283217262080208,0.035339089228677914,0.010885805175892339,1.3866721897324432,0.000260660010927088,0.0006530410298417915,0.00034214547979411316,0.14924335461888183,0.0462564068834464,0.0012186027453341816,0.006066441800426637
855,7.3025825125510045e-06,5.0869629663911e-08,0.05925855942711791,6.684819468925321e-06,0.0005802260273856756,0.002809124229308985,0.00010473142864125508,0.24228281229575682,0.014261490104179448,0.0015932865203959483,0.007764082500659064,0.036068312569534355,0.0019450653905055098,0.000988687241950153,0.001211643877304511
856,3.2731549641900335e-05,1.796250270942135e-05,0.25525183025719317,0.0006033140422468583,0.0005836254107462929,0.030377664737586244,7.785434155912428e-05,0.8437802439735748,0.0375010773154771,0.0014776412067953975,0.03881631514575929,0.10926420387939423,0.04126852138368698,0.0005305609559069308,0.005077733575363269
857,0.010033038978974205,0.010160615871945817,0.0031142843550122936,0.0004080183024156596,0.02928897161080261,0.03848058952128477,0.005370054208768812,0.22967394899609472,0.0012561366999643314,0.0003038821391034027,0.010927440280615751,0.21622342959301993,0.03740683949690932,0.00310585234817818,0.0002538447582373049
858,6.023558223458123e-06,9.629074189612237e-07,0.10517845471905553,1.4910133826503054e-05,0.0004633773201458093,1.2962249698734561e-05,9.511564766371244e-05,0.30773075694338303,0.015921358420238292,0.0012466635138996644,0.01121727257381174,0.02895776040035238,0.00024947582109458705,0.0007308610976501907,0.0017203517877543422
859,0.0005462876647118129,0.00016803334340023603,0.22101877548910956,0.0010395409931138037,0.0007158086412701303,0.13343627656340168,0.0011600168409991677,0.6674391478947997,0.1669767351366743,0.023624380816451768,0.08725439112087888,0.04927803599716673,0.129277122825636,0.007757293085946788,0.003990968200884208
860,0.0013426800519197289,0.00037540227211236866,0.6112099842960165,0.0012387690426481966,0.0007936893555957774,0.1675097642115076,0.0010486197769536522,1.9374056663627393,0.14839222125556922,0.022664661349471784,0.05765383376026696,0.1744338776729502,0.15778191037775183,0.015241925351559736,0.009341148445880944
861,0.00016094451403586202,0.00011696500941673478,0.07047959419342628,0.0003155280711342967,0.0004997980539978548,0.04822890228650673,0.00018989638738574037,0.5627560533821422,0.0889493763700588,0.012320479408505582,0.04719908001924027,0.1459926711165543,0.043236042194006334,0.004437495206840529,0.002823522053816734
862,0.0001747410208978147,0.00010294649472342202,0.529718305425103,3.6055914348472793e-06,0.0006115403538721703,0.007122419385531738,0.0015251114193438663,1.513107879247198,0.06217940337965469,0.006158121893933513,0.03380939841846291,0.1291573144761317,0.003960089671835709,0.005284944729902966,0.007811129356522417
863,0.013697767468636894,0.013845034223165891,0.008176362260982343,0.00037309272448199615,0.045674322394822456,0.03362031241551461,0.00029820995349202873,0.028641922483256504,0.001612749107406087,0.0010361098486731553,7.99573481541128e-05,0.0018613740981047208,0.03525415521027002,0.0014047252503682198,6.311866729016877e-05
864,0.0033984608837085138,3.2874371264628873e-05,0.06826525609134854,0.0001845260091500584,0.0029129568966779883,0.013152530017699147,0.00016980753826645464,0.0856041454471401,0.0004040454233159044,4.969697336813432e-05,0.001286445740921953,0.00011139784063650545,0.015470435790134069,5.066546511078774e-07,0.000589673768493439
865,5.63807372647411e-05,3.900339583847899e-05,0.2959046782486739,0.00016731909572147047,0.0003281113484507888,0.0006144921873586384,0.01772863402613798,0.7677198613363501,0.3971491417861204,0.03232386961563344,0.36221593517714357,0.05787718786857208,0.0032371410468100227,0.0015226797072795419,0.007822742135422228
866,0.00011360120739887834,0.00024242351565928615,0.0031117893777186027,2.0117134625048088e-07,0.00025741467799640465,0.0011144622318508776,0.004138696853519696,0.022674909732310115,0.05664530064113612,0.005428320269064146,0.04999089375593435,0.005784449033264203,0.0006428313873576976,0.0001399026276357627,0.00039860075217671483
867,0.008953571701062282,0.0018094658053114387,0.00882773393770798,0.005031971941002015,0.005519249608025065,0.43569058667674715,0.0010470581521431139,0.007199007014722924,0.005502727837710154,0.008124489903965266,0.0063333915880300394,0.010986113966433009,0.4723450637573486,0.00872287974824806,0.00010453820516994003
868,0.0016842460640039947,0.002987828373337788,0.1987491231537016,0.003382987985466618,0.0037527224906468747,0.2591460385259361,0.003377223744478782,0.09099697493293782,0.020567658315347685,0.00022105767942085257,0.06279611615120288,0.016232753538841255,0.2903369793734297,0.0029783489260219904,0.002007212679877496
869,0.02096871480362612,0.015293816371716047,0.08231908181067789,0.0003059828362449068,0.07794442913073274,0.015493037272301422,0.0004481971044332858,0.4189255714906747,0.007797422160685652,0.00012113980132572445,0.008430953841816857,0.09057915528165215,0.020566456657728056,0.0001123101831209994,0.002152481789794086
870,0.00881364631124885,0.019620901161925358,1.0786777023369827,0.005203165448642056,0.05874281163957495,0.2797854588907185,0.02607111590106719,2.2682433569167424,0.6036433070194414,0.027870574658655018,0.707103652395358,0.12663108336652532,0.35681733608021754,1.184111415981902e-06,0.022751877523271114
871,0.0005139433066974784,3.2825907239110585e-06,0.21629149820419505,0.0005350219411571027,0.00017869843039383174,0.04564162904063836,0.00196173426331326,0.07789255127575337,0.009464853491285181,0.003230028806385985,0.002953051334465563,0.03886307333896643,0.048783258377868885,0.0002298591497319333,0.0006139074200771855
872,0.0007545607726257949,6.411945563005516e-05,0.1537864450570869,0.001057592915698634,0.0005579806855090391,0.1421489937172062,0.013206888155125744,0.3330160856165142,0.33720392848111475,0.04179780685360873,0.22521329123150902,0.007339145294791203,0.13811885342709507,0.005868336419511421,0.003347472419844725
873,0.0009583089382043409,3.607517353790429e-05,0.026163475872978695,0.0006774184154885826,8.645174549378187e-06,0.07315623675781312,6.724884310394739e-05,0.2014326424349212,0.025890745709651743,0.0056145325987088605,0.00663432945085553,0.04483781301440455,0.07344136778915514,0.003420605406934669,0.0007613818778243082
874,0.010616608015156723,0.0022638511773162818,0.17128045188843255,3.162131911435365e-05,0.004013773619274252,0.0024745275069775045,0.007493030684359087,0.1898990081693453,0.020294094240087424,0.0027167635206459557,0.020776054478698867,0.0005137213243874214,0.0026804866481716814,0.0001933917338946606,0.0006343877813922629
875,0.0032434333262845415,0.0004466123625710443,0.22758068846124566,9.765965848494406e-05,0.01406862952448318,0.02420971922689402,0.0032559184775470145,0.4673173551832386,0.1532631313005282,0.015716135869380525,0.11042060720695879,0.013547967076924891,0.020638751531787937,0.0026222401537652922,0.003717224244915823
876,4.709772594934537e-06,0.008336546566584882,0.04998948887626518,0.004472905560429042,0.0018035212030376446,0.34096773451627,0.02731683449215731,0.007893345859553725,0.10980478007871895,0.0011543518687761659,0.2204335785059314,0.059751914492803405,0.3806149881192288,0.007145125126193936,0.0009977957233944313
877,0.00031037782112411117,5.8394272611567676e-05,0.09499443278917932,0.001810591134119483,0.00014513009510342802,0.11028632980317524,0.01967892104319165,0.14654789910767851,0.19848865025601098,0.00912435692798174,0.255720458797511,0.004488461352577014,0.13399330215857358,0.0006878494330859548,0.00320772145744976
878,8.788541239285557e-06,0.017550043902420275,4.55839725736642e-06,0.0007160367302741947,0.014701379738330342,0.06143812815568354,0.004009922140088751,0.11069782543422149,0.021964847639203287,0.004242773823285746,0.011606032994394855,0.10419528954433924,0.06975221919056872,0.0002828120879531269,0.0002279696295844873
879,0.0007109415208621069,1.949476613133016e-05,0.012385925444471249,0.0011419799459159766,7.940475840903857e-05,0.1132289567708133,0.0002066977717480124,0.055158061214948276,0.03292053599668253,0.007405252018160069,0.009345350727067726,0.004210280106774194,0.1185565667459276,0.003103515373442019,0.00023207345841642812
880,0.002275199217125676,0.0002648435784720435,0.07379900142622564,0.0008719559940173302,0.00931370272833348,0.08758082758947901,0.00235385299313055,0.002345527113547324,0.048203416783476886,0.007469075510694162,0.024422668108592296,0.06702440340491686,0.09511233043763628,0.001408058508913219,0.0001581602070904324
881,0.01476098970937161,0.004071145389996844,0.05412102355501948,3.304994075305667e-06,0.04348165259344635,0.0034030378015927603,0.028670483012920734,0.0978846214026326,0.35190679765451865,0.03070124021838655,0.3241607973964768,0.0016818748777054392,0.0017122278284339967,0.0002841105913991085,0.0024540306663299242
882,0.005773995947474383,0.000844579603449217,0.06201352432640465,2.8160633595370503e-05,0.008792360617643843,0.0013642948432256291,0.011920267372397734,0.1269550111442638,0.04402564782312559,0.0033951957719493262,0.0533200076614468,0.0040824326639902035,0.001562591148189659,0.0006635267634417009,0.00014085264460505934
883,0.0043020686635930755,0.0013049871583066558,0.04119606839450237,0.00041228967302613513,0.009930238951334904,0.021729146049747555,0.0029680598894251276,0.19579584751099852,0.06392049267161132,0.00378107118035553,0.071113456628694,0.04299354066654445,0.029002750528078533,2.4178286622985428e-05,0.0018431503153631364
884,0.0009561598322822049,4.066074612410006e-05,0.1759733009531099,0.007653997698872303,0.0001302383814289629,0.5760074235698016,0.006735193672360178,0.342578705775984,0.057125071281009375,4.355497258829352e-05,0.1497454011431645,0.03166853729342952,0.6592118908250821,0.00502621955151126,0.004783389432220155
885,0.002741972935866005,4.851218389950483e-05,0.4252271575634207,0.00013911683419938326,0.01317521348799757,0.04302928843434522,0.014404896552373219,0.8383418366308043,0.4256287201370786,0.04228752806764689,0.3282577008968552,0.020597429311107786,0.03525009367431816,0.00475775416803452,0.007818759040271636
886,0.015845149391229583,0.002678928444344743,0.13927902066383507,0.0015343424352830762,0.029470675194213043,0.0908222697018384,0.009126718668875794,0.2825352559661876,0.13003107331101382,0.005136958530414531,0.16749355402083554,0.016967494557277963,0.11100164617787064,0.0003183997398949349,0.0036703445696278114
887,0.0006110782352774612,0.0014611916728114144,0.04588319868142106,0.001237372506868019,3.786125257581892e-05,0.09492447369104534,0.0005712757196542359,0.06070348772816758,0.0052084149850002565,0.00011419114618553588,0.017604319198543994,0.0012885220754326337,0.10789363590147183,0.0007996978479267771,0.0007983801291673778
888,0.007522411873957557,0.008347157345246554,0.03856524190021767,0.007844936309108522,0.011324123537618441,0.6683137428913463,0.0004107013116297541,0.010032743746488928,0.008543047808922073,0.012397846211402497,0.008041336752682678,0.0007302135128429582,0.7310267670262834,0.011070346296583088,0.0006090933668798822
889,0.0004944467449749944,0.0024846941827307194,0.23659575980120354,5.242121275032827e-06,0.010193762142759973,0.0008933708911871525,9.975776355854018e-05,0.5505534835286717,0.0590066620608442,0.004946373363329397,0.04383578803021823,0.02931419415102334,0.0002069697564552805,0.001498040406310694,0.003554656984838498
890,0.004131136819716001,0.0005227092385282812,0.1755589880634214,0.00029971505516093033,0.011316374397738391,0.0043655893164392815,0.04042212258353653,0.27295980071800924,0.517581443950287,0.03984143161841083,0.5119710203078823,0.0029540225527456532,0.009136816903329651,0.00016419447809399082,0.005409586264468866
891,0.009446476202974627,0.00011593836758327998,0.057579888006773196,0.0002777922793524332,0.012670267407100581,0.013415981052602425,0.017814554270326216,0.0024844563658494375,0.14564773111912185,0.009494357965468027,0.16620964829136795,0.03345485507296633,0.017031519306516744,0.00014898868758190918,0.0008978255445818087
892,0.003955878083949058,0.0007883354286656266,0.0016656876989171816,0.0045690658465760755,0.0010284447994002288,0.37369384864618693,0.012275681560397095,0.030796771043883942,0.01993878556475034,0.0004609115507036661,0.08217993585377957,0.018542011460345623,0.4109217913911876,0.008343041899307284,0.00020074047145694033
893,0.00571614959668742,0.003445334305408596,0.005569823792955056,0.0009268572398889649,0.02542918518450052,0.08618890770956372,0.0023868045904765767,0.02343508080244329,0.026202729706178582,0.005476344273064472,0.010646719921486669,0.008320206500103972,0.09434733880474944,0.00071179046924421,6.680362293152356e-05
894,0.004948765017725012,0.0005459348927044392,0.07842840014919228,3.2160879776727635e-06,0.00993623236891388,5.2761307294193e-06,0.0002827147264151436,0.0164056995270139,0.0070169973467415665,0.00033019121283698303,0.007002409396169407,0.02787008712201288,8.20418064419701e-06,7.962811200942667e-06,0.0002927200321679057
895,0.00040367673528479865,0.0002689302613257192,0.02288297166220899,0.00044709079118756824,0.00010175235084693779,0.0438557477245418,2.9295535985869982e-05,0.04158833988995844,0.007651426105564809,0.002032205590130207,0.0011128201515259377,9.11460185602133e-05,0.046167526492606456,0.00143162252910323,0.000167279596714834
896,0.009894341304035699,0.009673038389053455,0.026750467206381637,0.006992543661436178,0.01654533454488228,0.620893872271682,0.0026318954808946427,0.028129412053107122,0.0767174532234202,0.026051531796309237,0.010964226028972849,0.0039032742579648157,0.6737331801721137,0.009499802917356095,0.0002983132997574342
897,0.0005673493241276822,1.400022930284623e-06,0.0029133530939939012,0.0018345590691219854,7.315063105030353e-05,0.15649106003135527,0.0006072380501081883,0.04534015100218457,0.009782387433352961,0.004399449396890735,0.0003917365819925568,0.03064833192684988,0.17407482581821485,0.0016351549052075732,0.00026967034660308674
898,0.016574745076912614,0.003248149596374663,0.003982889723842218,0.00046408179468642894,0.04406859371797641,0.07090295808684265,0.07385961177663257,0.1257412699526415,0.5643660146071274,0.05806356529595011,0.5005380904551553,0.07724618377367963,0.07136393422303772,8.313772024616662e-05,0.00015655259864919262
899,0.0003160673746749363,0.00012960612238168936,0.014752726488464393,0.00017666216278297057,0.0001340838583710775,0.013182518597757462,0.009290598850569294,0.09505417414799018,0.029026472862709207,0.0014373590183443892,0.04340520683690517,0.019919344872297653,0.014337568788914663,0.0010222221136969283,4.518318645519147e-05
900,0.004818103197924143,0.0005158768790860642,0.009622037887442189,0.00013635673178804536,0.009385220539540435,0.003395953822196991,0.016647440636518043,0.024066215156509016,0.16564077772864366,0.01252479195864172,0.17136593897246016,0.0021957892427544173,0.005568001822061332,1.0883283066115228e-05,0.001022610357464108
901,0.00043141181330858116,0.001806087118022163,0.018708371678769178,0.0004123260212209766,0.0004988432804603378,0.013732072959204715,0.05023532216605683,0.0059401514206760065,0.4257137224475952,0.03165167307320199,0.45640094417769567,0.0029433644557853096,0.020015444147039485,0.00018428143169268193,0.0018259292297198367
902,0.003997830578959493,0.0002517824713887363,0.12126476412734864,7.192362593531936e-06,0.011084103167240627,0.004772037733465756,0.057377894615170635,0.09375025049160217,0.6416419400593992,0.05563929626441483,0.6020510395783872,0.006531343663992117,0.002333809590831613,0.00036338302120945726,0.0038458769492360763
903,0.003819071227276027,0.00029913220905280027,0.26801684716562635,0.00016650529223489818,0.0004686529043408779,0.002816171168598948,0.004964914172085278,0.5667308144016376,0.16541502704343305,0.012400698911161061,0.15244149133496374,0.025280582463300384,0.006058352101605323,0.0009302295768343594,0.005052633313594754
904,0.012750244353623645,0.00032704626403766505,0.43252888519597904,0.00037705388407971495,0.005287732488880291,0.06914498090464016,0.006680476218286508,0.8394786082356349,0.3086741545004273,0.0342892848419029,0.21410991170293425,0.017828244135345468,0.061452336891334614,0.006558459776935321,0.0067621946535434884
905,0.003164991622972813,1.9064157141795587e-05,0.39523823955915244,0.00020767353602448618,0.012228637727581072,7.385641739426387e-05,0.013105162024459835,1.9440362657717556,0.5221349833088871,0.04454537979230233,0.4456335673791437,0.37976634759852945,0.0028713427730112425,0.004379291717067221,0.0145178702908903
906,0.030121987301862784,0.0027956803513944444,0.11739166253580419,0.00039572889180973194,0.0535562649346448,0.023564307025468294,0.006689969546517605,0.04727332239978464,0.07344749678323141,0.003900723846451783,0.08919141009097888,0.017555816345081784,0.02890317816163468,3.092907527142811e-05,0.0012890893616318924
907,0.004031868046902956,0.0002709180715386973,0.0002872831343951201,0.00027876447745972104,0.010054668010333554,0.03183303923305821,0.003432201292826162,0.0007648452902465234,0.04696596333988221,0.006322908035348249,0.031000213086470326,9.69873381659834e-05,0.03289022749609471,0.0004804543083681517,7.122433343870137e-05
908,0.004618447849586395,0.0007909157772623127,0.08992018596159701,0.0006754158222814475,0.009371081197063902,0.03723961003235757,0.006277998793249193,0.20426819279067268,0.10125241252280474,0.005498897880841639,0.11790779534816091,0.015193417013167104,0.04782039213801463,1.562110281993415e-06,0.0025021059002104332
909,0.001230641878408456,6.229236661993444e-05,0.5719471410954047,5.421729671046068e-05,0.008270473331254791,0.005829207322653168,0.08437368728737675,0.7700788373229734,1.2379142311919256,0.10591006605719527,1.1338438480382254,0.0003959474053566809,0.0015530445524666175,0.002332521009945892,0.013295462699845793
910,0.0018635269900360682,0.0003248780681817886,0.040196034708813805,0.005014362190572612,0.012677244320191157,0.4153962135043072,0.00024286207792000578,0.07534807114450615,0.0002696423433163757,0.004564494236262431,0.013679670900026301,0.011790483207085452,0.4634332922714369,0.004682192298884464,0.001086741105892249
911,0.002280466395941705,0.00026215062405966744,0.8547625972986052,1.1585184087747485e-05,0.015599224041039092,0.009715137668890554,0.018866341835083646,1.8588764551840347,0.6480509667421634,0.05692501096917385,0.5370676000683029,0.0789721650560495,0.003887207388149443,0.005900584621842429,0.016198907790865764
912,0.000557272067136804,7.935793189901085e-07,0.09093343218642595,0.0007304940207931315,0.0002427783340795716,0.08670794061827189,0.008959659005480491,0.039000305712556756,0.157774014716264,0.01974134058549588,0.10666217447139242,0.023900232719994977,0.0888617357958772,0.002163505188865019,0.0008780697896286681
913,0.03438936202033208,0.01641513046833209,0.7206323554467489,0.00012589126358768685,0.062208508318626676,0.04407937213997855,0.009426762629492309,1.5804673889123935,0.4722355891241465,0.048521848246216734,0.34989998288409047,0.06373803176576687,0.03323520517303903,0.009014460366438118,0.012408388703573421
914,0.017942794405636564,0.011012745867230654,0.4645276843194893,0.0024303434289230518,0.023607073974275448,0.27061589458750174,0.00177476609487098,1.3268490535266573,0.10004123529288389,0.020454667043341965,0.02404508559858326,0.08622245106161011,0.2695844278271668,0.016873611241388364,0.00579780485314725
915,0.0014372955859074694,0.0007511323735528861,0.12184737869832439,0.005067878165921918,0.0032131465498489373,0.42153291423174033,0.0010202968719795855,0.2284827355695741,0.010010804141063223,0.008879272013512554,0.0007771200459012017,0.019846613957130305,0.47027502816985284,0.0035615856627866727,0.001798253364022013
916,0.002274530286704081,2.555489555849912e-06,0.05593518621935976,0.007064959208694121,0.009103504997423247,0.5709541416632996,0.0013787138192646207,0.5196494336102017,0.004965282395537357,0.008144985125237555,0.004496294512821544,0.23203795003864708,0.6503599614073503,0.0035314393800719482,0.003133199789475606
917,0.011768583163565959,7.799450842953309e-08,0.14984216159076658,0.003443320011829156,0.00575894640090141,0.2710623326444652,4.977629379170158e-06,0.20755646401452046,4.513661679693983e-05,0.0028619866632831896,0.0117459592442258,0.0048318956275627085,0.3043630161495675,0.002269942345370532,0.0019816413772359557
918,0.0002488538734511935,0.002469593903652975,0.05780936671764344,0.01233945316363267,0.0003166461207732156,1.0171045638038994,0.003011223544501469,0.08055752692085862,0.0004137295386438755,0.008873851132087439,0.05560305323132511,0.012734024101338405,1.130773391181636,0.01398587276768087,0.0020319194953356042
919,5.025245392067756e-05,0.0008905372635435721,0.40628397606112854,0.0004502707790636159,0.0010568212329458366,0.07424938644470774,0.005955594138542763,0.6080472565432692,0.25448128171012124,0.028377677326255606,0.17351206829874413,0.0009210424737399846,0.0692148778425014,0.005275848838976882,0.00521777366057244
920,1.7123017405489944e-05,1.3870698564967866e-07,0.11536993752359245,0.0005484038164029922,0.00028737567174894464,0.020898866382574568,0.010962209317264632,0.4501582454828741,0.21424583922126417,0.014720047870652307,0.2188787247073134,0.07502714338784433,0.0310441798679661,0.0001864326454022179,0.004627353035083205
921,0.00220440764772322,0.007260392815720562,2.4577389723137214e-05,1.1610903286217038e-06,0.014471129036359944,0.0008198211518103127,5.401367154936777e-06,0.0999972818062063,0.008002883949147804,0.0011467671498605397,0.004458292096408511,0.07584318830028161,0.00036800417531336816,0.0005318819878887944,0.00038436990891521026
922,0.00018504754814068037,2.2663170069699422e-05,0.129148421033556,0.008443200785177607,0.010618022139471649,0.7562138795739108,0.004178112466306649,0.1637972070816331,0.012877128407704427,0.01280070201989794,0.008664114213249962,0.007522517699460892,0.8220947926083697,0.017439812931408068,0.00017023810214581716
923,0.0009131463662840621,0.0015212337763561672,0.06546721111964159,0.03814711042964496,0.06574984112800832,3.4105089547867125,0.002748611531793395,0.16642695990325862,0.13051770231456564,0.07923089755163096,0.004197408056767714,0.005983460460413189,3.7060097767903186,0.06616394743108833,6.032065315373085e-08
924,0.00019528137134989935,5.884646720986782e-05,0.18443825609372289,0.001095060156806772,0.0009295454824029413,0.052519988048930696,0.009262697505541212,0.6491166657309617,0.20912059837914998,0.012269474728157067,0.22693868681385473,0.097563767699913,0.07115115115075274,8.229384064108583e-05,0.006171203506824792
925,0.0023427458412881006,0.00044197011476546105,0.5707002896897287,2.9725919809565676e-05,0.006073377218398056,0.022962063379150823,0.018664591775775407,0.8190733055340774,0.4714182422610919,0.043353450824947515,0.38642514310540466,0.0013065139745367948,0.016866024129239415,0.003755049362148786,0.008708104812648478
926,0.0010155814446676141,8.311723977436583e-05,0.10411610125512256,0.002350297296156903,0.0011605323754483084,0.277934994536945,0.009424061832867042,0.43553893886400524,0.34117107604921787,0.04947017424936015,0.1929632922798694,0.045970622676853985,0.2768222078276554,0.010179679900160327,0.00324140777580458
927,5.660083268004773e-05,0.002531853702874277,0.000788953515587526,4.489763138516498e-05,0.000534922452101755,0.013688844128270834,0.022532395372193675,0.014388304921954573,0.24855070883440597,0.02552131857085046,0.21596966323267444,0.015785586152812284,0.0110574064615286,0.0004326744949505411,0.0007646993264924056
928,0.00012667293510238125,4.899519282483336e-05,0.20044892755229995,0.0003282117164090054,0.0006515551687276773,0.05847733667529792,0.01956201271997299,0.2127674153625834,0.35035250796535927,0.03685729475114058,0.2730340980232831,0.0035977128076862363,0.05434213848058756,0.002728972748085155,0.003272735259540267
929,3.823335674150758e-07,0.0013561247843487075,9.911412890909271e-05,0.0019809024149052353,0.00015205819856696325,0.19889228937918024,0.002465202085886243,0.036634383823299754,0.08764833380657634,0.01741151963313353,0.034911800049799095,0.013773280005592255,0.20752871018990018,0.0045836350245347345,0.0001931158650477656
930,0.001429241150791856,9.737242075921373e-06,0.6471928050931101,0.0012052236589558008,0.014265369829095742,0.188518785197121,0.011250126952066272,1.3591934507363301,0.534927356735013,0.06261210333003663,0.3502914642309461,0.03664838804711713,0.1763999858300359,0.012382817663522984,0.010577462276164438
931,0.016731395123790276,0.013681053858626047,0.029246802345386447,0.0005875267545963302,0.06810096469332856,0.03398484899375972,0.024271937102895286,0.00019770651913154254,0.17223679146380996,0.012261071169066957,0.20321023971073898,0.0326167481263931,0.04378745649260044,0.0003927158518658302,0.0004272810367582972
932,0.0030567772740556177,0.0002931405783831849,0.06888130147827493,0.00023950301597436223,0.011637996979869975,0.03533899144004606,0.0011125141335350697,0.22860634888238876,0.07363380479207404,0.009200909730891098,0.04460011838143864,0.02099357133772963,0.033368480719637814,0.0021143820023414753,0.0015202038036276197
933,0.005178757201838243,0.013637978862684617,0.24288239051295754,0.0006644953071484042,0.04053234485610474,0.04098966803085912,0.008166631685990734,1.0117833654145783,0.0008596512802109209,0.000935726826752547,0.0004951910115877657,0.17809056221659983,0.05197338974798871,0.0004369462536226737,0.004204824018916338
934,0.0026693535531299513,0.00018038358167346533,0.03419711818626572,0.0028530796466630956,0.000750829750767933,0.21980821026412814,0.005002259267341393,0.01983245106368326,0.020398666587869315,2.2071483214938624e-06,0.05621077157339067,0.12871391704624946,0.25306704394894447,0.002973787780454959,0.0004572905899854728
935,0.003959036469251081,0.00041199202752706507,0.016907352083501324,0.00018920564763674682,0.010241927232995522,0.016632773117624556,0.002457472407897618,0.04227628368838094,0.003674701999751909,5.1725137004791555e-05,0.009233139559473252,0.001543178509474372,0.018159641764687304,0.0006427931707717113,5.001620971164749e-05
936,0.002233587138307077,0.0003137256239489648,0.007038740939265972,0.000827403063271237,0.00937228771932357,0.09746590473800124,0.02293298894208465,0.008996800113160773,0.2335561773254893,0.029480413224235766,0.1732204089904427,0.0009133454118808286,0.09962755762910437,0.0010653960790613006,0.00010514777014565614
937,0.00473758897690799,0.00034931676987485323,0.1060809755287659,7.487118333811324e-05,0.011587920673130584,0.0010616501361760398,0.00016609164279272583,0.44149737746240253,0.0464095139436363,0.003441906974618046,0.03870794097533613,0.07264182662038021,0.002607308134851359,0.0007197249897251237,0.002727949637533218
938,0.0005490491598013667,0.00016363130497330526,0.00014038745680318838,0.011280515451470017,0.0117011001828335,0.9834137487312782,0.0039876097280894494,0.03408715303653403,0.006709299504834011,0.014764905750569789,0.021866360782206905,0.0059826351494650125,1.0717411147310223,0.019008719730283626,0.00011935895704475965
939,0.013576770142723573,0.0014773706229946448,0.0008123204584913958,0.005643617164537418,0.006715752999399975,0.5467385236097235,0.01474521948455075,7.99622832113424e-05,0.26616080949231874,0.050085697562072866,0.12254234902005604,0.011685541368591085,0.5811126402623737,0.009424003754799501,6.848636552579691e-05
940,8.419296293505081e-05,0.0004987480180198155,0.7063080634671652,0.00041985800609961317,0.003530530914850727,0.08584907217429687,0.004419651875462676,1.5655036987850424,0.37147308028279147,0.040657239411124695,0.24784713015038362,0.06025995369106135,0.0747066039255644,0.009771290732088286,0.011056061103295992
941,0.0011125401233585842,0.0001456209292599048,0.5508251820845446,0.001309286478095883,0.0008790629994130829,0.16520835559959104,4.8666452591958436e-05,1.1837037369104528,0.13984788894551564,0.02087177568301358,0.0592884459599685,0.034733544934806786,0.16121852370997516,0.011437927085279501,0.006419431498288147
942,0.004031223531660343,6.752903843700438e-05,0.010107911933003704,0.00410591873836297,5.266225748903494e-05,0.34912268931663226,0.013553434065668014,0.15823442188411507,0.009997675397304966,0.0009369928993401899,0.061992748204746186,0.03791009739770356,0.3785351395945125,0.009864956026080942,7.341183284181546e-06
943,0.005495649126667626,0.0005191002274990156,0.19575976966775874,0.00046615606259222287,0.013500178847214278,0.01338075622393084,0.014313276877444828,0.5699310228492271,0.2863830601786259,0.02034507845994851,0.2830443551161534,0.05881866996059426,0.021843436218600614,0.00036178968372746565,0.006015362285934291
944,5.589100937531792e-05,0.0028156928782417955,0.38911209148005954,0.00145912470868944,0.017254986029677996,0.1896516557487321,0.008512219749161491,0.565886213000949,0.3308698964318073,0.04161940463438581,0.2048409934690522,8.784551769829514e-06,0.1876146601502305,0.008168228626150513,0.004931838795840878
945,0.014195968378530318,0.0018106189455849582,0.0025994244860798412,0.0029534391870195743,0.01376889603426686,0.2344761303585112,0.009400887631525837,0.009150104608364098,0.022356774947766004,5.107521670071244e-05,0.06946127382656654,0.0077843543834388955,0.2592284175612792,0.005233389763339852,0.0002484881083585838
946,0.0002471458123938665,0.0003580904136891032,0.00035973735274552203,0.0037994334888825794,0.0006277328552450446,0.3473021567068171,7.467493817661739e-05,0.014273657599120207,0.035036913966108994,0.012744555152162423,0.002500618714341301,0.0008576624940174415,0.37361612596900234,0.006855827698203594,2.420841715546866e-06
947,0.004468326537894741,8.836558273235242e-05,0.10719190827136026,0.0017694582798874967,0.00918813109077215,0.10954103624735469,0.027926078266970706,3.0055404612023264,0.006065619251129174,0.0019765880975154714,0.0065604904656951,1.565127565223572,0.1466168018170591,0.0021262236099990673,0.009583637602069648
948,0.00030740098010315726,6.835132823464866e-05,0.2741865502866381,0.007525837963021757,0.0010808197793682598,0.535136448237339,0.019363418825053047,0.4131541736678369,0.18379950564324848,0.002529610971431042,0.32381831415024154,0.015067760027353164,0.6214945561893275,0.004196142030796446,0.006938801388070756
949,0.000800052728913307,0.018287695289191764,0.268098638092416,0.0008206493851747839,0.007629797085243326,0.024993046175846634,0.033948018016449984,0.7293627720387852,0.5559897572370889,0.04080254312226271,0.5572884724278747,0.06830692269998419,0.0401727533935264,0.0004894716057808631,0.009168808868307194
950,0.00013437266240237067,4.401518254002078e-05,0.2916571704035953,0.0007359941423220132,7.242433771599545e-05,0.04857335617648778,0.0020619177833105682,0.5741034808930742,0.001016967511841665,0.00025267747675399667,0.002940390352808459,0.024335678455010383,0.05876293951149107,8.135446584750706e-05,0.003247735852681738
951,0.021436223779572952,0.01110023539856493,0.6293909267808332,0.001901780192357555,0.026047119604788,0.2620577047496027,0.010679181913838202,1.3708986080856518,0.5564333286423219,0.07079116497231484,0.344059885483363,0.04032784513059872,0.24953844221473,0.01642354671634481,0.010307664872301546
952,0.00010383534195302796,0.0005569511136592983,0.0001575381806274219,0.0002990101998531587,0.0016151492157976852,0.016554462609263697,0.008453774692838322,0.008147715528444026,0.07111892195226051,0.004548654139851107,0.08400672409648466,0.011510523326634433,0.021152748617074828,0.0001447575914839012,0.00043128140421645164
953,0.006328496747943362,0.017247848681517353,0.06618085239229948,0.0014154647201624043,0.02357842144758765,0.1693370698453678,0.009092417863588128,0.23955516003704672,0.2586566864060161,0.03639535620341081,0.15634974505373894,0.01962720606718721,0.16740116602296962,0.006575978842894468,0.002101589766247882
954,2.710725757014981e-05,0.004923921140832364,0.809786663823873,1.6817226542536154e-08,0.00028996337192733855,0.015619670712945209,0.023445736430320493,1.4784630593450816,0.6686153352656755,0.06027485047013827,0.5553660542971361,0.029664465509918567,0.008536265263281577,0.00570816215001647,0.014230636956684223
955,0.006446743367556339,0.000962845277552163,0.03753730541319078,0.00034116135847131983,0.008584934958715292,0.03048412142702379,4.731383377439898e-06,0.00492949387833154,0.0028488768071769865,0.0009232163883056861,0.00018924501752333965,0.022118264921694646,0.033440972067799266,0.0007785073366043686,3.995426393360031e-05
956,0.008570877438883968,0.0033445048518003923,0.16582063144169348,0.0017198788471975183,0.026925943859807573,0.14654042962829664,0.021948492774162037,0.7301942085649242,0.07566746536604384,0.013325076538659986,0.05021466047416723,0.15350907880166387,0.16788741949712604,2.906149301394129e-06,0.0022196172126513238
957,0.00235982939854318,5.956093428324592e-05,0.0011614029469945364,0.00011044047140417873,0.00864057151286971,0.025385792672804774,0.004185896004768421,0.3539984518133294,0.15132300437694976,0.018012419689180385,0.10564900042655413,0.23234100687081524,0.020287391643788753,0.0024410183629050325,0.002136313232473585
958,0.022926209271913814,0.009803750661074064,0.01919918159087021,0.0022938316407805845,0.08296846797646841,0.2021296637618267,0.0008592781582585622,0.04841015086556807,0.013926152967329812,0.005674610794579004,0.0007632459641421472,0.010644361358367925,0.2242714737350384,0.001692379702972057,0.00035662414573544936
959,0.005715592599853009,0.004532251026828902,0.04246990422945228,0.008494152881305363,0.003329293997013349,0.7689015180421154,0.00031506764215841025,0.010459674414492711,0.0742400772466676,0.029519511831789948,0.004500243967166488,0.04494847017600912,0.8230339784845464,0.014957449378812875,5.1100971527536576e-05
960,0.00015275456190940373,3.0187128098407567e-05,0.3529356970922474,0.0003926037251525691,0.005037291444978576,0.09273724832935579,0.09879406181379646,0.12727933095839974,1.1809687820637882,0.11437934665346487,1.0204428738039788,0.09295676171914298,0.08415614254519803,0.0026672109847618148,0.006215214510466806
961,0.0029091918827668962,0.00031818424212400515,0.050689498691095146,0.0017195524172901996,0.012432347593148685,0.1515459277255305,0.00038380920208711054,0.005492325712742786,0.0022519402780923153,0.0021313556832689715,0.001459044535753554,0.03972645098654732,0.16815109370258652,0.0026637352701577694,3.4195163165937865e-06
962,0.0063571341061506624,1.8984759091240088e-05,0.6452358164292402,0.0037861979675576636,0.037590885293050255,0.4610965162277447,0.0032101009905762903,1.6107705695231584,0.44628167417516323,0.0653657482568136,0.22048922091914297,0.06748854458165603,0.45811127348922925,0.021780436589442256,0.00977539604993009
963,0.001161425329035207,0.0007767802039304352,0.00046925324538588526,0.001568240278773215,0.00862948879833802,0.12056869271662059,0.007976879848742065,0.0004958375477736136,0.03259400483641847,0.00042197541980516833,0.06633691060272126,0.001426257202947089,0.13705377204645622,0.0020563888746514733,0.00025209694162968356
964,0.0010613635453982086,2.994615617620061e-05,0.761062645309837,7.329916538453345e-05,0.012764683952416547,0.03508765883607929,0.00022560633999185606,2.940363119655105,0.2271624484566306,0.02437974728334885,0.135020877444415,0.40572286251424006,0.024111614829570693,0.011863439569580718,0.015582541041271238
965,0.0010844017116207417,0.0031968548105097087,0.012035661902381516,0.006654091515157085,0.00018077099254828954,0.5608161179606366,0.013544502266772701,0.08678396393644643,0.008860803680541958,0.0021427219509047913,0.07469784735648893,0.006022678454131818,0.6144727231004605,0.01312488689814824,3.308193798520625e-05
966,0.001532105957468636,0.00020240092907454138,2.2310098545281342e-06,0.004186612239238931,0.011331582843997023,0.3362706287945437,0.011233688089523682,0.0023295405291512204,0.02941002955290301,2.815488806498053e-05,0.09118489192117638,0.00030954195265020046,0.37636112042277,0.005947460635641597,0.00040881772912891004
967,0.0007339065802411582,2.629490088932725e-06,0.03953119497328766,0.0036249671134828084,0.011777884009560423,0.40295243555876537,0.01568531077450764,0.21088283674883285,0.40005217325797005,0.060809531204267006,0.2223433200776724,0.02210160806771403,0.41108621874936185,0.01059622592225808,0.0019358548591428435
968,1.139860742278792e-05,0.0035851857961719667,0.014357283219003404,0.0006300685962433208,0.00735232622405247,0.04953373901582422,0.003895004771664987,0.007556820275391045,0.012218459572793595,0.00017987340665461625,0.02601595166687017,0.004337595206805055,0.05623093344448973,0.0010240330921368363,1.497874942208295e-05
969,0.0066077413536182825,0.0009784391189501325,0.08819565253622255,0.0008675490078189615,0.006666617677057967,0.06636785017411828,0.014966374432918055,0.10739597208516502,0.043304267840350776,0.001428644438149605,0.07621930364645146,0.001018868942468192,0.07447037963553234,0.002789795130877849,3.947511060753282e-05
970,0.0004525278384010946,3.762717904488507e-06,0.0167038078700701,0.014373267540445347,0.011643300449326413,1.0555502574851445,0.10156436819342957,0.0015265152255106813,0.5197149351563607,0.012166548411723923,0.898712655760119,0.00012335744220950254,1.2086369512153063,0.017871056606461953,0.004374218690112736
971,0.0012736938037863485,6.739819457062852e-05,0.5903683101043277,0.0008353973142954282,0.014775481337601915,0.12942771653770987,0.00044675723086053023,1.5827417001840018,0.24225816109081622,0.030502792443642478,0.13305392298576377,0.10021473751650327,0.11953637157081906,0.011517792498728658,0.009281468114136937
972,0.0030548618581103847,0.00027551375272773986,0.7887935348820468,7.892808304890362e-06,0.014410266602795483,0.009820317558851184,1.0466187027607917e-05,1.22610029480904,0.11632894349192531,0.010116742370018032,0.07930127237289086,0.007588137535818954,0.006718024685272887,0.004209556025041971,0.008146702911548976
973,0.00675508629583598,0.01251679855419942,0.777770626662455,0.008903808015607037,0.030830843048784244,0.5276951564917574,0.07593425539780517,1.3203994437256168,0.9379881414094456,0.041708799704648726,1.1879699275797075,0.04638971920405528,0.6468230927049442,0.0020026235859873466,0.020712532185608708
974,0.0022511324102837222,0.0020901681966161347,0.7641197714049542,0.000897556861491313,0.0002503031072462633,0.13045662868253535,8.863829047953382e-06,1.651499224199117,0.1864686608997197,0.024588511825276858,0.09231765014842697,0.055109423199573064,0.12205838926320667,0.012499637161643394,0.009396594953479756
975,0.005618491548094866,0.0008626080531171515,0.9129907615255092,5.333890569587123e-05,0.0005150685448817225,0.03854649682495924,0.02277917125713706,1.7035465108574248,0.7252396412361308,0.06864437335384264,0.5778883140023938,0.03568327912718319,0.02724774852569732,0.007877579282225655,0.01562539422036087
976,0.0035002798988144025,0.008122931754601857,0.10291774360845118,0.0013360229831792857,0.026049667612454953,0.10245534190423489,0.002127807831323336,0.380056355275783,0.0008777424179558961,0.0014604460692127436,0.00027882573866009095,0.06799684161933921,0.11989607612510611,4.617855767939065e-05,0.0019512403342065842
977,0.007209264707390189,0.0027678776184986553,0.29425154572407863,0.002553801051202952,0.013460835548889214,0.1931436287478679,2.9295206542474807e-05,0.30506594210076793,0.0017748617440349725,0.0014401746966716446,0.015391130896249218,6.96348672552304e-05,0.21826628746760396,0.0011103686824198316,0.0027788262700691
978,0.00013706308502599984,0.0035996265305722375,0.01925064841496113,0.0008978282457004258,0.00028049209871181154,0.08036292003107336,0.0008965210637396774,0.03095105287069602,0.0005770063012136263,0.0011279973540930554,0.0020617319318580237,0.00011041208947373659,0.08705002035305234,0.0021518642105104783,3.912361945096444e-05
979,5.0013859917467674e-05,9.726037444532224e-05,0.23427658408523735,0.006620966509578176,0.0012184577493452916,0.5055821031412461,0.00012348868531672873,0.7913321004034032,0.003883902237064942,0.002645734921618083,0.03472335286691608,0.14395071914424507,0.5825142893288758,0.0022444159302285995,0.005727206169062102
980,0.0018187160894990576,0.0003726099717375032,0.0324298823592358,0.003310625162401281,0.01047121968209824,0.25435381222392994,0.010012444412850126,0.013196272102847972,0.04694940744774561,0.00016931177134089226,0.10603457401097129,0.0007061086949216907,0.2877818187515277,0.003531219638033963,0.0010845936917813425
981,0.009480184670265764,0.0009602252565473099,0.6253499505085037,0.0042568726554262585,0.013283957410200066,0.2733871450655703,0.008728459893864875,0.8705743680385476,0.17651549130473337,0.004022645456468543,0.2558678184566878,0.008437074207057386,0.3260203483370132,0.0006851579208127859,0.00968967014857636
982,0.004705917244870017,0.0001179626467089402,0.08181473231193434,0.0007518372822762034,0.004622319937054796,0.07209270286501152,0.026595660408617647,0.40072432289009735,0.12766867224100717,0.01671626977768006,0.10393800101782912,0.09216805155076532,0.08029795382725614,2.856815756340444e-08,0.0006998938759621932
983,0.014111731184934586,0.015570043674062091,0.02207556146450406,0.0008107298703327993,0.08406853514862096,0.11082649255423031,0.022304891663446846,0.05894253842141113,0.3293420997565337,0.03861078833198504,0.24136541192901276,0.0012231219103271817,0.10960563156825731,0.0023003665166882546,0.001335393951556831
984,0.0026714044542111197,0.005623781610905256,0.7449591393036904,1.442359506462891e-06,0.0064538112249505845,0.01547850810801668,0.04850215371022748,1.1806883557422434,0.953747494222431,0.08445292845697445,0.8285172808798389,0.008828052597403418,0.008120454307770654,0.0043940403081063695,0.0144242139273181
985,0.0003660330593519024,3.351401966370991e-05,0.0028114973435460285,0.001273076219382574,0.00047226508552847317,0.12086879863047278,0.001345951290408659,0.0006553569579478041,0.03625067141727746,0.007847985273879343,0.012602697662165275,0.00416433693972863,0.12968663986284582,0.002105394335883349,1.353754321345972e-05
986,0.008331856412305622,0.0053448475041243506,0.158578213125053,4.429054187279228e-06,0.03947253548081702,0.0034763580354643976,0.009076661386186142,0.5260061237084767,0.24251212050177703,0.02155428521449724,0.20404958522971914,0.0587746892478082,0.0013880596770542578,0.001518668442170556,0.004723691403230291
987,0.006987388741370434,0.0003062428354020121,0.6847777757202514,0.0004826164745186893,0.0001724779321419604,0.11578704126273529,0.03795866903847392,1.4194368148678689,0.9595271361282417,0.09938547586635468,0.7375584533785241,0.04082064383647883,0.09817177247241822,0.010394094764902785,0.014252217759834235
988,0.0048261721941642004,0.006223710658407282,0.0012935764671851379,0.00018228809879373062,0.018515234320986413,0.012576223545694579,0.0055360850853253705,0.02514759029764103,0.02157716187550896,0.0008707061595567359,0.032239401786715964,0.008898949061333513,0.01393098432149781,0.0007086230169065799,2.252431654042925e-06
989,1.8168194903519386e-05,0.007775136824750068,0.6696160232832107,0.001951535940422708,6.869318540729753e-05,0.2815880433050194,0.023454238975153183,1.1754368864194784,0.7552316350317357,0.09004396984117609,0.5055453185189736,0.009232367717364694,0.26958591472552274,0.014761971296240245,0.010742881661769677
990,0.005961284965490463,0.0006156341942758985,0.19778729133512774,0.0009381421058197649,0.011198240416037862,0.045757915062376205,0.013943887180354768,0.3145929428946866,0.20711210502173777,0.011558347899265069,0.233695364208717,0.005861132578844161,0.05947313263324818,1.4905580313818585e-05,0.004394071681139668
991,0.0005063374905190747,0.00047768821485399737,0.004236707119687614,0.006228426583364222,0.00561611144807783,0.5838404280344386,0.004993051556201555,0.00039644982344859333,0.14331611220770904,0.03363013570779021,0.04324865068174213,0.015103059309724276,0.628552036312105,0.009726346957428534,9.647132002686979e-06
992,0.001895812783359851,0.0012160260780891127,0.005390790690588237,0.00466589942114328,0.021632585657761234,0.39796385330224016,0.015706637195014573,0.1561883723234775,0.014504045485375143,0.0007298420050895742,0.07703740287695396,0.04612808696388921,0.433284473529481,0.010222311472530398,2.7962276914681317e-09
993,0.00756185479313862,0.0013816264369769465,0.004706222171632976,0.0005420559118132115,0.009487332726173449,0.04822244212132912,0.0018170102743382105,0.06240076304439153,2.8250826088992993e-05,0.0005018333282397028,0.004330962313827692,0.01758647758577726,0.05073426039547862,0.0019625874196791794,6.965381992256618e-05
994,0.0007916266844792985,0.005704129893360525,0.003953821343168571,0.0006341246016098404,0.013308322510780832,0.032423444308458046,0.03600380074226486,0.0001000951670954556,0.26478140635928754,0.01850351970533164,0.30465226138245477,0.005595499108239332,0.042094691926024316,0.0005356081189190486,0.0008036931660168682
995,2.8293294484830362e-05,0.0037475842473484195,0.009451567723929662,0.0008134618267336311,0.0013898155372494593,0.07199686331994608,0.0009138749544390702,0.02478028211257545,0.00022178302913908977,0.0009267316722385758,0.0026147177482347492,0.0002647538287039665,0.07786212025289031,0.001943363404227788,1.831982080318863e-05
996,0.001983875726695714,0.0012911056781585006,0.5315951768091098,0.006697257084050476,0.004618770386914281,0.3998915910928973,0.037546441589951456,1.403190023781401,0.5786126275719707,0.024810333939003882,0.7333393078906306,0.1527852957650644,0.49471859941292134,0.0007179113113125924,0.016734922148441817
997,0.0006618582481801479,0.0003034863129333507,0.00010468690001684174,0.004734668219263251,0.012617120431346997,0.4619315789337553,0.009083763614406451,0.0018536270055210728,0.19173499863444854,0.03760294032454946,0.08050212268743888,0.0003275459827839109,0.4911388857215543,0.00773792926017395,5.783044308528487e-05
998,0.0002854583367228342,0.009199325658284711,0.11388322983745988,0.0010124210236905108,0.02746363714562245,0.09886391795338333,0.015116971375988315,0.6445502665807105,0.004656634821163543,0.0001015414052248903,0.02877881129206028,0.11915655192197046,0.10143176541658061,0.00635565783302873,0.0013451722948845518
999,0.01245691920211896,0.0015149652676713545,0.005770753487003038,0.007763307969876842,0.005557901988353374,0.6844127092308062,0.0003374410710970899,0.003007906593449774,0.04852220408455692,0.021717437324799388,0.001290991071727689,0.0029274873600185886,0.7439863702090214,0.011537665330585253,0.00018075891353206666
1000,0.005359847092676077,0.00021389694735899714,0.0809504806745024,0.0104779946722244,0.028667749093790783,0.8806806263699337,0.002759910706479819,0.025227403489109214,1.3943002247808812e-05,0.00899703822248003,0.04076229940375601,0.0024359923323684996,0.9721013443638277,0.012643995353026339,0.00135862139288273
1001,0.006858834397034586,0.0020449871203511616,0.06569524294960528,0.00010396869281592386,0.018860291980959072,0.010922205396256393,0.000719719629580868,0.0019854648573529926,0.0074208884426956116,0.0015107410441167837,0.0037344951123182753,0.0428038378718445,0.011002097234247563,8.249811825160578e-05,3.805993283342379e-05
1002,0.003768974153449967,0.0002391544390954804,0.010008644785424391,2.2869201379156153e-06,0.0004424206057504022,0.003545631834728188,0.0009050073540226079,0.32615727012543433,0.0682323169813906,0.007559024053846786,0.04900856324992116,0.16363645238406727,0.001787634463181864,0.0014299442503104597,0.0018005471063847107
1003,0.00016731158119159,0.000636792598996635,0.5250618254887205,0.00048493243395767517,0.0008870265125393679,0.09387558634350321,0.012173285968485489,1.07263684774981,0.46334542134491025,0.05036802492089076,0.3294639039920308,0.02839628197610577,0.08333047621968574,0.008099340231671666,0.009031194248692021
1004,0.001293551485258233,0.0006791622347944819,0.00023531364847131052,0.0007963459456062245,0.00022679132818194354,0.059836182754268046,0.010369928044265599,0.029134428203885596,0.03883250704197425,0.001010894400478553,0.06735993083935203,0.020307960840627668,0.06662113963081516,0.0017505232059796705,5.975559122182727e-05
1005,0.0022928740459831616,0.0007539186663132087,0.02161252410120388,0.0017506217632393037,0.002552279224821846,0.15598008244038472,0.00378355441019651,0.08000705111906294,0.034644525710568023,0.008541062011365801,0.011861348809224827,0.020695675804551346,0.1718651135589893,0.0012700461907326594,0.0003088963370911513
1006,0.023742646903903344,0.026682667730498013,0.04043939308804144,4.9576981197771845e-06,0.10736686108124584,0.00035208549926763535,0.009831730814720555,0.005617491496443948,0.09675614350242653,0.007276770499862134,0.09519026757194717,0.01888236071870073,0.00018989886558690272,6.990420459491693e-06,0.0005643866638253019
1007,0.00034154556839640645,0.0002022237479868943,0.024387152714784657,0.000307891501048956,0.00019281745484310623,0.029948020940711115,0.0004341688230993987,0.001908660449367384,0.012470059194913436,0.002189762105486552,0.005389289707448029,0.01813652045345181,0.03241423675578689,0.0005968463295683989,5.14345935639881e-05
1008,0.009198520788620273,0.000809067561777391,0.5297332527066895,0.00011177034190981794,0.004030918167564443,0.04181798707247171,0.013599113261528396,1.2656604492972743,0.4945074371498883,0.04988951406573996,0.37732654562520956,0.06543070485288048,0.03177985664975841,0.006967792733532514,0.01062989530188748
1009,0.0030529104092726802,0.0005260822342029453,0.6675418135510901,2.7745292426929943e-05,0.01613945458454379,0.005238318746544888,0.032677946840053054,1.045431599119147,0.690246816309702,0.05865499361656952,0.6067787932398465,0.007630797776442818,0.001668816043140925,0.003067945116930755,0.012054609406593156
1010,0.010414277937395891,0.012032145050555583,0.011385152180793338,0.000500260754136316,0.04475138415533073,0.016600210231388152,0.058524061430498195,0.003915501421429936,0.48238482894073076,0.03490352294449317,0.5213275055655288,0.001354741233331807,0.02373280756761956,0.0004409998842469366,0.001923785938445447
1011,0.001654146619135204,0.00027217048061064445,0.040253362148755245,0.005127637378588585,0.010464087798643062,0.38047665740199077,0.017561023309597773,0.06873530907576884,0.10775122641100456,0.001292899787462283,0.20728228413099453,0.009208410358906106,0.43715083407161354,0.004459693338882636,0.002410147502697747
1012,0.0052795759417366426,0.0012063712484608447,0.7465872851447048,0.0019868941545544863,0.042580469023422024,0.2823739059970314,0.006858148149866162,1.7634050878153307,0.5310946113913095,0.0667226201405454,0.3152122679018163,0.07082601304120617,0.2699107368070313,0.017058455010703757,0.012063319378561204
1013,0.0004959906426483762,0.0020544483954386176,0.20616029822862003,0.00117339825724358,0.0002165285913507209,0.1336406005196203,0.0019404565640223658,0.24220129541681923,0.12092493191774101,0.017709693315688217,0.0623401169425412,0.0026945371766401854,0.13637189377252912,0.005157110623100152,0.0018956384356895583
1014,0.0003867329712585767,0.0018785874237363337,0.09532120413853938,0.002998083463016019,0.001017745846700984,0.26884263547024123,0.026065701742200364,0.4811505951871146,0.15344093801393113,0.027204867126246503,0.09165871683078403,0.12905482535198315,0.29773311442493916,0.001011108277561142,0.001181617819496566
1015,0.0031817497516328673,0.0005741411543070179,0.30950736299496007,0.00029081810119669353,0.016930000026241655,0.06412512689634906,0.035963229599550846,0.28136356404701734,0.57476524530133,0.05702714513825041,0.46947181807661625,0.011745190653796759,0.058051823093904095,0.002924301903780297,0.005084648123814503
1016,0.004877503774935657,3.1025592283588794e-05,0.019365496440276707,0.0017687503545623436,0.0017328722657273077,0.13207521431089786,0.01767110972808677,0.023813411269395773,0.07086408755621872,0.0013840095235268272,0.1273663374923617,0.057799097596692994,0.14669228228425785,0.003437139521469957,0.00031592944377626856
1017,0.00010328343179645811,0.0003327334348265398,0.0876934028333241,0.0004017109838692309,0.0016135917967008194,0.07078998655439575,0.019044435051064738,0.29864336845947936,0.3780495568508594,0.04208829674888675,0.2843463860427187,0.027540269721140574,0.06420930881057312,0.0036251817479341798,0.003430555157982077
1018,0.0007908593942412874,0.0008509812535495459,0.10194631909590032,0.0059257442812243166,4.497996965940366e-05,0.47514957432016913,0.0008760576416230423,0.1462716173776367,0.0018942994864373996,0.0032883334178282677,0.03406025602942379,0.008050395044293304,0.5324510229398569,0.005172786485013541,0.0020459030292500693
1019,0.0015327035029754049,0.0001180011817630888,0.745385219338395,0.00047925337860228165,0.016686180408441515,0.09781319859340402,0.002794626777817625,1.9588829989918224,0.37754993262749437,0.042140785622776115,0.24220772198670412,0.12433634186580278,0.08463665218754926,0.011611515749790241,0.012739215796410802
1020,0.00041952574332211986,1.6030845300162055e-05,0.21347759235079142,0.0005769825301050961,0.0006245540851111315,0.06133466145822336,0.0019655439367063077,0.32319589881466787,0.007078293574672424,0.001983924268009723,9.574255896963682e-05,0.00035399904285815856,0.06315299896386962,0.003645538486389506,0.0013757379623366593
1021,0.00029100340694822655,0.0006363077484799016,0.11114070640437675,0.0006927456488640823,0.002752763783386006,0.05093626477055245,7.691865578465027e-05,0.09867150839924392,0.004321457445522897,3.614275249975211e-05,0.011323146352560995,0.0009859635386981268,0.0583549701917804,0.00017812063910197345,0.0010240128707871181
1022,0.0003988457032514553,0.00020323766747672072,0.6471431697885202,6.303993013574097e-06,0.004513105681617253,0.026480974843164345,0.04764624533985538,1.2663736876601122,0.9798832281310593,0.08989166348218591,0.8314784593773282,0.03374946943258926,0.016427867885820305,0.0054295801776212535,0.014504047016545275
1023,0.002545700304264995,7.697512427283226e-05,0.6032077178795899,4.982031606176706e-06,0.014981872947950463,0.014739938939588077,0.03233921761938023,1.7859167156151101,0.8581641390615576,0.07807453889929916,0.7181033275106001,0.16292297856480698,0.006578056818879225,0.006186811244823938,0.016416921328097873
1024,0.0004856297234412006,0.0008650782338788261,0.04453175083019046,5.067637326601994e-05,0.0016647684146410273,0.0016966410471178832,0.02531836099386394,0.1382958949485654,0.12364864573530475,0.00984106077593633,0.14017343253722908,0.01315928975221025,0.002241560903333857,0.0007031819125602869,2.0666069167067722e-05
1025,0.00993842156588347,0.0038886392675543707,0.21086607201245933,0.006202747741987982,0.004802595934306697,0.6271228435831262,0.007503638169174915,0.20133129208401404,0.3072522324961628,0.05541542599117456,0.13135932978660955,0.018877445336218265,0.6595798239897918,0.01594093445116828,0.0017266594065912786
1026,0.00010394168769419678,0.0015932108742710727,0.010917905606660356,0.0005016311098214307,0.0005411703557119553,0.024546912155959395,0.001838010525568419,0.3821882075822354,0.06990657594210258,0.004490361107051901,0.0731906930185267,0.2150346048102275,0.034575493499057856,0.00013690033393939328,0.002528766783256827
1027,0.015570143844760792,0.01415265914330451,0.036504371144791915,0.004364865108223135,0.02813296424498052,0.4062010381059402,0.0033150315369059823,0.34083618081347417,0.018724903980699457,0.011355643536664305,0.0010011787234007483,0.07123703457405932,0.4270083219008326,0.013873020639973777,0.0006137199002769636
1028,0.0029978102243004355,0.00038059772905491696,0.7990374795011884,0.00013534244474103476,0.0138394064429602,9.133594362521829e-05,0.004906968414757181,1.4556951892514414,0.29226233544332697,0.02236022111765434,0.2501877647482299,0.03296714327088223,0.0016239450025775008,0.0030566920180368977,0.011671770305016389
1029,0.006207717167226349,0.0017203711904448416,0.005213564382596436,0.001355009643298513,0.02419313352296437,0.12443434306905365,0.00014706731348920705,0.0002454720705399512,0.013200682566152474,0.004172417679061535,0.001413461799086796,0.008865641926607158,0.13607678560055592,0.0018589624846086078,5.413246032431979e-08
1030,0.010218915428948684,0.01125545069052815,0.027837117789151572,0.0020446099976117425,0.03116631712601772,0.16278565068061102,0.0008884536579759464,0.021355040904056873,0.0014252202051652887,0.0010589419131087634,0.015606065176209695,5.9920183833008736e-06,0.18066336124180668,0.002505959736526109,0.0005229750077712933
1031,0.00011041824319493145,0.000520958598023985,0.13680508861585697,0.00506145680599024,0.002709553914030416,0.52329644703985,0.009872428137728092,0.15378879766051196,0.3121792664875638,0.05279319168435106,0.14754629070027592,0.008443151090687292,0.5484716626774265,0.012497390627529793,0.001494446311432551
1032,0.0035750697696828155,0.01587764749913778,0.3315539703963941,0.003298181844251295,0.042948779579588606,0.2596605419428152,0.0068700152983733175,0.8215917370456548,0.009278161881123306,0.006115353186857429,0.00029897077053186793,0.07970927131040673,0.29880328941590323,0.0002590789072247887,0.004306184418413807
1033,0.0032545151742180934,2.0929121259818686e-05,0.013291963062918523,0.0029619250167080384,0.000749150197138601,0.23018042370028496,0.0014669061281791483,0.08120979741715702,0.007504390855199071,0.0004489072576424385,0.03310541356430971,0.03486929375789799,0.26169476274426284,0.00243602782344097,0.001078231181202505
1034,0.0008199447026427215,0.0009097247101027292,0.0020228836518060593,0.0019854544357207826,0.009864469871654753,0.19195906529563392,0.008443095458009541,0.021046001103695682,0.10425579193878558,0.017828354305730525,0.05424383469743232,0.04740848926290633,0.20784378080473412,0.002161063080897269,2.0789440277363863e-07
1035,7.482838543724714e-06,0.00017643872690192896,0.0004527740484602851,0.0044319007068621226,0.0017778147804612802,0.40098649176065904,0.0023222698004553336,0.011163027776648298,0.06220671410638767,0.017593457903040184,0.012843703922686299,0.031772177428815294,0.43738233012984307,0.00576030941059262,5.6358606656310654e-05
1036,0.00010130475030916539,3.0990083543842775e-07,0.35657612497959185,0.004136566788486318,0.004988148221215187,0.3905771426001824,0.005059995352980325,0.45564117967252304,0.013839750320911835,0.007866255047175735,0.0018768607320409842,0.0035576698932331973,0.41801607828262105,0.013013689662589631,0.0014474582537330617
1037,0.0004908024247982178,0.0011688587205426024,0.028279022917299262,0.008147375475292588,0.0017631246953491745,0.767354364149648,0.00013889207355406762,0.2420709720413765,0.0865920641174858,0.029860664315498203,0.006038112420053089,0.033725723374481924,0.814674894227625,0.019373995984073415,0.0004825204277162186
1038,1.1696520433646504e-06,0.00023591892222565777,0.10078291976102684,0.007026224620992611,0.0019309138449958789,0.5905707465670642,0.0009708831547188885,0.20450373535985733,0.017257448688568523,0.013194836960219718,0.0005754138401777872,0.026028874281307332,0.6559359546424064,0.005911565883515798,0.0017406666045942977
1039,0.01065049433822956,0.011453926450967995,0.006937025236578483,0.0012781015574730458,0.035940644108529325,0.08803419224890709,0.008936514406217635,0.00988336152642926,0.05596268323396474,0.001686394947080226,0.08835292285768402,0.04082447910041325,0.10334533741921335,0.0014719792949858617,0.0004969987863987274
1040,0.005206671732612487,0.0005250093177610254,0.05676144411512358,0.0005049925576891427,0.008557013088010195,0.03403153471666496,0.00011829855835998246,0.190321727467836,0.0023938067375829986,2.8669486088535972e-05,0.005455968223133761,0.028317105148172005,0.04067996326570168,1.7509907380141596e-05,0.0011658997682949073
1041,0.004187718692241684,0.00016843709525381153,0.04952751783878481,4.150583765496608e-07,0.004405212936914185,0.0012117429137341513,0.004174382097842919,0.029997326301302196,0.06087191842867187,0.005424429667806316,0.05454598868366231,0.005058409883440392,0.0008121265774960071,0.00018742624133415836,0.0006385465747098505
1042,0.0005733096586104808,0.0012248413644358749,0.49165985689605307,0.0030405314422603086,0.0025846009141414967,0.36717091144449115,0.0036321822719068753,2.7273838510436175,0.17513101732706166,0.03378368404732692,0.04647408775454386,0.5051038058031851,0.35426474980834693,0.026566747172008673,0.010952467408084934
1043,0.0005333550550678361,0.0024045575413486173,0.23830308973901523,0.0013156220750466096,0.00010397862574597747,0.15198145560727655,6.6722078702869e-05,0.5487709068479237,0.10080343400280134,0.016514557737026155,0.04109887494097077,0.017749686438797947,0.1521244301853283,0.007780531808953317,0.0029788100269323974
1044,0.0009145872595094089,0.015360033275516634,0.07750648159247289,0.006215294752794145,0.06293399822895174,0.6336103620682625,0.0034659814312567082,0.3003295479419141,0.24664365196486454,0.04844943171695358,0.08896661594069535,0.01707623461223141,0.6626610293629664,0.01588626849432133,0.001563498323651914
1045,0.005083156424589573,5.946207822497999e-05,0.009429184314042148,0.0032459563622323946,0.0008402071250990276,0.26840216463601213,0.007015755383722485,0.02185094462366723,0.008165116918081838,0.0007990140743877518,0.046142081959273246,0.031515645440164934,0.2930841320960205,0.006025368932926277,0.00014404707438500083
1046,0.012160620288482773,0.015544672687828593,0.009410493609347847,0.00037737767666600397,0.052682783569401044,0.024757120114451348,0.0006358358996927695,0.04575674169910733,0.009234160093018246,0.00010424720781339383,0.015392214137724822,0.011764610101139357,0.029154894116618136,0.00022663607584235332,0.00046900757907634207
1047,0.006385516126849645,0.004272497256565638,0.001798211954123644,0.0036155362244590108,0.00745565032384886,0.34088058513636577,0.002240714192804407,0.009554783137013221,0.08680199999140618,0.021443232238212075,0.024815729182348447,0.005339705112780292,0.36169135236317257,0.006944580247743549,2.085581385139687e-05
1048,0.0012843396416199347,0.003579041711255527,0.02628000348723146,0.006826596794790188,0.0001618949653921234,0.6138946455392886,0.0016703820526523955,0.10419774320135959,0.02028965127867411,0.013967568103936354,0.002065936809325977,0.0022652992103916695,0.6620618745512454,0.014313623657675781,6.324938273192335e-05
1049,0.00044874327357122913,0.010236048483172461,0.16894457638234017,0.004043565727389565,0.0024764323395316886,0.38590982023286496,2.645836486095892e-05,0.17670514599626122,0.05756807012759441,0.01609115873824443,0.0076595730691977875,0.00971889695140824,0.41208588211642533,0.010581247857285868,0.0007467489905148202
1050,0.0047039363664570484,0.00023884983675759658,0.06610948517853214,0.0001051048438783698,0.010357842884852243,7.279172845069111e-05,0.04723030696987154,0.0926191197941996,0.5159806290630553,0.04247968070333834,0.5028767442676175,0.0002726587610991703,0.0010455074184849587,8.957937418823776e-05,0.0033117689995843394
1051,0.0036351958691623635,0.009257928420970106,0.22514774409608374,0.0013972069970236754,0.010226894367738165,0.14901543173662077,7.534508953614977e-06,0.3247761160527275,0.06468608432579301,0.011911994935332747,0.021879645188118458,2.5185593741205287e-05,0.15323808076964748,0.0065286176829091715,0.0018159234986024173
1052,0.013031823096464971,0.01292643095169672,0.011210271094646205,0.006194192223919674,0.020139967649424436,0.6029693958334129,0.0028795707865260163,0.13496806663201066,0.1864110024331757,0.04234540982986091,0.057886957905331174,0.021422353044569208,0.6326070580446185,0.015210474842676356,0.0005564933410478275
1053,0.0022404840652823976,0.00667480389376145,0.0003396053698425314,0.0010032384893788407,0.012284849286822254,0.06504925285066385,0.016691650930411257,0.0003771515536834095,0.10644094169383402,0.004805704989801804,0.14635369279647942,0.0006271685521629352,0.07672446128947291,0.0013032402703342678,0.0005810508548046772
1054,4.5362875254292387e-05,0.00015692522216214353,0.11437724486885156,0.002194461389341794,0.002221431622175758,0.2197512054674463,0.0036098777988531074,0.028652538148830058,0.10617888202137013,0.018208955407256814,0.04785997639956287,0.05497664912088116,0.23501281387272993,0.004525142485484402,0.00045180473736656607
1055,0.007700719636133163,0.0014540820748185246,0.14986607952627404,0.000462684127949678,0.007942356438472745,0.04587132219898582,0.005434245050612071,0.33790444355185845,1.7105149350846357e-05,0.0003492954425532149,0.005416944533125746,0.011896512618311603,0.046886674192456804,0.003580125401650866,0.001043705981162785
1056,0.0029194747289774136,0.008601507564821182,0.40136737363199426,0.0010904300588812086,0.005182136620717214,0.15098731816851588,0.0006015756770597436,1.2777555968640388,0.2257823547038745,0.031139130633679485,0.1180979057668689,0.11291623081164505,0.14180601730777256,0.01192100211920141,0.007265904125111578
1057,0.0007529463499023599,0.0009197439314390232,0.00029696236204063283,0.0017546057619210649,0.0006613248010150712,0.11686008947165749,0.018034921374141488,0.023472796208268653,0.13061215071624682,0.005508749160644684,0.18444909533639173,0.024072936914077463,0.1391932355245391,0.0014101713553964401,0.0011930728768927523
1058,0.006909541138196199,0.0006404398581820456,0.020907738226780274,0.00026563387151138946,0.0101707026103609,0.00934759974369682,0.04651055924323326,0.03577400803777485,0.30829966494269895,0.023462743200000084,0.3395145347310218,0.00015105972981711288,0.013130339177935187,0.0006961775850367153,0.00031426219218447856
1059,7.405011418056626e-05,0.00022923838161338056,0.2154207803013536,0.0029013094671094686,0.009038647399842054,0.32519041368550816,0.00015997490436783524,1.1030741944946219,0.14508650759573946,0.028032671330773896,0.044575704418873624,0.17250898964151265,0.32496194338006745,0.01592997662843638,0.004667259631636375
1060,0.005764421479479478,0.000742025497084614,0.006295139105087776,0.0034756540302377527,0.003023646504466056,0.331826066654881,0.022286038975886265,0.11039737351960574,0.22155231350909285,0.037264205303411804,0.12620642062848617,0.07419185236334044,0.3581015202282578,0.003382877887726106,7.361804537933664e-05
1061,0.01208985942070469,0.001013649452375369,0.0024655444002890142,2.7343235036590057e-05,0.01819052794249087,0.002146171695411854,0.0007291699170088315,0.017087987741667688,0.0009119628683867508,4.6113986545473535e-06,0.0021934145661542696,0.003939340801260284,0.0021505052396136645,0.0002598179583403221,2.4097696301357582e-05
1062,0.00020704011819672863,0.0006915956075045201,0.04118135858097955,0.007321078861120843,0.002454330300284031,0.7266773892307952,0.016815882493131505,0.021616430465404728,0.36818250885600623,0.06628999161007468,0.16978868153095736,0.02424960986174193,0.771169706136478,0.013513584458722522,0.00048159730922246675
1063,0.00029006068447617184,4.331929230970003e-06,0.02212876931221973,0.0063467356879241595,0.005057073806507271,0.6110910120452755,0.001642661957221789,0.1047660672236501,0.1438847771080582,0.034904100103918936,0.036704564990956465,0.0039043797086497755,0.6482063195746218,0.013675352951481414,0.00038972942069289334
1064,0.004187950541583957,0.00790437855750415,0.005947834263414921,0.006886865984670172,0.0066977552734377496,0.597412971571483,0.00017835642956281862,3.7040871711610425e-05,0.016790692073578813,0.012654687110797144,0.0017705998291976624,0.025367490072583477,0.6551437026827628,0.010512535555296484,0.00011633185533805954
1065,0.0030681773355170808,0.0032209749306791433,0.5326645407448507,0.00047697640541973066,0.0015868084348582086,0.11058414926362263,0.045691717422716424,0.9935652855836966,0.9589537921520638,0.09915789807740172,0.7524796087838481,0.016238005780986605,0.09506545844015844,0.008452052793254984,0.011581159270207694
1066,0.014217254263026486,0.009677312119430865,0.07109141709880425,0.0005264617518741249,0.03238286435139269,0.0694259861445753,0.011359516524312264,0.08913354737614629,0.20819418512322943,0.02533381357162015,0.14859789058183606,0.0006242387636149294,0.06752541456763358,0.0027212206092711503,0.0014052279259629792
1067,0.00568567997841582,0.00039241898733537894,0.0906831290047154,0.0016473191432628874,6.19687304807285e-05,0.20326277555286057,0.016618419211225435,0.24284102775966124,0.37737783100466904,0.04970303448702638,0.24400032458430193,0.008969943371889756,0.20131511206773864,0.006813499753311056,0.0026502690259869654
1068,0.0001119437583561904,0.0020768013510279247,0.030476620863996145,0.002626715270100046,0.0001481739343345382,0.2345513424932464,0.0003430042010000562,0.0022785014424563485,0.02142898216989198,0.008753800859912701,0.0013707275845281546,0.00721875267472775,0.25292579671849164,0.0038106851947461557,0.00011480647539001526
1069,0.0010823609538447706,0.003187044770138827,0.011570267919836267,0.004542993150057238,0.00026882359092603603,0.4291149963772872,4.0521836915176155e-07,0.12408714689237196,0.05770993070060893,0.01848068222378309,0.006132005409283344,0.020144769547847125,0.4546434640047284,0.010878966045353771,0.00026321236288083375
1070,0.00048339759072912305,0.0028026471606819826,0.15213007931373093,0.003093924695525565,1.8475519936486454e-08,0.3286524668560594,0.00249964948154191,0.31944377717546213,0.1853723150272165,0.03227036030172198,0.07916203547502408,0.0032593775066004386,0.339113536079357,0.010561356613549799,0.002013111279210456
1071,0.002947498904885451,0.0005936585863724537,1.7032458023982968,0.002666496563175574,0.015673821058205688,0.09651053178406731,0.016021852746261615,4.392242592055486,0.7913581155008226,0.04980437074564778,0.7744396695652578,0.3525534338364404,0.14594271882876642,0.0036389109808975324,0.03481795936478971
1072,0.0026855164285844967,0.002000538599459557,0.004821533576791627,0.00935777050826932,1.0044549642483487e-05,0.8205103334428951,0.007108067046649729,0.12914430808170638,0.0026525894405076333,0.01186828631144308,0.028676130911619278,0.09013609946678187,0.8836667969077386,0.019273202827439294,9.38367395188634e-06
1073,0.0015513631979871857,1.3407134138427285e-05,0.05348801043168471,8.017363080031884e-06,0.0007771786420287835,0.0004513526217011734,0.0026700862248159245,0.12087987625072259,0.003325345558640671,0.0003938226026937699,0.004300102539958657,0.006415680469484672,0.0006613037684054628,0.00024793664840829627,0.0004066171951080207
1074,0.0016158363047211865,0.003028423161799347,0.02437974135070398,0.0033729121236546534,0.0017707486133434172,0.3082802419639032,1.9472511117860925e-05,0.014369864152574338,0.028052974819477973,0.01006809295458675,0.001642979955680644,0.011010876309917126,0.3345772167752954,0.005974835945343449,2.0726448628951437e-05
1075,0.007553142271979456,0.00045868036435533393,0.35187443457723316,0.01382935607679849,0.0015449095364094803,0.9991446624721281,0.060500684011723684,0.20494429605183592,0.39532987446377943,0.0061157083161415896,0.7045029399194022,0.008027983366455181,1.1436099679663618,0.01274511844752179,0.008476870257854948
1076,0.00372672342416385,4.86905667420446e-05,0.04689375992398217,0.002149389163726533,0.0015098343794526146,0.16737151729369631,0.001252889613425714,0.050838994771388334,0.005942505424293338,0.00040681260862905313,0.026070945107929424,0.0006119444656409475,0.18821255995875372,0.001927415413991081,0.0008998701563914971
1077,0.01899804659663985,0.004345855558225169,0.08326521415850756,0.0036332757537006527,0.018423809484839328,0.3483742111786723,0.00014033114582199507,0.14315078520151955,0.07411748785660181,0.018758605540723134,0.015848643287909223,8.76599311991144e-05,0.3683485694861604,0.009816491510701268,0.0006134091077493464
1078,0.0001464190221833473,0.0021199296405906083,0.01079224664742753,0.0005287801786429013,0.0017348531131938041,0.04361060034248904,5.647964293762123e-05,0.005145090189613198,1.5175239134036464e-05,0.0005505119053837719,0.0017169177297296319,0.0003866634919240349,0.04805245958222496,0.0006234179525750621,0.00011725937813668955
1079,1.2595773526228444e-05,0.007800017300494496,0.2189086746118442,0.005854024357542478,0.01648306298120312,0.44753304694301865,2.7703308850825556e-05,0.6659906696428347,0.004801105198095475,0.0020052388775009047,0.03476419072230535,0.10646419801370854,0.5154997142661065,0.0019182247819002156,0.005031946417543369
1080,0.0001478295396645717,0.002127512573911084,0.004640736816985417,0.0038322460142191277,0.00011690186497780387,0.29939656634751416,0.012780052788560427,3.8723601773249885e-05,0.043915407333952425,4.229167563765791e-05,0.11071214592366714,0.00034289670760954396,0.3358940815294554,0.005412514499550975,0.0006297981415260401
1081,0.002487136622113114,0.0009539666480265879,0.04721462172549544,1.8677026778486045e-07,0.009126526733843886,3.7735514263058144e-06,0.009199359978887519,0.27441556247481247,0.018167998411859645,0.0015692959491965684,0.024200364949754718,0.061584903061350255,9.860507693936434e-06,0.000662077501113933,0.0005871299066407694
1082,0.013931910461664806,0.0006147421295992438,0.4619895978160664,0.0018537072851824519,0.0024027290239723212,0.2791218690642224,0.03026485576076526,1.309293826754737,0.8966422810706101,0.10728200531486914,0.6137779861738577,0.08399340779449681,0.2603793159019579,0.015951569112163347,0.011539172200496828
1083,1.021380812313138e-06,0.0010919641510772984,0.17220178016707652,0.0014253871150299556,0.0002938600756366739,0.11093752610518313,0.0012051285400709966,0.25909606827493015,0.0009798034705258093,0.0020594179608246065,0.0006839084227412283,0.004989840654716446,0.12592228199388583,0.00034424925657110326,0.0017059227662122617
1084,0.009042382408999423,0.009635223108011189,0.5258126246039518,0.002693361102414432,0.010755778479807784,0.2975950864639053,0.0030437732625334204,1.4698883072675377,0.08994629639891441,0.019512839415409957,0.01723898736549462,0.090617249646036,0.2978501261947412,0.018276476310388656,0.006199617355229608
1085,2.224043740538674e-05,0.008183930773516578,0.14565934750657825,0.004175736612405288,0.028959340603818433,0.4009086517364072,1.6480354325060728e-05,0.17514370290801098,0.05863666016814627,0.01609557462713881,0.0077934795627439615,0.0053265792192768915,0.4288087512238697,0.009960113773003878,0.0007024684728353934
1086,0.0022277151508450052,0.005402029085686963,0.0005131981598032034,0.0038179185320227735,0.003905113755057285,0.3547452651372702,0.002129814584148456,0.0012043983027410245,0.07605160605859417,0.019748543922177807,0.019508417652645094,1.9605056776649516e-05,0.3798952402803067,0.006542373392009876,4.346254271026886e-07
1087,0.0003259806255539937,0.0011601943025284101,0.20074501122813887,0.0013373302287341686,0.01214022636572398,0.14384812194577504,0.0006247584078898614,0.44383883714717864,0.038221019070309295,0.00816058578408876,0.007597481704977908,0.011436400505931407,0.1475515301585797,0.006521351818576672,0.0019462032478317398
1088,2.0769741796655006e-05,0.0002718592772233062,0.00036412452467144687,0.0050168664014320526,0.0022466944194681772,0.49303665440414457,0.01850156123649471,0.00602452658033659,0.2800088668978421,0.049527317002109474,0.14059460664456636,0.014043163934428666,0.5247896953125748,0.0073336011433033825,2.9413022137655283e-05
1089,0.00016971046557598537,0.001020235393169235,0.029470649613162432,0.004788247576620696,0.00010671358346598438,0.42189477484291715,0.00184292546086799,0.04517873008731123,0.043109700733251,0.015743816152350376,0.004822033671563773,0.006639231562942925,0.46105665934252926,0.005470145925162966,0.0003901567562403013
1090,0.008656472480311705,0.013229483688325838,0.07413242927798483,5.598968549053025e-05,0.05423915355855785,0.0065846433847749275,0.009146411622028198,0.3284374429048238,0.01095995788139352,0.0006449269556297599,0.020613298640094254,0.052172588878778854,0.006317254450895387,0.0012586671067108042,0.0007624576713810233
1091,0.004282704648273834,0.0021823928475588525,0.010760864224710197,0.0022796793254002265,0.0010900645913942495,0.1974311638267662,0.009066903272075615,0.15998591593882852,0.004882052596835692,0.0006115592469564959,0.03459124848801539,0.04327792598961904,0.2121174549143698,0.006274533099743793,6.376358266939367e-05
1092,2.9069530043226547e-05,0.0002582964709223572,0.004106372864778352,0.005315101123148345,0.008936296165355599,0.5084342767057202,0.004311191793091071,0.011687298492557686,0.14190156314810962,0.032909646853215145,0.04452497892829566,0.00820657744988789,0.5402579802327776,0.009352158858392107,3.2533355826127455e-05
1093,1.1351434127413526e-05,6.572665568941794e-05,0.7088349677364936,0.00022470176810675838,0.007223837481506136,0.06778786113855856,0.0028537877744714665,2.560814744374217,0.437294028959411,0.04720013908677103,0.2917676399248665,0.31239552684202015,0.05240543275503138,0.012680784341061537,0.015868924212293117
1094,0.009218675736533368,4.769712912421925e-05,0.0006372524322272886,0.0047185667599422285,5.385980697657687e-05,0.42895205247912044,0.01682509788313651,0.6046501438630015,0.00036040387139320247,0.004436258205559736,0.04087526135146474,0.3639994518692965,0.44818057736939343,0.01645706481239946,0.0005029479451807828
1095,0.008266040744152756,2.9852547360830983e-06,0.05367825360370671,0.0036189742829162604,0.0010333543168766243,0.2881565456324866,0.026017936177090403,0.13178695203373864,0.06354228766989933,0.0004922740127209453,0.14802887663520908,0.0013597270398514434,0.3199964283239975,0.008257423485522096,5.8194873636960315e-06
1096,0.0005360038204965062,0.003164139517205396,0.012376470215070828,0.0031794933777915873,0.00027895938281614175,0.3003306412530744,0.007545061649025825,0.01939677301695474,0.11187013064662282,0.023119725322377896,0.04674114812785857,0.004377904798703857,0.3226249301167618,0.00404857443068741,3.428056335351757e-05
1097,0.0043319907472120014,0.0013049640773706256,0.9154342763411356,0.0004866305517725963,0.03463274105527111,0.10393209897649412,0.0029649046830341834,2.2683116596794,0.4229899884824685,0.046283992995401035,0.27331981125292254,0.12440928461363739,0.0895007242249302,0.012759767507600878,0.014862677464704451
1098,0.015206491354496813,0.014825095374393698,0.4917892572275914,0.0008663996525569517,0.036816469412300705,0.077275105904706,0.03889660245278726,1.0642424396063999,0.0499804842250935,0.0016212781704977813,0.10468056980952362,0.03563389525091652,0.08029346630457097,0.008835511354864673,0.002420896199662477
1099,0.0001979888749491222,0.0002187268316131919,0.09437600177433463,0.005659509939796561,0.007444329584113606,0.47882035362136594,5.515368102881538e-05,0.0472839472462805,0.004449769659094574,0.00815952929178051,0.006767020516455216,0.0020374006806776735,0.5268388551353107,0.006187007346278077,0.0009728072146331061
1100,0.0003666300547163872,0.0021173790778964132,0.18305993447536223,0.004623525563117802,0.004339796704036905,0.36733727741935296,2.4958515006490755e-05,0.29335646133844845,3.8397799876879736e-05,0.003607125097940467,0.015001503298449539,0.013141797552414684,0.41426213197879713,0.0026251680781254807,0.0026717570720760655
1101,0.0071856227806834285,0.0016703951686202598,0.29519449403493425,0.0017420571394856728,0.013050838013100134,0.1476698844270244,0.027536433105027472,0.7777768699821233,0.10468958560770286,0.01854700903870823,0.07234177396038578,0.0773274373298223,0.16561055081033563,5.127229717760053e-05,0.002433860242215561
1102,0.0008243884985555345,4.4658187537267344e-05,0.0006622433865454606,0.0004836775450151286,0.0016946554180980388,0.04753949181470166,0.0034171749815499926,0.012421050408854996,0.034935605118958504,0.005596305499898839,0.020453875214808234,0.009011443906909472,0.05121859325255037,0.0004528544151176038,3.830233426404578e-06
1103,0.009374079784468237,0.013829287252177544,0.9664283813507631,0.0008906925352433766,0.01828658847326055,0.13274627865366842,4.9825111138580636e-05,1.78213491343052,0.22830727804983758,0.02896271547558296,0.12089787059121815,0.028999346734337916,0.1234773024397081,0.013667076112436111,0.010832862133783693
1104,0.003927575484488423,8.284111425636644e-06,0.005507651884362657,0.0005361346171952398,0.01146672770190875,0.07294913936966332,0.0065754181637870225,0.1558869364755816,0.1641760372379409,0.02143685647375081,0.10690809276747018,0.06347099821685392,0.06974469117945005,0.002775884129404168,0.0012472355209337523
1105,0.0047686535161489945,0.005892583603219242,0.32690344543967875,0.0008057594980574386,0.006962370640428982,0.1309412216582529,0.03331576732883696,0.4283691165149573,0.6382000125043898,0.0702800607389953,0.482081864548013,0.0005170197697246337,0.1225232797235756,0.006342263995613399,0.005949318878536803
1106,0.0025549272760646917,0.002521893171122878,0.33046032558792154,0.007523992546370203,0.014658882664349043,0.7806701029594343,0.00020982801743194986,1.305077671988646,0.22070256641487584,0.049462398449450384,0.05183801248622133,0.12621709856067687,0.8032288513835943,0.029310474962150404,0.0052318771862548685
1107,0.012420982421657777,0.0041897777762208745,0.022641449674186503,0.002846912836100423,0.02268236615655062,0.20087701478092057,0.006347100605995809,0.15456927675739296,0.05911129763608952,0.0007111963468445208,0.10714671484812076,0.05992748129478351,0.23466034546951603,0.0018298611990799,0.002137164446055813
1108,0.0033758345021133456,0.0041250637840973756,0.033341568847442174,0.0009533335027195989,0.017886964636175378,0.07355597669108815,0.0012955127338332615,0.24149784015286826,0.0006232591524988349,0.0009418940521921072,0.00020134422838118978,0.08006549503776161,0.08649713460483908,5.00676695164403e-05,0.0011465349619749082
1109,7.736342196176918e-05,0.0009638347511944158,0.0001763553034126119,1.464063911524662e-05,0.0019876526713679754,0.0007898580548913414,0.002720582480396377,0.013342444666887578,0.01320304750999376,0.0008940257813256941,0.01597183100535782,0.01276531331397601,0.0008933384569905059,8.77834118007773e-05,1.0261713261193774e-06
1110,0.0019434766635557904,0.00548656510819026,0.7354086079490272,0.0004034895279930475,0.0022481491558808625,0.06853982881409702,0.003334791195026991,2.072185450637082,0.0860142038168011,0.011861459826526154,0.0323318498725381,0.1590370597497273,0.0598633135440571,0.011701452273839992,0.009928084267589864
1111,0.0004899343993210797,0.0017232727061453979,0.2952192821435478,0.00024619363436265075,4.7491900148747895e-05,0.004604867612048326,0.005034790517670983,0.8050816454016526,0.1977831940514134,0.014750948539997203,0.18088642532306898,0.06950676059341417,0.009478332920621184,0.0012415183779752885,0.006586450759618253
1112,0.002985180550838869,9.687962058043939e-05,0.33956722476675694,0.0004793851904124576,0.005073147056147822,0.014327530985477547,0.0029571653445410826,1.1191272535991603,0.1839654558295036,0.012512436856573947,0.17182532756925983,0.13858403610901374,0.02384872291420894,0.0012587878233829887,0.008198290571066557
1113,0.0001192479607869144,0.00015425526815314238,0.12965062458809726,0.001628968415220099,0.0014220485867395276,0.17182309189283956,0.0007502565615219418,0.46543783467268807,0.040578951579716284,0.009707806912926442,0.006776798683580593,0.04263249458385207,0.17540016831127905,0.007779623948981971,0.0017901526891861304
1114,0.00026070893207323886,0.007137648345523137,0.7413136450524177,0.0003468760408452273,0.03127886551733411,0.05253081486019649,0.045278873105555194,3.3606897844999346,0.0036917841118781444,1.2726286658496306e-05,0.03362598612012952,0.5589032256433187,0.04481221468438729,0.014710752615661257,0.010475594478362332
1115,0.0004992581983454257,0.0006368261525220329,1.1423481945594647,0.0022841258422068274,0.0005588195571386579,0.11398753119800707,7.3401338537100916e-06,2.965827994616387,0.17441747196741514,0.0071377702099783506,0.1834119099447657,0.2489578776864867,0.15356011326879668,0.0017203444150400429,0.019426488900554834
1116,6.337667932097014e-06,8.462184438911484e-05,0.0012876307052325944,0.003094948798421853,0.001948460451450866,0.2805829841893556,0.0005770775453865164,3.8837323085228636e-05,0.0337903658225963,0.010830073400534927,0.004418605097639723,0.008850474275331753,0.30494457555614185,0.004583124584970227,9.159873592271962e-06
1117,0.016690223447687096,0.005411906344923211,0.14163191506001804,0.0008613329738655195,0.04226103372552912,0.06146938645783769,0.0017714808151395197,0.4807230108865124,0.0004138379162624923,0.0002620025542730331,0.002251278980204053,0.07118793181861331,0.07463127444042295,5.6919841254894754e-05,0.0025008490344101174
1118,0.00034680502046121285,0.000855493029485933,0.12349888253854344,0.003294604491807414,0.00209616465381117,0.3697472873887612,0.0001652154857796146,1.2592924213942305,0.16727329881295078,0.03356788106506511,0.050544852064864566,0.3473076124100621,0.3661782866646009,0.018630885277122748,0.004871884318507207
1119,0.0017303596467992386,0.009762645684596519,0.013412548037890099,0.0021157117068503436,0.011399755264763814,0.16562718403215843,0.004961678257774382,0.0013346005393737816,0.0159336052488714,3.635166214055887e-05,0.047454714138559825,0.0018551976042650994,0.1846822367765071,0.0030079254860257594,0.00043094767105464094
1120,0.008199741115814757,0.00013939590431690763,0.07592590797792921,0.0009328392325532878,0.010621489556957249,0.06564121547493261,0.00678252187753151,0.6803883717963617,0.004559863412677941,0.001866805811068668,0.0019652665981261083,0.23461625779646889,0.0799395731706031,5.136875039789013e-05,0.002520232313625778
1121,0.013385144793572461,0.004870013611050364,0.014245575443455503,0.00620844680439601,0.012440272266526933,0.5489577814394428,0.0005126931418509965,0.02836132371981989,0.020957068644578265,0.013303074661634795,0.0007643867136320144,0.0018059832239991013,0.5951605401963941,0.011710266970410844,1.4736687427053e-07
1122,0.006094119396053775,0.005002794911139205,0.0030789459284731053,0.0016226965760226125,0.04216775050905214,0.16226689225681,0.003686283774358185,0.37349838613790887,0.0061156165389323084,0.004241898372170267,0.0015113689879966558,0.20145552132531047,0.1661185233522794,0.006529350547308715,0.0006749957741457338
1123,0.0011839173310403237,1.6394014639942297e-05,0.015524540674250782,0.00010968684901617536,0.002674704725799836,0.0037013350995947223,0.04954429536734268,0.20826350353533482,0.2612388444868939,0.020279416945487152,0.2946829592863517,0.07501937757382013,0.004825362173132475,0.0010517956814532564,2.876583770769733e-06
1124,6.372940402220413e-06,0.0012936301643798958,10.13559582701545,0.0027995692804950747,0.04041610060194363,0.0058620638598017305,0.14837826066797308,22.399112980836396,5.945388853959568,0.4716491867925471,5.1982756969410335,1.0877916292661163,0.04620897904581722,0.047581779479213084,0.18770662762060839
1125,2.046681551744675e-06,0.0006136045251028101,0.0025294063214762632,0.004576186901800018,0.001282307701605096,0.3709969013190096,0.024203090437755998,0.10062000318260335,0.054873178765135616,2.7266493086297568e-05,0.14863774323540108,0.0738257163969851,0.40711200530239333,0.00948741054439466,0.0001424289463588226
1126,0.014872166825776962,0.030241929997698883,0.008872103159324582,0.00023798957588892238,0.09466535090601803,0.023898214168120765,0.003544985868350582,0.04023907361267311,0.02171995143763727,0.0029587701901185085,0.015073710283368695,0.010173996552971,0.02657797697638405,7.560245244644008e-06,6.830068766355905e-05
1127,0.0031491046827438565,0.002233734236127653,0.18402525963188732,0.006207491608001046,0.0012135751186702864,0.4793624320974908,0.0006976351994777594,0.37260431461463683,0.00959670602618927,0.0017038534474383108,0.052982092324931965,0.033757283686154736,0.5452544414856461,0.003594465906564667,0.0038294857176855413
1128,0.003912923174578228,0.0034259864833743113,0.001138607660788333,0.0008077105176686846,0.025066156431105664,0.08461576704180088,0.00020972617414187117,0.069103093659865,0.03139173059049266,0.006475461442879152,0.010183866829887483,0.029442253404056998,0.08718355075158059,0.0023220569936891304,0.0002507961338812032
1129,0.01598352839471223,0.005341228935028405,0.20384818367064053,0.0003319544620336406,0.03665474757680945,0.014265692617432066,0.005524748469364426,0.2684718945135315,0.11575501778282497,0.0074559185751056625,0.12097247212440106,0.0005398649476439066,0.020065589299388172,0.00017948483949840302,0.003141437128910378
1130,0.0006071672670199763,0.011078452848042528,0.006705485573120229,4.950015627235332e-05,0.0159035764476217,0.0013306277314486024,0.004084259885754561,0.030870614182383516,0.052931711613034296,0.0042866872882970355,0.05275665305118119,0.006358812105505786,0.0023463121436184038,3.880442288207143e-05,0.0005310373374776557
1131,0.015429899659356617,0.013420056370998168,0.1718221451163595,0.001365045395034799,0.03442406786085835,0.16401794973358222,0.015493427222666818,0.1422153254701252,0.3158508803409412,0.040633323212007834,0.2099680526616444,0.013717554587782925,0.1648086693052541,0.005499342332332319,0.0021785646753546264
1132,7.993060779230325e-05,0.0018673458033313104,0.007942011194155451,0.0017480656563994348,7.283399316434765e-05,0.16175129720543593,4.707500068169833e-05,0.0336562979970053,0.014258652642984085,0.00551887141929587,0.0004873125391356075,0.0011930140233682577,0.1730626773484907,0.003869400895352694,5.532839469932259e-05
1133,0.0021182856838576477,0.005899531108756854,0.012569216230906295,0.005077137590117015,0.0015454385287205783,0.5097011156150137,0.0026692894857950605,0.21063232142507168,0.19034591156213612,0.04021555448465903,0.06528406244443977,0.051799703886854016,0.5297192242290069,0.013837735603938741,0.0009057603934620281
1134,0.00889162924092883,0.002471909988423863,0.5631382381900385,0.0025075888721240625,0.02466177756127512,0.1378146570036924,0.0006775633698279615,1.8986387849660813,0.14407435220409928,0.0051346863512006175,0.16779440203659166,0.26421788158582166,0.17819846903934178,0.0002919331124958744,0.01298517753377795
1135,0.001656686632810322,1.3007172312863139e-05,0.021224446992576206,0.00021971981588019232,0.0007261475696973748,0.008186725531084144,0.045201455732724,0.0735459963435472,0.2764996387010347,0.02108943502548912,0.30842658701197934,0.00719192510950013,0.011141982459473105,0.0007957983777484896,0.00014257278888850234
1136,3.650631953897762e-05,0.0007394669222653444,0.5746051978817434,0.0019802770857710703,7.504241195630868e-05,0.09774075638457363,7.49397590199378e-06,2.64264438529321,0.1566840826253108,0.007542349231588339,0.15979450247539834,0.522096037065335,0.13535014936067433,0.0017422813149575822,0.015814873753474235
1137,0.018388643380037515,0.014156403340532139,12.577014723665979,0.0036661859521810564,0.006491092272993778,0.018199271655630695,0.12685234505846268,26.59515489146012,6.072010528277657,0.47440955605697716,5.302754182075916,1.1334862324158987,0.08002511104107024,0.05656231179428707,0.21641150768751552
1138,0.007890060616824802,0.0016221363292873447,0.0009891027752628625,0.007532862085652078,0.04078664713420932,0.6572559465987047,5.7424395531545814e-05,0.0226992937472039,0.023802059679835855,0.01454873475406711,0.00035299293579935586,0.03399664342924019,0.7251703957218683,0.008794692034316485,0.00039850065487505846
1139,0.001423894585089487,0.0001438422779000365,0.368326017770796,0.0010079479342511649,0.00044514372303917,0.14778041858767282,0.00804939031830918,0.8664676319557515,0.3696535399554075,0.04509415228810939,0.23710679215044383,0.03427696185236386,0.1393686446999388,0.009145358324323342,0.006652002276679707
1140,0.0009461331176748469,0.000395868465404817,0.36526231054855224,1.7272629441905858e-05,0.001978138921044104,0.009766733832734744,0.004159670351328594,0.3923689925648757,0.14921297361089667,0.013394137319550616,0.11853811164903946,0.0031981613896558308,0.00763479891695267,0.0017438729981951665,0.0038562020585133122
1141,1.8028966628607433e-05,0.0006015943335836275,0.07303563767993215,0.0015008938771722657,0.0022079276448326544,0.16655161117253856,0.003141504043386256,0.8789252514007851,0.03497667961285554,0.00967101649879305,0.0030757402660645085,0.2757609445300538,0.16377830184106448,0.010251146145462527,0.002745629197028292
1142,2.335498632013981e-05,0.00020615357583878254,0.24601657164487928,0.0005172613994202667,0.0026901874092938073,0.0922287710543992,0.013142213361617083,0.7257550609455574,0.41012711648520167,0.04627604954164825,0.29084136619403195,0.054809202856786025,0.082892579373227,0.006460955688085995,0.006196134509509525
1143,5.269452269712379e-06,0.0032149691303124707,1.0339185385082543,0.0009255468744070098,0.0015193375020763305,0.159612633935537,0.0012043926995210696,2.5999938175560717,0.4114096054696376,0.049130615517648475,0.24158908049688593,0.144658899513943,0.14298988940132087,0.017380284851340504,0.015918756945795906
1144,0.000600531982995545,0.0037138919183724523,0.963095922586375,0.00035259510050084065,6.707593733245372e-05,0.09782028791563037,0.003102014763941338,3.4811452969972736,0.5700034254575618,0.06277547983861247,0.37339740782038294,0.42428966766459464,0.07654090614480279,0.018093121231735187,0.021253786752047112
1145,0.011928201820616048,0.008351696454381633,0.1186844472905504,0.0011160202729036189,0.021109692298169076,0.12598566408937195,3.406790353695221e-07,0.4690725499371015,0.0748900608901513,0.013600984255006263,0.027525720732213228,0.05365914979868594,0.12458084311646803,0.007128863883556194,0.002215740049221471
1146,0.009146795107487036,0.00536508063299621,0.06428745578013972,0.002053838351758769,0.029004367227331913,0.10907607905106559,0.02458394488698413,0.5994227690417867,0.36730226691355294,0.02271283991394922,0.4149846793322642,0.2234346874109018,0.14462488755119998,1.3239733311037616e-06,0.006859574356601657
1147,0.009263666405838958,0.006489728609055266,0.11337031947925247,0.0023042535311703044,0.02575344009651054,0.16716405680388607,3.7129016001467644e-05,0.4085187281826162,0.00488070407320337,0.000475387735822501,0.018849909003754318,0.07435363506255917,0.19465178895230145,0.0006151539148417257,0.002811490345643794
1148,0.003952882772397218,0.0009032510375873591,0.17501217985085202,0.002853410581068381,0.002717516058320763,0.311380124256984,0.0005726996021910885,0.9961751325279141,0.1097040368203768,0.023343429154602604,0.027455064109320398,0.1730696247113422,0.3123534098237946,0.015180679865687458,0.003898170591217378
1149,0.00015039917978096302,2.891202088449331e-05,0.015754888277736852,1.8496532918844654e-05,0.00017576490495458988,0.0008953096509372665,0.005052724410765349,0.03010772470876511,0.023375686102850422,0.0018493058468865334,0.027292218150942925,0.0006326255049919258,0.0011309020000939889,0.00016620404558709693,9.380135807961336e-06
1150,0.012816765024059972,0.02493011225315117,0.0005314747055762357,0.0003450020783572273,0.07810043756552582,0.02133275475268098,0.005388579393044261,0.021941478547365462,0.05206505275579845,0.0033964433286020382,0.06278311754270965,0.02967799867538695,0.02732716479526605,3.325525928756454e-05,0.0004730057769807503
1151,4.674804669177111e-05,1.717781966500868e-06,0.2810865360173079,0.0019874415243907647,0.006310566114919283,0.2187908851740755,7.334258718954921e-05,0.6416531051696289,0.09073919836486498,0.016892913426406534,0.0281022784596787,0.018633945805739936,0.22271287436321272,0.009922247539280237,0.003122087075194948
1152,0.010002311491341374,0.00297382933315848,0.042430961114052534,0.0029554896942073643,0.0077390654806571615,0.27640045078932235,0.005351259276593627,0.37993563590230267,0.005608750544296015,0.005871797433502432,0.004795178156973355,0.08498215850676459,0.2891646621985921,0.010660270706551121,0.0006946959801079176
1153,0.005436179574792237,0.00041519056339728126,0.00512317325981394,0.00021572701892020408,0.003569812034248639,0.00707790611399571,0.010061529411752274,0.10610390159311946,0.13346362645346757,0.010006673201776135,0.13627929321777724,0.0521633267614536,0.011112052527445656,1.1972827322881235e-05,0.0014720768127386079
1154,0.0001429204891711938,0.003258387190739623,0.19593457785841925,0.0022894361013371762,2.111005488645402e-05,0.26108874588618575,0.003072406220845756,0.4923085448511838,0.22182984250072413,0.03447833547152305,0.10889330889472114,0.017534534355371157,0.26338157505347015,0.010283017408982947,0.0031826156975890735
1155,2.1858578285018314e-05,1.1483471549192732e-07,0.4373884704113498,0.0009407074863939152,0.0037142787735055484,0.13860879911786392,0.014742427645853975,0.552735898793679,0.4164711997899785,0.04765079960244097,0.28861443079473303,0.001273713413926772,0.1334529435757092,0.006840224203788254,0.0057276330406846624
1156,2.8772398538188662e-05,0.0050852459194250564,0.02500115326603807,0.003309966261333683,0.0003001324072515959,0.30616397239319765,0.008419070252819332,0.04855665456197942,0.10796420977689627,0.02084066500325598,0.047392282076901916,0.16771353759856067,0.3364621376276251,0.003552390737619743,1.755081772767848e-05
1157,0.0001175624472385307,0.0052624045064709355,0.13592278603030294,0.0037430505249140067,0.01322652738700021,0.33279278394198003,0.03852078691114926,0.8312516404729879,0.19651398491090463,0.03348740486274863,0.12371740169490437,0.25006680914117313,0.372780348823253,0.0006112273362162286,0.002054424590149067
1158,0.015752484522361863,0.001546859217634394,0.0913039528035262,0.00031846566714216875,0.018659928180435364,0.030889252895766113,0.0024056634944226146,0.17398987683547706,0.00020485872205863829,0.0004452302607034988,0.0016459197277628014,0.0027059181268128075,0.031711005803373216,0.0022440681289661027,0.0005775139553909043
1159,0.003332723408228917,0.0006305616832445339,0.020864930028442665,0.00090673390328018,0.0003600471122767772,0.06388354117513119,0.0007099840985368124,0.09265797135975598,0.011430238290919445,0.00016725338244723091,0.021262234674459486,0.19573066830402489,0.07751659305098814,0.0002965241923247163,0.0005472514941938309
1160,0.00042383471058675854,0.0010200166998484293,1.335923673564013,0.0025226766063773053,0.0029408578175541605,0.30465395894398556,0.008225594293275148,2.88738287232227,0.11037326669477578,0.020617173886885703,0.021768794998564565,0.09100284035478384,0.2995205655877945,0.0245557802957004,0.013078134241127847
1161,0.0034086331830980618,9.437973876713589e-07,0.2859662756169686,0.0031981388213043046,0.002085364450811898,0.2198828799514707,4.031230092389074e-06,0.9214297093636132,0.025735269101900663,3.530901290161352e-07,0.05210870822670495,0.1346793351104398,0.26225810400761346,0.00019989142370716639,0.006315436458063326
1162,0.00018264869514288988,0.0003590293971150358,0.25131758799452464,0.0009567632840164321,0.004361853616509804,0.13273158468713875,3.788611435592224e-05,1.2209650397317127,0.16535074518516915,0.02400800969255061,0.07870177456905623,0.20038201326026564,0.12400311585467323,0.010475028873741568,0.006109896398017542
1163,0.0006113513475107776,8.74548640165059e-09,0.0037494697071706043,2.397242475422388e-05,0.00033476672508270835,0.0008965786599323856,0.00011195032533114437,0.09235433181832439,0.0022863025295908187,0.00017943254715278468,0.001654812129875228,0.04539472436378356,0.0015620795774720707,0.0001537063827112223,0.0003860899383383109
1164,0.006058311916315483,7.908453763694571e-05,0.030820476793003263,0.0031798087442245506,0.014439396041177357,0.26871493288981146,0.005939988642755788,0.32714763590422663,0.03127572840882222,0.00965972113563268,0.007409374843432629,0.1489990017051479,0.30424536614349457,0.001224092270082117,0.0012985941924243394
1165,0.0013892499643037045,0.0002587374799090216,0.00014725040033252912,0.001641393200140522,5.4180570445210565e-05,0.18521453432978788,0.027213620802827507,6.837940055741793e-07,0.3326305730966444,0.04472306557714392,0.2295223964760878,0.0008578613166014285,0.18958217072024697,0.003029229733615522,0.00033717560088182926
1166,0.007686023833171306,0.0005754597792466887,0.14786438842204916,3.123468998805909e-07,0.02577227918269332,0.00959522471469242,0.010106006889392725,1.1552111970656296,0.3775082474313161,0.036465167744981625,0.2994823325047934,0.31920716241352365,0.004309358740413096,0.004009776880921669,0.008281868946876655
1167,0.009449019022970313,0.004803910194294734,0.03305171175031748,8.493620393534583e-05,0.018239286829648052,0.013152574232453109,0.0027040929694611545,0.5149559727182644,0.00574141834802043,0.0015258967720032275,0.0003115459143728862,0.20025607496580164,0.010553362674500587,0.003097817628888466,0.0016667795717096449
1168,0.0003789916320397498,0.0013798175740644977,0.028330886216643803,6.228874772841422e-06,4.650572620074548e-05,0.0002632731140419682,0.008389992121667663,0.032361358006801656,0.10390759930102751,0.008899727322301371,0.09748573001697503,7.820307565542142e-05,3.7752978682434987e-05,0.00010221337077699748,0.0008221877443252728
1169,0.0055001759068489435,0.009635602468983326,0.4012363801835608,0.005781560955412278,0.02218413662598714,0.415810085563169,8.558962554015643e-05,1.1914883342576241,0.01860941209553765,0.0007098501157797388,0.05749573363506281,0.16190848584427775,0.48653019271968884,0.001073765757871704,0.008350420560327095
1170,0.00014057435648973695,0.0010879419366955788,0.006663493446081015,0.00010575114786083841,0.0001458203219750158,0.011050841930657217,0.0021337233537193673,0.00681167193106705,0.018352994699988627,0.002237156463437243,0.013701734161462824,0.02742853486966024,0.012094536719814716,7.809271958423067e-05,4.169793106228109e-06
1171,0.0002309748706136168,0.0004697310703945899,0.07372642588316071,0.00027974720567911974,0.005306986563393181,0.04013287911009699,0.0019863904149385733,0.2032195552732413,0.08990185165232031,0.011130614484265344,0.056685755379946676,0.012197716133695897,0.03819908694957152,0.002195342880111698,0.0015173431345452935
1172,0.007916029466077843,0.002565297090027695,0.06144811451009644,1.190501893200506e-05,0.015215432189321329,0.0013772523160801228,0.03264906810547088,0.669466653551105,0.0935795280195574,0.007771118342769145,0.11075418631689526,0.2347984659299057,0.0022288134149854085,0.0017441247124066375,0.0010084562340546184
1173,8.912352613232702e-05,0.0007480827106327717,0.04904884100577728,0.0013293887848682205,0.004757754304526443,0.09669740003304451,0.02215232646464144,0.046967547835407505,0.09450609258514495,0.003999071224061362,0.1459027465979753,0.003798948144974301,0.11158156563517152,0.0026143035663434133,5.159994529810744e-05
1174,0.010909013757731015,0.003555201570490712,0.2637959754278737,0.0020694585662560327,0.009124425415943159,0.22213485007506437,1.5061013832784048e-06,0.5308120826541746,0.09795815263580455,0.01839631796967635,0.03258226757061379,0.00792774515369042,0.22657322149007325,0.010037678109807295,0.0027348034471411384
1175,0.006717063287819454,0.006106009598482726,0.07020656461876694,0.000819829099907528,0.02066048521061393,0.054606435197679784,0.01203579135592616,4.256995132169921e-06,0.07248259144753935,0.0023517724307955405,0.10656957508606783,0.05791106518912344,0.06160598260019935,0.0012869895442670246,0.0006497446096453654
1176,0.001253292880686005,0.007421093677230694,0.3323438938208749,0.0007553049136781036,0.04113520156848601,0.15214533221820167,0.03739438036858711,1.210507256021967,0.9162186927931902,0.09963334626868366,0.6832995419710595,0.13453447473429364,0.1334682199983271,0.010093365178380269,0.011426228858963178
1177,0.0006028775707416631,0.005424632878154249,0.06851519358978256,0.0007942719928924483,0.0017381303188765088,0.12200619805209569,0.026186118220439175,0.3075420026832764,0.4985486850618179,0.05849726855136755,0.36487935525307486,0.040056075081757146,0.11363678570063099,0.005366022449597131,0.003688209438627225
1178,9.802442475608108e-05,0.0011020595479120541,0.09111616230749352,0.0003548555135283789,0.0003984646209356821,0.015270553449273352,0.011334226808087603,0.10873528721536804,0.1426732619162187,0.009184884910401508,0.1550333022598138,2.551955382912975e-05,0.02071553809963543,4.862476570144482e-07,0.0020571191701558413
1179,0.0010621430638899103,0.003856391723898443,0.3345219027644442,0.000686003669890159,0.001091598621953803,0.10491141037086696,0.006728506872605419,0.7105334748274694,0.3006706236758013,0.03579304355954825,0.19735270065879612,0.019990245895419277,0.09795597639530401,0.007119816467790426,0.005619148613515753
1180,0.0006305139108414531,0.0013387233791868625,0.20429466584253603,0.0003758365702628169,2.8708756343232633e-05,0.012947413394331411,0.004133753040696163,0.566599930172073,0.1403222253276023,0.009383053166074119,0.13757336590866348,0.05322615862861922,0.020024863746899973,0.00048745951820472483,0.004823475771374537
1181,0.003361173880375686,0.001115797840352501,0.7490216621425513,0.002651382244873256,0.0030285241535233775,0.10900124393386759,0.020131909529420403,2.8562497310535897,0.6666929702571411,0.042395049730202375,0.6766254629479999,0.4558926764359439,0.15824228720213557,0.001565119133606323,0.023445598387346285
1182,0.0037870825283292994,1.3317426647690523e-05,0.14595137511667283,0.0013757763044758746,0.004300694083210696,0.09094417669196488,0.001311001407609473,0.34339875767244415,0.04234770509319579,0.0008950769455715929,0.06285781278268779,0.02912094079185272,0.10984466133009735,8.112552512604078e-05,0.0030847131186118684
1183,0.0013379014659971268,0.000978002871118352,0.32124854304335715,0.0027637424763739434,1.7855091995216746e-06,0.15669092300333923,0.02068156594130916,0.6989241265435563,0.3240731930897292,0.015597438390238437,0.391946343594418,0.047834838598841876,0.1967840832714506,0.0001355125562726119,0.008626897860153589
1184,2.1053247773487887e-05,0.0011345829832497497,0.2676694764631015,0.00022230216539854627,0.00010890099359764516,0.008106445621259069,3.099414201939066e-05,0.6579630488523394,0.03690055519337796,0.002032982499679246,0.033056938976143604,0.045875719819430345,0.01250260568375626,0.0008430941457435384,0.004102376988943932
1185,0.004716993670427138,4.3026153843653783e-05,0.18512882003577938,0.008378967176063751,0.001360113334573846,0.6174953186393295,0.00018148024764602665,1.1173615220320658,0.026695145227804654,0.0007333450422832515,0.0871832949739355,0.3485863804874357,0.721343932588482,0.0025038374346060786,0.008054592815892062
1186,0.025179060569095312,0.012177276054726424,0.2845112289981263,0.0018017211058556778,0.07384669319427746,0.12656234341230743,0.0036922398772306804,1.0686117189178341,0.0014868274874870154,0.0004102437312995184,0.0057139731743861616,0.1798561116660898,0.1546084222093144,0.00015247032947262722,0.005480170688606708
1187,0.0023329458390106274,0.0128001774918288,0.27972319639512405,0.0005135449196238973,0.0057614157042971586,0.11722519713964645,0.010395080294170739,2.3616503547926677,0.647797507477654,0.07590336348773492,0.43727289781516226,0.6558665048095288,0.0940868366849306,0.015463725765741971,0.014602684346375117
1188,0.01031060749584895,0.004488123804701778,0.16079603069072979,0.0002030263884657069,0.01985140775946176,0.01052932414634407,0.03112868135280837,1.8374666385640537,0.024665158676280628,0.0023147596853235796,0.037252306511758045,0.668543480031359,0.01722972013617524,0.003749515556160107,0.005052879245688603
1189,0.00534153766161007,0.007069826982807595,0.4382028427806862,0.0007857618392805368,0.0166781156154036,0.03615122203454997,0.004175514383726323,2.1814363317590186,0.03439999120652542,0.0015295739000190588,0.027934140693736283,0.4541373017284597,0.05365066197065157,0.0028815427171265014,0.010507629585506807
1190,4.911136126054778e-05,0.0027952434210694755,0.14292072475177878,0.0015727401866669076,0.00016331734809068422,0.19873953836611524,0.0031706487680998306,0.755746081884749,0.2558639488441921,0.0371537575440135,0.13695049122280592,0.12504550253668292,0.1923042483854788,0.0103641331710996,0.0044395165469830545
1191,1.1753976647053224e-05,0.0024124928151431587,0.13478425621669318,0.0020754469339007283,7.27889028416947e-05,0.20785901057796752,0.000655080895024546,0.31713505742198284,0.03344702844403521,0.009200020892612551,0.003627502066440448,0.007921253642918544,0.21700852394316558,0.007722622871548644,0.0011964577704853246
1192,0.0010492594746873123,0.0022104622818897523,0.3483501809431467,0.001990275429122924,0.004794752221290115,0.1006427785495822,0.01100565812247012,1.2153626746266124,0.3004739531611796,0.01684356873013265,0.33006078661924926,0.1810031930149817,0.13474959755761706,0.0002140568083607252,0.010745139310085333
1193,0.00943967445348162,0.007343625974868762,0.06042853718095025,0.0009177475126051536,0.017082149644552076,0.11613078501665962,0.005742486972697761,0.3064629109594879,0.20562902279827872,0.028401201081726616,0.1246694301987081,0.04648651575954728,0.11199765353033037,0.005629104403404302,0.0022768380491172344
1194,0.0055296480320269365,0.007068586313570398,0.14293069405115738,0.00026064389122884237,0.015905969397552098,0.024717925995358107,0.01261986124473761,0.4362847711788803,0.011462412392443012,0.00024396519705271387,0.02817323493814776,0.03777740034709763,0.024775670234552696,0.0033284834697040145,0.001037353404868829
1195,0.0023263585789522288,0.012868964848766169,0.0006457365434920817,3.207327348925954e-06,0.022009049514579323,7.052322582483334e-05,1.2144699044232433e-05,0.18261088041762333,0.012789289392435213,0.001591984955455387,0.008036437817627208,0.12693850424029413,2.799094225446009e-05,0.0007174131719132758,0.0007436642866883323
1196,0.010528372884275272,0.01991055585045674,0.00339438215537185,7.222671302937171e-05,0.06778696634595009,6.1469867435183e-08,0.03764622177851,0.06704077511001538,0.40529110837956833,0.03427071062858287,0.39120223744415256,0.03019612574609484,0.0004969361055063932,3.477547647558602e-05,0.0021622299967989206
1197,0.0012248298534665776,0.0010595173529169164,0.5462685078028109,0.003086131295290986,1.2665936043917563e-05,0.15789511909950257,0.04762530821473697,0.8129817150358148,0.6488802181667893,0.03643990056469841,0.7431148285934405,0.01108140426446529,0.20316495729696737,9.726670740387409e-05,0.012554304563481498
1198,0.005295745957025888,0.013224677777532803,0.1350203886308158,0.00030294430223384253,0.05601361622705003,0.05244087155276968,0.002757021830223191,0.5233248355785376,0.16273498984350326,0.018925394671324983,0.10548390199996259,0.06460262284202106,0.04756534331305561,0.003712264661282912,0.003520658404415307
1199,0.0042120851824541256,0.0006214202176512906,0.057724024789845826,2.6196891786550365e-05,0.00870217572146657,0.004088213444498958,0.005808074493778033,0.0240816669469545,0.0367066907081276,0.00419974037897831,0.032638006705596787,0.00934994200777998,0.003853909666383019,2.6609151688141183e-06,2.5260037445593462e-05
1200,0.028763270260190214,0.02247541771804035,0.006175692800952067,0.0047727992173562245,0.06588417980035063,0.4291570773507361,0.00033905937765976593,0.006057292815671332,0.04944575510907789,0.01820375085817312,0.004708498663888007,0.007239915626552027,0.4589164329091404,0.009184536626360675,7.4205275835221e-06
1201,0.016167611279655915,0.0005986758683996059,0.27895605548872277,0.0009204888569945142,0.04161378981389745,0.11039060412634248,0.0010559138114913963,0.2890983241540497,0.10004238824757367,0.013583967677374296,0.051283901894464586,0.006991863802875633,0.11314779133700584,0.004182436208696493,0.002194559193993656
1202,6.242183104809719e-06,0.0020774314709698866,0.0412675599612029,0.0026068195372710543,0.00014881605682903079,0.22636828072210885,0.009465104012791338,0.2696057238656971,0.059191568052501,0.013579140396107518,0.024916902995077157,0.0936543588424449,0.25252576265039106,0.00123109726001162,0.000883932003664332
1203,0.0004546632678284051,0.0015434050328140513,0.00029623883012802995,0.002865421920327437,0.0003039297142106083,0.22935022238961875,0.006907009767012478,0.0010836963304537775,0.016652993507599124,8.044192232839442e-05,0.05615704172036626,0.0013103673079796474,0.2562732648444723,0.00429771702586366,0.0002593547565003735
1204,0.007683256184406936,0.00036884425605311215,0.3630662152346683,0.00028412719432135183,0.0024044559604440383,0.05012147742981778,0.00022113521472538945,1.2638007477107465,0.10358806868782193,0.013456408048215665,0.05170918273656665,0.14244127059536896,0.043080299008215285,0.0076429459338472295,0.006477853248816409
1205,0.00484293476990525,0.0006042146955645271,0.028964548154120834,0.0023468791791734986,0.00589483671408927,0.165026144979831,0.0007001634643040569,0.3564568592031115,0.023914202794339107,5.713780008733088e-05,0.04825601033217002,0.16227799410946359,0.19617794878960707,0.0005981798826182867,0.0026315281036312452
1206,9.513010563598042e-05,0.0024371672752676278,0.015033448781792136,6.345458323859721e-05,0.0007946633784623337,0.001666793713298914,0.00015910962188951173,0.21379558226265016,0.02489302743916564,0.0020189200329437293,0.021360735980263824,0.08668575783974554,0.003249160785488292,0.0003593719860405485,0.0012076173856158294
1207,0.0004846979611480158,0.0007305033998292525,0.06097451622918602,4.395281521740144e-07,0.0006634495258870835,0.00353750025659168,0.011153741872113897,0.11106983227683034,0.1726706077786379,0.015784434909472317,0.1519647726540599,0.0020260542463638627,0.0021545472970301437,0.000521302617108664,0.0017447748062152117
1208,0.00019681502552125113,0.00340511094820051,0.3745874168794661,0.0016729946650287006,0.0040152746174303205,0.09473561048063457,0.0002138318605796671,1.2823568743798026,0.08661624845269923,0.0031318123151611293,0.10122527791589417,0.18345278237163712,0.1226538705156053,0.00032525731512840717,0.008576143195397089
1209,8.135359037891605e-06,0.0018263026383448335,0.01338740516221821,0.0007783691839249279,1.2471601400553955e-05,0.10219380203029119,0.017237054091315596,0.07179931978076633,0.28000721193837236,0.03481966436294937,0.19865021472678152,0.008656861127963293,0.09985749855813914,0.002932913819676543,0.0012212167519189635
1210,0.0029131268170329303,0.0008402887330714273,0.00878928221011558,0.00014476781330614023,0.004626523256059906,0.0023215190214625914,0.011919717229298254,0.25140253176508326,0.20273907467942268,0.017357979333403127,0.19087309016864715,0.1298478565381241,0.005599303982837695,0.0004109650208486355,0.0025962254058993703
1211,0.0029780471727998796,6.25451718812955e-08,3.6701041305249036e-05,0.00098126960329577,0.001248661066206497,0.0633988484175313,0.018206990925081018,1.1135578466084543e-05,0.11445077451546663,0.005511444218964767,0.15518331883011566,0.0008645028868469113,0.07507721349803724,0.0012442783305108924,0.000524609417495864
1212,1.955027316335186e-05,0.00303654066081233,0.5346450101644051,0.0006478894107245015,0.005216674617502363,0.02497682762470485,0.003241072679360892,0.9942486250882357,0.16941646109924455,0.009859766871344374,0.16931839190573625,0.029813375979234665,0.036244320887511894,0.0007151380727231174,0.008273361658989344
1213,0.03669971428164229,0.019217816118516876,0.08413085654114288,0.0027584067466363766,0.10023882118301526,0.1945007373044665,0.00038031564040975885,0.6575712121254099,0.0047749211990769,0.0005880687157695621,0.018413059582729104,0.2259005622995368,0.22969216138444043,0.000535684115093942,0.0037625286329093705
1214,0.01103468265716802,0.0016355107505830007,0.787802790211723,5.788586837638541e-05,0.032676869022818286,2.3318178220473734e-05,0.0027008548175358593,0.837818914855899,0.16692787927961303,0.011720359482049083,0.14414646773538256,0.005524779265257669,0.0001933654361698495,0.001644601921059737,0.007468869169609471
1215,0.0011950643308465145,6.625119174553262e-05,0.41628398879900835,0.000624599598843996,0.013885232407680685,0.11800538578375905,0.012434496484925681,1.3055472675481985,0.5192506902332963,0.05835599685241326,0.359443037889495,0.11542032816936025,0.10431300151932972,0.009773033647468798,0.009941544470415266
1216,0.022653716368890856,0.007227871494227795,0.046389132528289544,0.0003942283362064195,0.05658261924036822,0.015459769044747716,0.038861605269671314,0.011052177417633615,0.3401708663687364,0.025101847451951653,0.3680280076976428,0.011364926952536028,0.021773886662196564,6.631311754595039e-05,0.0018035677447323006
1217,0.002126441595499757,3.151353635110665e-05,0.021116439080733265,4.2882961087033024e-05,0.0020829270952556493,0.0005479883385313531,0.010178614008305692,0.009790851311750642,0.1007779612314548,0.007745259982794547,0.10244336706469015,0.002949988755362739,0.0011205749927452133,2.5315531057785996e-07,0.0006182505420651514
1218,0.0006424738727844273,0.0017390243250795874,0.00018009539320058924,0.0012141445987612633,0.0008784760285655643,0.13773331946254774,0.027125986462971007,0.008336795901522956,0.28946277819088306,0.03747250949814565,0.20962250730358986,0.010587667893878359,0.1417205450926764,0.0018446497216940796,0.00017690193768882338
1219,6.439333689949291e-05,0.0017448969172395492,0.29896700688233935,0.0007801060489394217,5.301198221488425e-09,0.0850687706278402,0.0024184073792550657,0.49679958610295655,0.013965565619493643,0.0034377816250257876,0.0008223495123063511,0.002625353801495022,0.08673369939555525,0.0054014475170575975,0.0021575925708543207
1220,0.0072219472177080715,0.0014880599410569636,0.03216301929585855,0.0005118031831016638,0.011575906462250842,0.052654082745217816,0.013897479572750317,0.07030027696818612,0.10384204224413804,0.014249364274880147,0.07786663487295531,0.0060331371747065245,0.05521096641577088,0.00033064724492399346,4.414688690634656e-05
1221,0.00015875516020505496,0.006065630677411476,0.03320883287249308,0.0007768206541159683,0.0013869971349748645,0.11598416890153014,0.023838572983248537,0.24283748426839338,0.44206674595580586,0.052866837013558605,0.320890091684001,0.050876893759829414,0.10848870669188014,0.00477989029395648,0.0029134702317566586
1222,2.207807639049507e-06,0.0024426209285901166,0.4359209523304186,0.00038729771051193676,5.308728706091503e-09,0.0031858643152538426,0.010596531334039538,2.253299297380455,0.5039274012300126,0.04183813624105085,0.4358068734912773,0.4694815395357223,0.01126913658635147,0.004620963737663551,0.016124038774958722
1223,5.221030151504411e-06,0.0018509675784219443,0.002067640644002983,0.0006304992047414127,1.743157522175251e-06,0.08930115748080789,0.027093637278709493,0.03454581435865184,0.35853078775456637,0.04315353397981782,0.27123619008291455,0.03387450490518906,0.08495797874418001,0.0022635520926538493,0.000973480315182154
1224,0.011257563039332594,0.0008852230004071548,0.565483454107585,0.0003879693358346603,4.9653632561858634e-05,0.07886434594091228,0.0047726349692424124,1.445332817535316,0.36204096736062663,0.04030783670268919,0.24316728560959971,0.08535499574064377,0.06761276002015403,0.009358269605237767,0.010109837717897517
1225,0.0013244189441983805,6.473575889079911e-06,0.046101228088924855,0.00045948185701481217,0.0015650993409531033,0.0351518165296836,0.006513270632114946,0.37209602365710265,0.011156180393959486,0.0021803864502383564,0.007990815734940466,0.12068853216308949,0.04238484367912276,7.059099336580704e-05,0.0011863940189596946
1226,7.072310202421097e-05,0.0018681192616431144,0.04450758908913332,0.00016027874440266063,3.2417222868468593e-06,0.03986545121774929,0.03751336628917779,0.11048355098734315,0.4953329916284194,0.050503849124958394,0.41639541908096783,0.004563110607421113,0.03418127941875413,0.0016701490487775518,0.0027095112340617677
1227,2.2160138459476993e-07,0.0028128989146233075,0.3044996135412428,0.00029971406747925496,6.020341295524528e-05,0.07296911749209899,0.026786202591481765,0.8057101899366764,0.6242018373100638,0.06527590721402664,0.48238574921924665,0.04972553757153917,0.061494213071352444,0.006182117441907847,0.008210060066194907
1228,0.0001475656806281485,0.0020257989327580384,0.28506358080787025,1.280069858387458e-05,0.012220917951611936,0.01741273366514486,0.006416120540986588,1.2798789253211462,0.3353881617848758,0.03313777408026363,0.25412536857862905,0.2135428163801181,0.010628473423272026,0.0051210101503093575,0.008946472251796718
1229,0.0020913587358394065,0.00806399909020331,0.5854624216772326,0.00025820186404857905,0.0051476996504034745,0.05573489374535134,0.000842842073954095,1.4803808213839909,0.22990329414629615,0.025883107992315798,0.14454807740603698,0.08769722774703896,0.046771643197374244,0.008675346879124418,0.009303590775742459
1230,0.00314517625261873,0.018397770488431706,0.5372308844404744,0.0011584297107920488,0.07106763702405848,0.15220103761515377,1.2956875127269094e-05,1.1678746661644244,0.14051624139905794,0.019713331242533518,0.06248049524930027,0.03593818712797357,0.14853753964693026,0.009850898634519743,0.006419571876063275
1231,0.00027868085125038426,0.003145978883788081,0.5652403882860559,0.0010328590387747223,0.00014233818599834882,0.16395492678620435,0.003525633346868741,1.766306254495283,0.40362851137612304,0.04996886635307186,0.2429770100807622,0.15452989936184938,0.14941401003810534,0.014187531650668469,0.011143589003765815
1232,0.015128418279855546,0.010434482435307271,0.010898310310532155,0.003332473130518886,0.07193139420622531,0.27500628803038296,0.0007660030635092556,0.04367541365165609,0.0008356826362227637,0.0015367711988544962,0.018405646672172885,0.018383199684999477,0.3097431461269813,0.002745809571520987,0.0007182688519982852
1233,0.0009208310036308664,0.0014133935840118877,0.756033684629306,0.002155742970178063,0.00021595703563461106,0.1065267825789577,0.0013029373766076323,2.343766695013523,0.21523679378499855,0.010313477080167732,0.2280048137264556,0.27832110017519623,0.14434027262324917,0.0011265422937468395,0.01622474663268385
1234,0.0030142050488075538,0.00791766401629812,0.040762152315189884,0.0016366499659451683,0.03970510320780302,0.19834099648828357,0.02828816297842115,0.034005672060450874,0.4080873667852991,0.05101029073582065,0.2852761406243186,0.006597891435403216,0.20181417934182025,0.0037531261299280955,0.0012498524972813629
1235,0.0028052397697324477,0.000544841512665631,0.5001148954776264,0.001743355665150994,0.014079233537768873,0.23425936946719758,0.0011891276625710595,1.541535977176103,0.30649593648371765,0.042390298059053776,0.158380548394286,0.12328252183583285,0.22463439971948215,0.015094835351905457,0.00887631479037561
1236,0.0058585858535094345,3.8121296952431714e-06,0.2781621053973717,8.883735448029935e-05,0.012374156494325824,0.011875574030650322,0.016152641114591523,0.8016178754711956,0.00966833143884534,0.00046677099568934367,0.024116758677182198,0.06635904399021206,0.010867600576537222,0.0033520192864189557,0.0024060973691361447
1237,0.008285939841378886,0.0012329331882780065,0.31544252085122537,0.0013006076646322879,0.01614727542362458,0.15659675828417455,0.0014557315196844077,1.0641815790483344,0.06890714787574513,0.012681897709713516,0.01817461785408387,0.10080598857524867,0.1540353284499338,0.010253157714606134,0.004609301200434618
1238,5.3643154310505544e-05,0.00010502409380202305,0.05163959265264479,3.294144908565577e-06,0.00015992100048642925,0.0033474663538388336,0.05702411896308163,0.0012415842205697732,0.5209768700154858,0.04513989795385141,0.5035443421808572,0.03994893363493287,0.0018570891493364134,3.49765578599053e-05,0.001762917746377959
1239,0.00036419194947631494,0.003305777040645226,0.09434235017556554,0.0022047430079066978,2.422394678005647e-06,0.26832486925501975,0.006549167649366272,0.6577856391549816,0.33333691406194005,0.0492194786128219,0.1821236163193317,0.13389296217764957,0.26271390066617584,0.011776315088308608,0.0040914985841532065
1240,0.0058849095507926205,0.0074131012324942834,0.0004319214967640329,0.003596824092627011,0.009404276365943645,0.32949093227022364,0.0031142776622939137,0.20513347753139832,0.008116798401219892,0.0077631606891480276,0.0036480104729003596,0.1068614602410971,0.3470006233298286,0.01034212247656063,0.0001847042116855406
1241,0.0006801192730246058,0.002920317103941644,0.33159714446714006,0.0030778348596887275,1.925494989638524e-05,0.32103566530110517,0.0031075027433135486,0.9725383165875754,0.056475880389170806,0.015101745273123052,0.005400406754100552,0.060589136625227684,0.3287859841814485,0.015430374199712722,0.0036581179718141316
1242,1.042392241124626e-07,0.0020754025621847684,0.0731902919403419,0.001151083925469504,0.0007764060983806621,0.09078956331504284,2.115493532844384e-05,0.0878802415536222,1.4964846112764007e-05,0.0009748019912757928,0.0038293069996339687,0.0005235094766882497,0.1021003261289256,0.0006502919617971475,0.0008088321361897639
1243,0.015652181440508513,0.0026728473348630625,0.2477655728569179,0.00029901193421684523,0.01761729457061871,0.05496256123119875,0.019598164734209333,0.267739485661873,0.37073591708787823,0.03915592320068308,0.2896232915101465,0.0034218461392473074,0.049945484789645715,0.0033218476872527917,0.0038547248341718313
1244,0.001765938622127333,0.005931676244536097,0.3613572720252514,5.254810418932554e-06,0.008414247293759601,0.012442314232240084,2.3743523155073173e-05,1.8908593415859627,0.1790552525702286,0.01847387445404967,0.11723865678535544,0.3766898083007235,0.006551980273149273,0.006841889565263636,0.01017175613414337
1245,0.001024899011494643,0.001225445670806971,0.5561494129818881,0.0028514131489905553,0.0001298722928258085,0.13905746086248544,0.019331432403519127,1.7763366910644347,0.4891562050777586,0.02778475365667129,0.5329879969551339,0.230948204235099,0.1871774735656112,0.0002770466910736788,0.01630892464322825
1246,0.009140988890564528,0.00025586581924088295,1.6193398261845267,0.0025704441997665595,0.012999582571853062,0.11663853485805688,0.0012084000113942426,3.6446739685111713,0.31581442142035143,0.015056550178115245,0.32310798501659466,0.21313962582008306,0.1607285969322552,0.0022620874509505055,0.025846488050387362
1247,0.016049118784185364,0.004266574244244218,0.33485949666641696,0.0019102114806483258,0.012206889835964277,0.2561596811365953,0.01924312006162039,0.7788314897888224,0.5873405093530412,0.07424765349964252,0.3827392578851528,0.025431469859957298,0.24674964553413212,0.012467734588797042,0.006968859828475332
1248,0.011865243518601108,0.009988246158265218,0.21736319518778924,0.0010983413820926733,0.020566546662215565,0.1462800963145554,0.004438928521756414,0.7043150109457744,0.26662601012609816,0.03588896937898952,0.15731617940978798,0.06019165589500637,0.1392071642774276,0.009022913011323845,0.004777309712164551
1249,0.011107972505998645,0.008962608198308377,0.8074420073342058,0.003211430590522613,0.03507001793003706,0.17057308716321035,0.008608411317681358,2.1708091834792542,0.35751901886830184,0.017909547732300093,0.3998579930605432,0.20900775372480992,0.22454915201549244,0.0005343074750212807,0.01793457796248548
1250,0.0003666529621248988,0.0032101119087529174,1.2569826754735063,0.0012819189914601522,0.013808848471654698,0.03565070048162228,0.022990940399313015,2.476438976531986,0.7113708637427757,0.04841764510413451,0.6866656593679378,0.0900868073648422,0.058947826842424805,0.002454860765875475,0.022838528977568967
1251,0.0011839982792259183,0.0009536790399945059,0.013852944668353727,0.0014464712413751592,0.00012151658702425305,0.07641322111002762,0.05960637414249228,0.007725594947373619,0.46106426383866395,0.029098411483140615,0.5428688774115443,8.944504359353321e-05,0.09614423376169465,0.001171675711238514,0.0023080400074314907
1252,0.00015840104182322085,0.002671613514523285,0.2517455916488067,0.0008987906694810306,1.0156721029427858e-08,0.1312884478048128,0.009561887646062693,0.6393620238567722,0.34814902456389063,0.04241959876604434,0.228689948495839,0.030920365660745113,0.12400924183437623,0.0074923140691452415,0.005219981841072852
1253,0.012263344854516944,0.00893695195947352,0.043187476723814316,0.0007763249799479116,0.037960933085043884,0.034118761540912666,0.07393480106322008,0.018356028680592416,0.5116507353377389,0.03355392066043686,0.5874851424216597,0.09575896986167569,0.04275576381447338,0.001533033253736057,0.001498151048997155
1254,0.001799203391178623,0.0013704957013605835,0.02105111699228381,0.005749573044706511,0.0006370711741363139,0.4922126821387538,0.0030951612568334446,0.17001190177403203,0.04041435668450894,0.01595034279985646,0.00373737695716228,0.08501117873402556,0.5462971903234232,0.005016202020482715,0.0009427414693200643
1255,0.00034931352598863044,0.0015114410656400794,0.02411867772186487,0.0016950743180567252,0.008073964853564274,0.12824372334387185,0.013393792431773672,0.006504653976975377,0.05740877114723374,0.0010315131046180496,0.10559292831900316,0.03641669934447439,0.14356507808449967,0.002597623813032057,0.0004104239568990087
1256,0.0038114369220556012,0.003718251870720887,0.03823586378813574,0.0014161103021761324,0.00016036852694820518,0.1050885889532729,0.0005710012071745952,0.3006275503810076,0.00016559653661261803,0.0006847313435827613,0.003853751537763801,0.10596944781498045,0.1234410073490443,0.00019705421862131536,0.0016205290335202722
1257,0.005878299467604811,0.004975628341719417,0.024639863333266145,0.0004255695938427768,0.022283942359769986,0.019478837330596098,0.02005688454930865,0.043578404814238754,0.19790037394534,0.013826358876999352,0.21768873135471684,0.0020343061426682904,0.02646444185650978,3.53793885981385e-05,0.0015783833261474956
1258,0.0042813598975496,0.00023982753163878746,1.4774331424309386,1.9199268251868178e-05,0.02627453040322052,0.027629376986840058,1.3066342667615877e-05,3.6422081612612485,0.33741043165677265,0.031860492131307164,0.22408370330673702,0.2185351882653978,0.017218218301595603,0.012907807881939536,0.021934667461578662
1259,0.000291936134520581,0.0018510938754632965,0.19501635852502536,0.00011811572063896249,8.38179790233586e-06,0.00326088389286025,0.0018377570487558839,0.8086364163588112,0.01308058890083636,0.0007856827487641425,0.008345338232648306,0.13344225926781467,0.006144783717796519,0.0014805794774229316,0.003842485959011959
1260,0.01126781935528183,0.00021815873154225178,0.025944181978699667,1.3588768479345598e-05,0.01125059943812999,0.00013787063868761596,0.0017546463754296812,0.2583350765187756,0.00024107346905366024,1.508108289790666e-05,7.790016595292064e-06,0.08561537608726892,0.000492541912175739,0.0005048350278857029,0.000906311617634962
1261,0.0016603366107095837,0.0015780176878204331,0.010023203250932181,0.0021379608011736443,0.001333320440895745,0.20442157458360663,0.01673350288575381,0.10003030802779658,0.15130559656640175,0.023131001959144287,0.0927507850837415,0.18213179428541781,0.22422695111938679,0.0016162285243126984,2.2659617642715792e-05
1262,3.308177992732233e-05,0.00234382885867965,0.01930671221309619,0.0018960691453380949,9.773553133581458e-07,0.2334082891634206,0.055507074820497264,0.0014459056030694832,0.6497434738743246,0.07879558267271389,0.4857816285183455,0.022746793110472653,0.2361143867870578,0.0038954761739279876,0.0011594505082585926
1263,0.00588873187090868,0.0007697884226595344,0.472937083065194,0.004521007911898434,7.826917520960295e-05,0.5148958148728651,1.816092084713159e-05,1.9045702229142067,0.2826614070248332,0.05098810775056808,0.09995357610824682,0.22227178599807068,0.5119806546166936,0.026843130770848177,0.008802211970052709
1264,0.00019932690254743918,0.0004445714666893492,0.9857376124764176,0.002057526081165841,0.0011630178497735561,0.10234233035833487,9.766028628472258e-05,2.9165377403299417,0.14469080747675267,0.005906730995571029,0.14944063021660536,0.31415174477730967,0.13923076023164624,0.00188081272874501,0.018123135832240952
1265,2.419588651813651e-05,0.00131134275628901,0.6043096903559446,0.0003422218537094742,2.115723886779669e-05,0.005278465301157428,0.007280213031448624,1.3819773324383007,0.31829132825433176,0.02370443166775313,0.2876370991210665,0.07725870298779741,0.011866478269740167,0.002327492008031644,0.01134050944535188
1266,0.022322732457350822,0.01324350605663644,0.8904386044599539,0.00037001310567479604,0.03365089250387456,0.08911457382941868,0.006469627608513025,2.3213679445771334,0.5350759320753916,0.05849904803338507,0.36635329504660047,0.14910017013879587,0.07253811726767379,0.014129430568180603,0.016114275680013227
1267,0.022021928418025256,0.0008617004230834747,0.21032974481444153,0.0007386528381137696,0.014334802512786148,0.04795306664975925,0.0005232562999481995,0.39276815221673533,0.003542100139215101,8.122875779674171e-05,0.007582832888781974,0.014457985314163768,0.057165656946601695,7.314512916128836e-08,0.00250448730157759
1268,0.0008998359072201565,0.0021256921399747867,0.008623737378121357,0.00014657630031029382,0.003477430794930254,0.02888394115539433,0.05484742579510014,0.04643925422744499,0.44019441099553286,0.04301267349684697,0.40396583073886927,0.08987230120956324,0.027636343018192018,9.17231370778348e-05,0.00043013605020212454
1269,0.0027790683487041996,0.001266722093698442,0.006733405788822853,0.0021344467204728445,0.01928853509431606,0.2116213165615481,0.001701043221782709,0.02861227072018345,0.07088265343586087,0.01558231827933313,0.02381026120038116,0.035261282611639036,0.22162303822078644,0.004363733949451681,7.948898462874477e-05
1270,0.0006219928464850997,0.0015059699354414355,0.560705638309564,0.0010565203089626127,4.9062591693837364e-05,0.04983613052061483,8.187482805106935e-05,1.5219154983813712,0.10503826795658813,0.004911973841332495,0.10700203684761221,0.1388397155969562,0.06872884332120677,0.0010454940738600124,0.010052552392035055
1271,7.966999809461048e-06,0.0006177651029585444,0.005103852831884299,9.309064722095675e-05,0.0014518189343504528,0.00803604540419397,0.0045801090407054075,0.08990314680618998,0.009034512689874302,0.00031801479576768735,0.016311565547130886,0.03474050706313729,0.008232238012146462,0.0007342947648009985,9.21556997397048e-05
1272,0.003411924799982725,0.0002005360018220274,0.2231211592783327,0.002111295238225739,0.02458811501853841,0.25692908621814814,0.00024885177817062843,1.122619132360102,0.20417273358032328,0.032787291890324914,0.08771971094000512,0.1777766497968496,0.25171535440124204,0.013602281679703199,0.005494328636041288
1273,1.152821183653207e-05,0.0011855993341902855,0.0008552651289378724,0.0010956254286467115,2.606203795662947e-06,0.10532723942180261,0.004727199472143067,0.012455183238598356,0.05811277021939816,0.010074579982484575,0.030265872047843256,0.025766228855011352,0.11382467100633047,0.0012846248938472877,3.394361952900382e-07
1274,0.005661998572499993,0.0024086459109397274,0.002773794332620253,0.0001997164133816989,0.018421817647490207,0.022732455165571163,0.009319039507341151,0.04533514261982367,0.06445339120041738,0.007430536100389622,0.05286823901904409,0.023087207069211566,0.02441512550890296,2.2854061704039256e-05,6.530807793555955e-06
1275,0.004765921805524832,6.365716812543282e-05,0.011464506492698331,0.008116468936988568,0.0008897972590094902,0.7292656311791824,0.0024914071605153312,0.13789491093880688,0.020820365234693352,0.016135613791441468,0.003884324214395341,0.01932066573808717,0.7842899943598368,0.017148785070566743,5.6515757827841153e-05
1276,0.00034286073401256374,0.001088573925336149,0.4129400155447197,0.0022039363083513727,4.607736121062822e-05,0.11760366292488125,0.00798157434845345,1.2096110350303988,0.245465635384471,0.012047866010748446,0.2800333109600633,0.13877296073340437,0.15311802499539315,9.23326585848214e-05,0.010552133389097301
1277,0.0035332825489150944,0.00033499006304115586,0.009117036690210184,0.0030185231811479,0.00015429039002109646,0.26264749305574,0.002841803319470656,0.04596870935007023,0.0002591952879571344,0.0030137678857195633,0.011401545369750504,0.00195958234754257,0.2853238890053544,0.0061458372991668045,1.5365924581456941e-06
1278,0.00017914899473941528,0.00244936160361763,0.36671558874349164,0.00011253381193725007,0.00011443222606220988,0.00039135489695290806,0.018182511638854853,1.4639214872691402,0.5450590731956555,0.04757932213378251,0.46872609904550716,0.22335740000226575,0.0004180608143686158,0.003877841332057532,0.012284494250931921
1279,0.0009489516733930778,0.0016212546421191388,0.03109477664021743,0.0008263253306167607,0.0022209570246795205,0.0948511258323416,0.009234332257820693,0.020396138132941048,0.15082135493409668,0.019911589009701594,0.09945340024670478,0.00626426763193992,0.09730754189934895,0.002050918782136587,0.0005426916461736844
1280,4.8482381462338795e-05,0.007161435289053581,1.5350977990195431,0.00019536004675927142,0.00040783419855001897,0.00041321416155353207,0.006967874766579286,3.92001253385665,0.6485154764206074,0.05410940211052984,0.5262557816340604,0.2745989060607161,0.0009420163141735441,0.010287065113184135,0.02787576594663734
1281,0.0006638914744603515,0.0022214513083758606,1.0919749624752308,0.006150186317526593,0.005465868905092816,0.38061795879428706,0.0025189286868950124,2.7258487919051233,0.22755830388049225,0.005733090317625623,0.3048468296056526,0.23818061859899936,0.4707655124913812,8.895895744951906e-06,0.021027385059066317
1282,3.4390506307451223e-06,0.0009435916121712945,0.970753163112627,0.0006786475388951039,0.00023795277933324392,0.010323263565022873,0.020262977791711472,2.4291779054351257,0.6924325856387215,0.052548761179400584,0.6326903091863577,0.17215175421830706,0.02344388055670586,0.003971403873342806,0.02088958938289537
1283,2.4821900672626966e-05,0.0021995195225258486,0.43362216504480644,0.00042974337459179975,9.921013134564116e-05,0.08306085559649454,0.014267394574387913,0.8059462438620456,0.4421364996833267,0.04759666512745768,0.3222092522507126,0.012913087294830202,0.07415177010966303,0.006549206515358878,0.007446806022072231
1284,0.007873552442677902,0.0023203923023037195,0.049552435184013,0.000507519369498973,0.01727193147628052,0.03881465320187436,0.002257556466480526,0.1722134620424891,0.004566011578548536,0.0016895174474031386,0.0014836996542971945,0.02742613661303703,0.0445583612968202,5.461858853714645e-05,0.000738405717558303
1285,0.05409565410830471,0.02681048939170908,0.3299415347521567,0.007696315313687352,0.07899883135223891,0.7342380312771647,0.01723482279311197,1.5190647775694803,0.023435556075490478,0.01766703220015707,0.008028463577449813,0.19325358980376067,0.7624212001979739,0.03328848488070378,0.0037493685906225004
1286,0.0020777852404351305,0.0006013758319546653,0.05759618135205719,0.0027951000124970013,0.00014197624210167124,0.20095644005038715,0.017125183787454385,0.01579859372337607,0.10293415490922435,0.002160359890142507,0.1749066599476409,0.006851800164787709,0.22972514506320574,0.002937235457277041,0.0015050520630572404
1287,4.82976740796344e-05,0.0009214123773302491,0.0006611930388158558,0.000240602705545043,0.00012724205200833824,0.024571258031267418,0.004653800499965091,0.022902379590953308,0.03674968442008336,0.004964051555859116,0.026572729934626373,0.015412650125353151,0.026422206061776313,0.0001492141010527838,5.035269549851181e-06
1288,0.005473303387174358,0.004268096782331385,0.07120621073426416,0.0010465567824282775,0.01545941331963878,0.09531654817026332,0.018545634901103183,0.2907794892194845,0.10018848356331941,0.01548991373334901,0.07138387062115487,0.058725695159416856,0.10483612637806673,0.00021378889980567446,0.0006002438565895184
1289,0.014822024452309639,0.014681515337732725,0.9829542240512444,0.0004304363834043912,0.08243487419992124,0.007134737458093036,0.002419399530530674,2.056986182490685,0.27523508108412,0.01845204381505844,0.24302186842970486,0.08609940937490705,0.014852905915735525,0.00286822573280572,0.015054850815703779
1290,3.662839587400031e-06,0.0015643310317074567,0.030742154816826125,0.0018286899015849127,0.0001390361747845076,0.1721104298507696,0.017142770010268423,0.1727819268662856,0.12775825614546168,0.020914163062078515,0.07885221703894423,0.0552145009728753,0.18758654680902512,0.001033110550670087,0.00027898683413795386
1291,0.0004702891642959188,0.0006646649030106418,0.283040810718822,0.0008409982376370563,0.013358686479417705,0.14304882036021233,0.034730153989603746,0.5604301040074665,0.7005196242041561,0.07690864932062394,0.5254268433872333,0.009745964948627926,0.13252044767630106,0.006803111763969387,0.006814463868672432
1292,0.0034845744046573786,0.001169134089832132,1.0799179128063312,0.001475654109375397,0.00027198961343663167,0.23249565799655084,1.393812821852393e-05,3.7109996589083187,0.4034209558858358,0.05350429198842209,0.20424465445054332,0.3968702117637277,0.20929544149509535,0.025639306277565777,0.019590613532730644
1293,0.05733135099313018,0.007988962954236688,0.36584522049070706,0.0005440539329656837,0.09494395887513411,0.020871484708543234,0.0026579581283958154,1.0461550194243991,0.1691509157526046,0.01179239776645675,0.16148284598413928,0.10439321295621175,0.0326575981215802,0.001524528351236761,0.007882826381258147
1294,0.002845211936570564,0.0022238075172701824,0.08364683499081338,0.0023952998088541738,0.029079989836775715,0.26620264479227784,0.0037540460584059507,0.3029688822954683,0.19727349846697909,0.03169614524156697,0.09477716282913534,0.022537266561719983,0.27162602854931267,0.00828958572807137,0.0019365531981878656
1295,0.006436405197833149,0.01803529410404661,0.0009849649100577864,0.001437191735862567,0.029555183386344618,0.1627305177508099,0.026516822493531555,5.772023960360339e-06,0.32255051294243603,0.04295306760934945,0.22631261061757502,0.004443066447922557,0.16588435862009476,0.0030312528569097974,0.0003855052400718818
1296,0.0074703920427339875,0.008814602859350049,1.0771866356589896,0.0032898651603268676,0.02721933689118882,0.18457084249913278,0.0003450127847849415,2.7696510445922526,0.18530525569951528,0.00668926694772301,0.21387616179487495,0.23864866815133698,0.23899646649487816,0.0009360308768801369,0.019198387731391976
1297,0.00034226195620529095,0.0007104467266441845,0.002977881067258434,0.00032738256358056804,0.00020703807984203182,0.020448655476436223,0.0021016723551502644,0.035289009707156996,0.024131731162537168,0.0012267640991329334,0.031213910824104598,0.05639649090861145,0.02569410005144555,7.678170071256277e-05,0.0003766569803264646
1298,7.740696745547064e-05,0.001813653385333322,0.2898785647404862,0.0001840058365129169,2.682949165966389e-05,0.038377386303767934,0.004816586313955705,0.558814148563357,0.20815511628617545,0.022255851919610103,0.14823798565738777,0.011812070988142409,0.0334870824276153,0.0038734888268787955,0.00459294565366355
1299,4.070878283248953e-06,0.0015368655979903498,0.2419315704303071,2.0679904217397927e-05,1.97257686602809e-06,0.00850153584277208,0.0019422187799927094,0.9627226128282526,0.027732387278316253,0.00332807467085334,0.011459196459760027,0.1393041504109821,0.005737662548644539,0.0038642042110980023,0.00438586087250805
1300,0.012226564981697918,1.8551010908767663e-06,0.32422582429585567,0.00046782242996396467,0.002077226043249215,0.0804044105155649,0.0022089104430516406,1.1365827771145849,0.2496582281230353,0.030312283966891434,0.15499672345973375,0.1250147768144134,0.07077814287116473,0.008412929653904654,0.007118099197075281
1301,0.0004853331646044796,0.0019311405066614984,0.04085027088543328,0.0027219517256949124,0.00020167583270380246,0.23450655367824513,0.004824338926009387,0.06440967028132319,0.0006643903563296854,0.0014484243149555517,0.020291058307343582,0.0006211094257903312,0.2565021049101386,0.005916690808591393,1.757829392702555e-05
1302,0.02076594940784514,0.01221651149511626,0.006320182372185792,0.0010168525012140307,0.050286661990037826,0.09744450623039518,0.002912144354500456,8.44036724373479e-05,0.05394666492612769,0.009949618830400579,0.02605804317345985,0.010167174081384862,0.10324643461738518,0.00207627804735015,3.9681136979354666e-05
1303,6.716275347635836e-06,0.00046732606612496006,0.31547792534655095,0.0006243401286719977,0.008650165374455083,0.1091853694662111,0.009917999070907202,1.015245728511772,0.41644366428729873,0.04795556870183169,0.2832533238281222,0.09257960555460037,0.09809810700291552,0.008299758149017388,0.007670797007493974
1304,0.011702110155504002,0.01378398038989005,0.09042653334923494,0.0009623673502107856,0.07815983257114613,0.12526020820095704,0.0088959200206829,0.21756113519187223,0.23085049278440245,0.02902648510854465,0.1484542290304407,0.006303585715059015,0.12439086386988385,0.003921690590986505,0.0021079473905452127
1305,0.002877006396876769,0.013994691111106109,1.3086925193390624,0.001655878618197197,0.000490233853665908,0.05828927076362039,0.00433130660647624,3.517759191932846,0.44473958813073916,0.027993775778139177,0.4212338112448729,0.3046394137353411,0.09036371039023638,0.003856709106310905,0.025268748156464755
1306,0.0005068755433135302,0.0013009145958705276,0.0904986366548346,7.391335171533358e-05,0.00020437232798137337,0.007590363833770609,0.008161664591869316,0.11883645874740002,0.03476368838200043,0.004371642325125841,0.031551596297410014,0.00018140269792382924,0.00807142819119784,3.733199892006755e-05,0.00027966886404748266
1307,0.007728514395248333,0.0017367009180757505,0.23970091164663598,0.00020855651923198777,0.0005977383753617819,0.002159652636808353,0.030922923351609753,0.3463788752538269,0.4498831241391859,0.03548602149830917,0.4352818071269938,0.0016793868375918736,0.005607981511467095,0.0004820032685145865,0.005689924305848461
1308,0.002971618293099939,0.005065877037318622,0.035339186941232344,0.0033180322559466686,0.030942239867151083,0.3218301024251109,0.01719291408569837,0.06499840056380816,0.18793456387929128,0.0329778055089983,0.09991149537160304,0.008960298328197207,0.34536136554611446,0.003199119948994092,7.642847365211229e-05
1309,0.008697449073751745,0.0015521980771845488,0.046607503259275616,0.0047308296011262865,2.8654893619000365e-05,0.43662631945369673,0.007477817943877581,0.027087545839040186,0.12324529351925192,0.029078840241915288,0.042810141851551575,2.7665249574032488e-05,0.4686723086129095,0.006095196243935402,0.00013030454660730432
1310,2.0884578806794607e-06,0.0037599525464387337,0.07103143604482072,0.00250365086227815,0.00029343678812369527,0.21736276051842876,0.0003995799298642796,0.0028469861869563143,0.0035122922237592214,0.0033109738108218676,0.0018295310086842188,0.0709746702625467,0.2412601223591362,0.004000014296580946,1.7532409212179943e-07
1311,0.004297485910697246,0.007964350705979858,1.862672582044227,0.00011662169512890434,0.004507068250163378,0.047517657020004066,0.0012678556780190654,4.123129570079911,0.26551088798077643,0.02731069941625181,0.15330348656723836,0.1782660533016982,0.034521709447271995,0.017344474650029633,0.023374181700966133
1312,0.003285333258659345,0.00038095116363048756,0.008717219446640176,0.0047274138211764235,0.0003693768419557203,0.37387457756300685,0.01991052936849365,0.020602797221124552,0.057424217662135846,5.081374515412803e-05,0.14738751603551759,0.025533921002377658,0.41489525879309497,0.007939507325343334,0.00047975992703160064
1313,0.00040798044856205085,0.0018594781201726723,6.163418747659347e-05,0.0013171488900113625,0.0002894463551890346,0.15491463226603616,0.038606932666650065,0.014868751208609508,0.3927287210478464,0.048675884058013985,0.2950496165388409,0.019039633462170014,0.15892489411288885,0.0018361360616915756,0.0002516736957040923
1314,0.014909589229020819,4.070954536845623e-05,0.001664920409623425,0.0005416514367040328,0.009419403254257913,0.03792469457481906,0.0098344736984733,0.019910613691744943,0.04276156507705384,0.0014230523421039703,0.06653711905107794,0.02166912384893946,0.04231898886397362,0.0013258197415552317,8.341808312249758e-05
1315,0.005318279208702722,0.00014716681475592048,0.07601075496791798,0.005930993499534468,8.290411771586467e-06,0.5497930684919158,0.015416369040178582,0.08826741583006988,0.19519158678005472,0.04194292997464,0.08105653852496873,0.0036806816599046846,0.5915979011929012,0.0066486560430313625,0.0002805173021266212
1316,0.0070975870095058785,0.00196665799686055,0.03228270868390935,0.0011190326775776872,0.01315757685712503,0.0911040698682097,0.005179343671706939,0.24530250982086493,0.019464763091252793,0.004949820108081893,0.00840566185428496,0.08450524924108854,0.10365249346139935,0.0002592018724304019,0.0008461779996681818
1317,0.0019793452456837793,0.010107973355044883,0.03140423754168627,2.726313833177211e-05,0.02289637202942365,3.5496267641043544e-05,0.036827292605355555,0.005725712253912019,0.29179966287436804,0.02323527083848861,0.29759172262981043,0.05993326123103834,1.391521608641946e-05,8.208314330019744e-05,0.0007557896039739017
1318,8.304253507583363e-06,0.0013800446537309084,0.012614131917709534,0.0016760542639988893,8.657637909498429e-05,0.1422541396708997,0.0002581137976271695,0.031529434470615084,0.006450058475780928,0.0031212425598087096,4.242927725577396e-05,0.09529433773603131,0.16019827667463016,0.0015658439844997492,0.00012920301412380902
1319,0.005690897833173064,0.0002480746603062698,0.2514334412995597,0.0019764331712578548,0.009845259366509993,0.13785592478172104,0.00024513109028679095,0.6929881946650243,0.011749739742977437,2.453423251448489e-05,0.02532235731632282,0.07699674903257583,0.16502102620682102,1.9499723037176763e-05,0.004527076845759986
1320,0.004828041160370606,0.0014347637556539315,0.1582809296994085,0.00028937114563963974,0.019966790309980432,0.03494593583395135,0.00018447238322701057,0.21375706010136794,0.016710614165275854,0.0025545518342235886,0.005351245453998973,3.3968893270467215e-05,0.035500136059891045,0.001948373892463224,0.0011671635782635418
1321,0.001719623926671305,0.0007123271571327067,0.29430536815515873,0.005269019308309891,8.133996280175432e-06,0.2854568426690805,0.09496654951809394,0.6734338922250394,1.0314706298583542,0.05888626997092516,1.2154875236034055,0.05999698102298251,0.3621951022506317,0.0010284469742570755,0.013795461911540121
1322,0.00047024872789088064,0.0030349509954917626,1.1272231045698158,0.00026365814878736335,0.0002629806239189164,0.0003361249167849318,0.06419859864640204,2.18132250693573,1.3482589253017132,0.11235664439188167,1.2143399276158968,0.06486029131505475,0.0011125829942411735,0.005438711088000544,0.024304642350958597
1323,0.0007823812465451763,0.0011894156257882427,0.004881032915471726,8.54903205223091e-06,4.8504033892266254e-05,6.387395711735268e-05,0.005106082026897603,0.0011321240203947464,0.03910940506820624,0.0034160997309108307,0.03979431623031048,0.001738489225414484,0.00020751866793278792,1.0643287595795846e-05,4.7761989637648243e-05
1324,0.00020825366721898803,0.00023540444723610724,1.292399544606475,0.0029460418699339985,0.017271009016019395,0.44985118068736735,0.015011833087437632,3.6554584978579694,1.0823746705145871,0.13295593044027068,0.6681238833567797,0.2511032210979771,0.41801639309381905,0.03233687298040248,0.02478479851175435
1325,0.0016538230978523569,0.00011250434914791227,0.1802586864910093,0.001324822281842389,0.00122086262989746,0.16050407991945687,0.0009286435775068189,0.607097656246615,0.15611234209157634,0.023640990609867903,0.07567653375633279,0.053078259425202515,0.15780805486337757,0.008247470962415708,0.0034476401235592736
1326,0.0204530565926681,0.010894935656536821,0.8439843352407373,0.0005247437159540158,0.09262019015993524,0.0011267453750451151,0.07642224309289801,2.0879958791148954,1.4480239023066872,0.11649292079049932,1.3384788140950739,0.1395627710326458,0.00794949071162259,0.0034257161860114767,0.02390732066071714
1327,0.00101312038633741,0.008332979932618554,0.020388886455650325,2.3040186389055574e-05,0.022416609065303184,1.05206919533897e-07,0.0012624448561350582,0.697062240690967,0.016262845738436105,0.0017436387350195151,0.008191026157328545,0.3619435298951326,0.00044891403751731046,0.0016481940241586137,0.002633885791500614
1328,0.0012145316889926668,0.00165129214031499,0.0237801737180991,0.002148616680832873,0.0038837369413673366,0.2082097939245292,0.00042849072722291775,0.1801933481254346,0.024758358439336343,0.008325164005980537,0.0014391526220793702,0.03194776128679446,0.2181220965874405,0.0064727229046243635,0.00046472423171217334
1329,0.000335486086147844,0.0006953794118559932,0.08330116706880723,0.00044070676423817255,0.0005292241123599215,0.023145207512435196,0.033026054141481374,0.03274188506042798,0.2002595506285823,0.0146556996108467,0.23392770463056572,0.021157223003297775,0.029908750112473643,0.0008709937525732933,0.00011409221101600242
1330,0.0009152189019329056,0.008267807819136271,0.063330616988221,0.0025125467602140203,0.023763742579661948,0.1841088404123352,0.014855533034155344,0.010955745428179344,0.08701784077217098,0.0017710397867976735,0.1508109351635823,0.013124927684787008,0.2100721843256576,0.0024584555462267127,0.0013076976097558452
1331,0.0008283717486112602,3.138190102480653e-05,0.5490942997272749,0.0017840036864603663,0.001603899609761647,0.058981211167770026,0.11164709956568963,0.6521288901406508,1.3265352746464862,0.09364182927080186,1.3872184347062442,2.562525159280111e-05,0.0875015541805849,1.2608748250596125e-05,0.014679858003054653
1332,1.4862648612055895e-07,0.001546599147432025,0.038867039778542306,0.000306515900708736,7.554500952492598e-05,0.04423891767946,0.010804543109625673,0.050234413767291944,0.17090544388614592,0.01956143500162488,0.12826365695658395,0.00030102208070129365,0.04277042682903186,0.0014216782557357503,0.0009873945876107118
1333,0.0026848480413488585,0.0004394035211986967,0.030198255209203776,0.0006524368841714886,4.476613793644136e-05,0.06146557360211924,0.006437779433645289,0.26710401029789343,0.001282129318723137,0.00024254418732326375,0.012717112849977332,0.06857353707879463,0.06320052264208988,0.0035679685802180476,0.0004781437896621307
1334,0.004278833400044892,1.0999257895594334e-05,0.15647303940043977,0.0003087740572174781,0.0006447928075109956,0.05170384237033482,0.02307349551427868,0.07963669177295996,0.3302182911905091,0.034395042936508566,0.2661367555195765,0.027490398752112295,0.049171194779793405,0.0017832175202711314,0.0021671456693502364
1335,3.461566519601917e-05,0.0015652963702388154,0.016924480806131455,0.00033245813066011266,9.317242948393429e-05,0.04290859788496485,0.013778503046486819,2.6414609089001835e-05,0.15264758995123698,0.01741225258133585,0.1194083497396858,0.0210987241025206,0.04346398492750624,0.0006708210615776523,0.0003213171018820965
1336,1.6413565516851758e-05,0.0013996357843065375,0.0434128077789775,0.0004697026664392936,4.926940743248846e-06,0.052522078745192165,0.0010716519571333375,0.06073070199792025,0.04635174261791823,0.006972811221902087,0.024174987862485155,0.00012963980980648331,0.05379526973210438,0.0017494877687698218,0.0004987586877795112
1337,5.714854633027907e-05,0.00195743614378132,0.25714644326153485,4.704270800856242e-06,1.1222698025332246e-06,0.008486643554335862,0.058790342816876326,0.36424843074762836,0.8093205865372942,0.07187858088049966,0.7342540939440004,0.0005587178434461693,0.004148999938973231,0.0015506761343278917,0.007190558640571889
1338,0.0006361271363145344,0.0036168967522284194,0.06748481596443374,0.004734195164018014,0.018545140667068048,0.37384461163248467,0.009861143868434955,0.010488429277944418,0.03542137880209319,5.4458155808714996e-05,0.10426442680739713,0.011450434217848861,0.4181100852801314,0.005443378976521286,0.0012442354762040846
1339,0.0006058668630678703,0.0007376699631172732,0.12358282523096895,0.000555944373626169,5.93540265417333e-07,0.09360941703101744,0.02754502215627419,0.286180887731764,0.4941636616016328,0.05478700002898476,0.37640449218417904,0.009323419432110007,0.08630601017702413,0.004256188261698817,0.0039337205603255185
1340,2.0900242380638184e-05,0.003160955690863092,0.06947508431412018,0.004066212872843042,0.011706595320596385,0.36521090642360393,0.009440306291576599,0.15712098156236054,0.0921367850056379,0.021940021481743392,0.03354507323049669,0.022153561884712923,0.3997070763280905,0.0031520280359877704,0.0006253314044742344
1341,4.2280845046479577e-10,0.0012179001734065199,0.014824839185424106,0.0006044172851182782,0.0001167127172540422,0.05343987793734023,0.000208708777657044,0.006215326952387589,0.0009446617392715812,0.0008855966144523967,0.00051076854443243,0.005607064747068951,0.058574831694887315,0.00117345876144506,6.992416230101897e-06
1342,0.004080998056682304,0.018080866184092846,5.929941384693319e-05,0.00025430650849939845,0.04872934546642504,0.04089201327082911,0.037719507085702916,0.02177216806653941,0.3229774911920048,0.033101965899500096,0.28164617948935733,0.025140078378054508,0.04038416067236813,0.00014504223704453123,0.000280478644835712
1343,8.994191923597827e-05,0.0023052002649951364,0.0020631305739244213,0.00425617242263417,4.080177918707725e-05,0.34671273740482633,0.004306128772421741,0.003278682990650575,0.006301792634117362,0.0011873866681020933,0.04353935059104164,0.004178455539912328,0.38637131125850943,0.005629157500170946,0.0004915746974028678
1344,0.00010594185466106647,0.001639775579018004,0.004751907841535452,0.0013374571001655876,1.1156823654921247e-06,0.11791788726553754,0.0005445558122942883,0.013614503149100097,0.01221930716093197,0.004359552497911082,0.0014459890830165602,0.004736589734201331,0.12919542364453504,0.0015101458065688565,0.0001024504851689454
1345,0.0014091217348590342,0.002973818749131801,0.07222460682289264,0.003536682310859919,8.49770149554427e-05,0.41479674175795883,0.03245420799518591,0.2340190775424436,0.6463926000292775,0.08880719819290606,0.40929080177681504,0.010132755910940473,0.4172785962659396,0.0115041937788884,0.003044890598222816
1346,8.034868637943846e-06,0.001571220153280937,0.40128971991144746,1.210459806232622e-06,7.505207280719944e-06,0.009556691145870223,0.017113050464962636,0.5632545625946169,0.3788308714392543,0.03390245006784338,0.32195125076790754,0.0006871423010295617,0.005909577128632986,0.002338788151568917,0.006482361551323352
1347,0.004347697344057011,0.0026849593012901406,0.07246646462244093,1.7546626105378691e-06,0.019659867955604513,0.0021892437718831707,0.010410759134442655,0.16399619281728814,0.1769308218958983,0.01553202778064626,0.15641651915732638,0.007628844747896144,0.0010317529775671363,0.0004955290814205333,0.002160413327700189
1348,0.0018482560801449642,0.011096298391541656,0.09300179811966248,0.00011902548603111,0.026441706767153347,0.0012874985569408916,0.01996356821108307,0.11604581668535473,0.2493751368895453,0.019052089076836157,0.24644438908950972,6.162750396269479e-06,0.0029996906703598043,5.0728509265249315e-05,0.002508515731294774
1349,0.004196217386628526,0.004052666703616695,0.0934840644152767,0.0005691750263301563,0.006800206624097125,0.08231735760157505,0.013281583345547417,0.21135818323413869,0.28136776444547124,0.03343393951300267,0.20058061141125694,0.005938135947093852,0.07808424838837562,0.0037577407716218422,0.0024635258755407842
1350,0.0006933788152891678,0.0030693521758014338,0.00291857055381948,0.003215137192188232,0.006014060614472473,0.3340142765708893,0.06105364883831631,0.21441931396517758,0.5169862724007337,0.06887452748804958,0.3724689774375097,0.17177512531565622,0.3570922543025894,0.00226394603818045,3.7824255224791484e-06
1351,3.334329054250025e-07,0.002121462565099734,0.02243687477561997,0.0005635465452807232,4.3439418009119765e-05,0.08571861615757431,0.040966814409610315,0.015897871904409857,0.47889492971940945,0.052687256459425194,0.3863434394071087,0.0041568044570230315,0.08245287564094207,0.0018105706740238507,0.0014087306714877018
1352,0.0008322522019131442,0.002855799061783491,0.15966839528426247,0.0022226676570803725,0.022138970220602985,0.26455033910456677,0.026576199384930704,0.10582583223745773,0.461588121676413,0.0586843311336047,0.30870870150501856,0.025767202277123608,0.270483316738363,0.006091740566321534,0.0022301122595322796
1353,0.003041672702231389,0.0031044351954078618,0.0863508223287551,0.009936754483353485,0.030376886615528488,0.7141683143443127,0.06693213814327222,0.05288245962437521,0.4095342504894996,0.010724230017828601,0.6721406036773326,4.238142468128196e-06,0.824207608223444,0.009684962835196393,0.005019506579412062
1354,0.004109698909283074,0.002073037495636979,0.15171815461098676,0.001023392373181369,0.010053388017048123,0.08632727132863856,0.014085885362923172,0.41580980757613695,0.05376954017418045,0.00989251143626986,0.03576873229340793,0.04508366020911955,0.09687256486795409,5.274081024176569e-05,0.0013287667534060664
1355,6.166922852924317e-05,0.00010046620722657667,0.08484873925021505,5.932638579023229e-05,4.290353282689619e-06,0.0029527040690776633,0.024897263672504402,0.22875453115723293,0.09953277757120942,0.00781537545269718,0.11879768634678457,0.01630834977834513,0.0034770557193494977,0.001065896196360702,0.00017426361165493424
1356,0.0007070803314731306,0.0018273362294887426,0.7726696419980347,0.0014657316827351961,3.135591706313056e-07,0.06708734581081963,0.010149879787586467,1.2021968045909328,0.2989716511134577,0.01627030033724603,0.3205523102253446,0.015322739229641225,0.09033328598963004,0.0003655041591871338,0.01177495546553274
1357,0.0005450168635332928,0.0016692648654718016,0.17934518642439745,0.004264597577033037,0.0077817501016989536,0.2722198880195817,0.03457802309443838,0.3171877557924353,0.34792298328218607,0.014412991787871709,0.4686928353886168,0.017487074244850787,0.3277463396049789,0.0016210263644481494,0.006411466914505445
1358,0.004787155225969298,0.028815688427947884,0.28170858078635735,0.0002234431138660298,0.03245456631839555,0.0594739393196663,0.021290092660458868,0.9138321118730377,0.5643796106865727,0.05999267520413607,0.4317686439829393,0.08977156233843725,0.047908726954186236,0.006827397152735187,0.008391125791975904
1359,0.00046569762850812694,0.0009323331623970704,0.1197223495724833,2.3725798225433157e-05,0.0018220452438734208,0.019871357768417322,0.05846189092468229,0.11582696406800612,0.695387995246318,0.06448573403537315,0.6249858277233049,0.003005237791137879,0.014786525363012554,0.0010115166460800242,0.004037298849032484
1360,0.00422316816660599,0.030197917579787376,0.040592786069205765,0.0007824916815526219,0.07935029411458151,0.09827990228921547,0.011661147121570497,0.05352432019651845,0.19874667979567837,0.02435013731282928,0.13641757734999857,0.0007212956024527174,0.09944250947777866,0.0020528268724950027,0.000971920014268147
1361,0.004283672342226456,0.00015929902513915964,0.2525311295590046,0.0050237784521564,0.0011431623825949669,0.45258142766768783,0.02216801257970176,0.7053123539450895,0.002819317910927037,0.0022856746017184872,0.054862675196967664,0.0314345182668744,0.4839875959186254,0.01718439768867429,0.001175471687064375
1362,0.001239581473820034,0.0006831343123354142,0.29793300102995235,6.099099732776451e-06,0.0001828575938619117,7.487270731818469e-07,0.07122351772134798,0.8823806869734646,0.26739844933948803,0.023524009525482902,0.3040252210896361,0.08300255056036873,1.533422323002964e-06,0.0024662529790078587,0.0010940710311411002
1363,0.0014036631210147914,0.0008165355310068629,0.044260979499717,0.001233538302504198,9.415803590893907e-05,0.08211336277768619,0.013553475220494814,0.013910735813988473,0.09712361741824083,0.003611413535985334,0.1390023850811476,0.005800778669651827,0.09573557321354337,0.0011019330958263586,0.0011122233905129348
1364,0.00011698695626716579,0.002684490968758786,0.0829306563535154,0.0006150948723276016,5.485228534486131e-08,0.09796292660283787,0.0037045621592349787,0.8970920749494281,0.26192951926811514,0.034080980825942346,0.1601233440324688,0.2776584157398494,0.08721436936173224,0.007947558353362274,0.005178245482517656
1365,0.001716074136122896,0.00902840353707197,0.05691219736243737,0.006482316285777685,0.006323940741057609,0.5780647057602718,0.01880167959436301,0.3225380044728357,0.16755672919551473,0.03764849005388708,0.06824052842011614,0.11653894062783086,0.6352374019121785,0.0050496803297094385,0.0009932084658448926
1366,1.9127801370270007e-05,0.0010853344112975495,0.004863985652504203,0.00023426264580839304,0.0013817482544984702,0.00531273501744483,0.05531879371633183,0.00031930909743169063,0.4458210565373094,0.03629073632120989,0.4646173004864913,0.004117728016028231,0.009316875333832249,0.00013510946686332175,0.00108758922843603
1367,0.0011218482024051464,3.9736264140012956e-05,0.013621030071276175,0.004336638035205603,0.0005393012045786282,0.4147217665991957,0.007079740340383383,2.4728544241008893e-05,0.14823794400937032,0.03167370152049509,0.056980376392747945,0.002480836504281817,0.44068248797909365,0.006946843424430019,8.609072579052606e-07
1368,0.007377593308491384,0.006203184614584358,0.06630946228654355,6.498220034786035e-05,0.022351046916955154,0.0007430146153429675,0.003998296440207161,0.2436953384818231,0.10229976481115721,0.008608986593187448,0.0929438070826718,0.03486887567228959,0.002168992653614756,0.0005817926772789232,0.002224622008486409
1369,0.0008567694848728858,0.002662368782851781,0.14546979694526374,0.007017139616124709,0.00042179612616864703,0.6034291632083503,0.00297953918893602,0.172984421416065,0.045209174799071425,0.020203944472969637,0.0026857932017373674,0.004209834994728772,0.6626912216064451,0.006621189250918555,0.001406952113187756
1370,3.147136672829933e-05,0.003443243909821079,0.0035134640430178193,6.901675543391055e-05,0.0035295562616899467,0.012462651967964903,0.0322119212458289,0.10995707243327736,0.20804784749059338,0.020072475602788943,0.1984654594656735,0.06058825348506317,0.012488451532968053,3.069864392654805e-05,6.247329262999765e-06
1371,0.0012157606179252656,1.0452409620020691e-07,0.2788437920569805,0.002614389511728215,8.500813918793317e-06,0.2271023208207882,0.0063613225729019065,0.19892451326227986,0.044793294453502434,0.01332528156002171,0.013634829823227812,0.007312228489463315,0.24699019906723943,0.0016420765172077024,0.0012331353941454329
1372,0.00255473970136823,0.011132578517739754,0.2847508283548109,0.0012990946948912574,0.03003874793606247,0.06688578709859984,2.5028863685441882e-05,1.5126074569927765,0.0736106706053356,0.002922906892786972,0.07833457627897528,0.3456651917788997,0.09039004973239094,0.0006263859040339524,0.008732351778721285
1373,0.013652767273425386,0.013571678268238897,0.0032864922807178173,0.003437320045331394,0.037429630348350104,0.2712795842611662,0.0019649442111426135,0.03847065434486956,0.004621326685853369,0.0010455495817384434,0.03132232214322742,0.028517556049387934,0.3049297084310555,0.0039501966513312515,0.0007420336124737671
1374,7.776221340818624e-05,0.003505085412820263,0.7061716329741152,0.003663492839530089,0.005238856392664194,0.20636351761324762,0.03319261958338841,0.8847371414929989,0.4898500861630262,0.023570817098244413,0.5910007755093533,0.0019361070517944653,0.25723266098255004,0.00018622992958100939,0.012610386381160682
1375,0.000571358838939423,0.005194349419457293,0.10646408994339651,0.005139885841912075,0.014383639377229206,0.43549431183762477,0.01521266552804284,0.14549318714129875,0.012287448314736198,0.00075164804287626,0.0725720111308583,0.00294264161457952,0.479969730566373,0.010782425386498592,2.3965450223522497e-05
1376,6.820589710814859e-05,0.0010387891754786637,0.03758954899615776,0.0009363363954780163,2.1274755668569026e-05,0.08546541828461707,0.006972012553897095,0.10596395262571043,0.047021675779034176,0.008605678885361321,0.02665241855619048,0.015426618120455102,0.0935703936324224,0.0004498768181643253,0.0002810117211196055
1377,0.0006418727037748745,0.0036671883568332045,0.007522165404014527,0.004439826108608498,2.230005370830397e-05,0.46994422986107953,0.0007145265294471657,0.6231502864075064,0.20129012256438225,0.04205416284367494,0.0666027201839273,0.30333587810412194,0.4749240098215631,0.017086348109250596,0.0022373340208752075
1378,0.003346258686429418,0.004668088053115783,0.31561710269417415,0.0039195793616291245,0.020128836003975956,0.24126723368298963,0.028076590519526462,0.5633076471593201,0.35545693909485665,0.015519545851985648,0.4585992101911663,0.024896621068099065,0.2950911378639405,0.0006546416835348441,0.008482284698030888
1379,0.0010552989937623728,0.00017486968004647757,0.006713671879406176,0.007051588008566912,0.011065746973160909,0.5622101717733335,0.004025729939838713,0.09581140109206435,0.011988708840952666,0.0011766805676458045,0.06722932907685696,0.18883946901182014,0.6407828211211921,0.00636593104442645,0.001382344878878024
1380,0.00019846404614596124,0.0009455942944354411,0.018124813936114658,0.0025888476722559866,0.00012896511588940954,0.1896686937595506,0.014251527639591439,0.00814635091685796,0.07817599987560518,0.0014039466878512507,0.14005207721326696,0.00010192189972989798,0.21673165626406912,0.002940602361820837,0.0010397353927444721
1381,0.0014865222187700282,0.004043613692894167,0.3580709045115598,0.005981834893194456,0.00019798586982697756,0.6908167227484349,0.018909440091954617,0.9781222591054642,0.7426648565563801,0.10964734523509766,0.4062899568079655,0.0407851805580943,0.695275448181013,0.024619288498920738,0.007437586072379838
1382,0.0020451856832942672,0.0001843764560420898,0.13695564635387697,0.0009308036466340849,0.0015542053054269644,0.16577260430510432,0.05901100965013555,0.5283749380823497,1.0069534197150327,0.11116644280993118,0.778047840225592,0.05767615360381646,0.14986097371231613,0.0075787251472368864,0.00729864053595907
1383,8.122028426971692e-06,0.0012923882047347732,0.11463838157905398,0.0017046274753505447,0.0003155910620806924,0.13802966430115024,0.00789284987514399,0.45729272837053914,0.022996287963061766,0.006538345094146352,0.008982700214814019,0.0900184616398193,0.15781159791167648,0.00019418835664795583,0.0018265137506174095
1384,0.0051901227120253225,0.00017027922050086202,0.03168782229979131,0.0026921999471552086,0.015233398688276292,0.22935501533323058,0.00016405413844895292,0.053017858077934014,0.0057035515124552435,0.00469887097830634,0.0005163527670068914,0.005617402353006196,0.25445956806460457,0.002343668576364736,0.000540300590821207
1385,0.00038384779138982687,0.000781620381199972,0.5471860245620577,0.002534146408857611,0.0013180608884611675,0.1644295261331929,0.006550318598290181,0.45715493716227645,0.11464986970738672,0.0025373900221898333,0.16748466290009653,0.009570370526703178,0.19379175280653918,0.0004912172780107168,0.0060022190933634615
1386,0.01496896689847674,0.023281013343982512,0.01837324033609134,3.5293075156389653e-06,0.07207942643616162,3.222616681150789e-05,0.00023013710641457964,0.0930950263197936,0.0018501916114656571,0.0004748200438153422,0.0006250162916805124,0.16861010390905606,0.0003340573007529728,0.0004842642458300682,0.00020299598264167824
1387,0.018333469495801995,0.015984294833841825,0.1261479765005758,0.0005624145507174131,0.053537356080925434,0.05342298660490756,0.0004279448078092672,0.09295912083951713,0.0063213864331929815,0.0019557986116927285,0.0003159820454761264,0.011288639151384332,0.056512049124498163,0.00252051009519725,0.000464583920936032
1388,0.0030444870731172963,0.0005059748117991396,0.08108441633213906,0.0037329493882534022,0.0006755207321391522,0.2909296044473815,0.039656651261956735,0.18569313820364702,0.11833736389584121,0.0025089182669073003,0.22936130801404736,0.0018719879998946017,0.3254546369203947,0.00876253986406492,6.2110852878099924e-06
1389,0.00024378289877504425,0.0014931276332402408,0.24606560890611412,0.00016493331524475933,1.2790252431456183e-07,0.0013876672916335118,0.020529825175127234,0.3847777811265325,0.3430872208943716,0.02685738385903058,0.32674187826976864,0.003773554830806374,0.0039861935214930665,0.0005915371331531893,0.00528060026180881
1390,0.031038707916584553,0.026531887584498825,0.007912951726774647,0.003046897406333042,0.08638024574165121,0.226701321756869,0.032949382990736825,0.07608107468857424,0.11978120778767774,0.002148823097166156,0.21953149875366582,0.0830186191914232,0.2503809797939041,0.0073243396088713076,0.00030592420916172473
1391,6.133155342767268e-06,0.0020637824580934526,0.0009994509233557031,0.0009849986717211689,1.7049431949075045e-05,0.1204086752654293,0.015427703839589775,0.04680417506269514,0.24986783658962133,0.03315169762409358,0.16916960649470128,0.016547150679734897,0.11930527921947014,0.0030927500383572653,0.0008016250058588298
1392,4.197017046031804e-06,0.00042210920709801413,0.2893474032168792,0.004990185577641115,0.0021237324232940783,0.36389698813260735,0.0004199206448257338,0.724413789779339,0.028194889626535602,0.0001330095444773005,0.07309762864555164,0.0787547298725407,0.4239859644381661,0.0012684845798504086,0.006038535197103059
1393,0.0005695565242266562,0.004048326734034015,0.05151826073864473,0.0017660735405268682,2.2144581142249788e-05,0.24654759544525476,0.015279254491014605,0.9721523342840002,0.5569282404528723,0.07459217203395083,0.3482186415601531,0.3665809182611949,0.2298687178089155,0.013229553965984344,0.006381939347437963
1394,0.0045357775956223435,0.02697382927282875,0.048273902065814646,0.00011611233883991106,0.05797086217641492,0.0008069941572265623,0.04649675759192848,0.004951225058415537,0.411861043529083,0.0318647528312698,0.42106751750152727,0.023638692279860384,0.002053765919640334,6.704161641115206e-05,0.0017422383552144764
1395,0.0029726348378747544,0.0006083135081301102,0.018452972451337077,0.0003640562815755113,0.003000007666300761,0.03439731424158822,0.0013548168811715955,0.0633908288089031,6.868540651771557e-06,0.0003151729589515417,0.0023121374098947303,0.004826782618375148,0.03650867093283942,0.0012979419877808171,0.00012770256102735908
1396,1.5221493598846824e-05,0.0020503440497234835,0.016013280831630304,0.001969784011425855,9.93933620770497e-05,0.15338091888459443,0.018141027964552383,0.05640672003403755,0.05881017135922329,0.0007547154490360017,0.11774209197584708,0.0894522437885302,0.16840103929387096,0.0043328563693175405,0.00016412308235344835
1397,0.0029578690959753667,0.0006373202196060055,0.09520870567235655,0.0012761306951150125,0.0001364832176504135,0.10241936765319566,0.020272928609241365,0.20933858184620327,0.0475885962073541,0.0011969118200140033,0.09326816415749017,0.0043035242123390625,0.11296065384206208,0.004350376652998459,0.00012186946327550705
1398,0.005348992199929749,0.01297463321048633,0.2980200416089045,0.0006951320342484375,0.03450745239617601,0.03702230426629222,0.007869147798084472,0.24474364538200996,0.12951321801023596,0.006785657896940095,0.1494204212234157,0.007260404436759013,0.04691637333410203,3.2363551792117394e-06,0.0035768046932101237
1399,0.00394778405729749,0.00025227102947741165,0.029869510749193667,0.0005877529014138539,0.008232142956139317,0.08908574050051549,0.02763110867194332,0.07950547086943312,0.396312228295745,0.04481377017444378,0.30420437138937456,0.0025231648411386293,0.08519951334889608,0.0024562208475173014,0.0018131120425681365
1400,6.474657879412793e-05,0.0013414134271702881,0.12391782946594655,0.001150463660074932,0.0006731060159355037,0.07039417727243569,0.002083986240857107,0.3763725688199853,0.061297319605472196,0.0020694436285538555,0.08015197033330139,0.04902514193515329,0.087186502291546,2.3313129946405438e-05,0.0033072282023511855
1401,1.7901584012098946e-06,0.0010741568986846618,0.07294868930724792,0.0016771560906340595,9.211279150503252e-05,0.14233025937182917,0.005929923408066847,0.23389879595128013,0.029627255205767516,0.007734099702873888,0.011219917026485088,0.038978749401517694,0.15924398250149208,0.0006001643015357952,0.0009419161677160726
1402,0.006277054244039823,0.01650912551571112,0.016114488198081058,0.00021928070166997364,0.04689386793636957,0.02126037134018501,0.004310998557548819,0.06470521835743165,0.022371233022072178,0.003075419070278992,0.016450334216595197,0.01313980959128913,0.023753394335480585,7.450019182291869e-07,0.00013033758401778277
1403,0.0017143415040339997,0.007765850641906535,0.04329246754434323,0.0011966573050509013,0.009569528761004843,0.13847890875107022,0.005349972902106276,0.15083400811698072,0.1625784279513368,0.023474162797694795,0.09300614266411679,0.010321833354271564,0.1394782269461638,0.004315471193274692,0.0012574827254348924
1404,0.005687130929401264,9.191943186022121e-05,0.11199664246024466,0.01039119597331424,6.0077128365746534e-05,0.760346668287036,0.08885474427607647,0.008188288891577154,0.4321926864731479,0.00986597510596509,0.7407638462998769,0.10707422932404113,0.8594378597845528,0.015182334682843364,0.003302348871790742
1405,0.0010130098463123462,2.790639608729159e-05,0.0741160301752202,0.001135947120203049,0.00017359782211394604,0.1302700439544565,0.0034435546975217154,0.17794889354537094,0.13620347765585586,0.02013622116901305,0.07414425211800373,0.0046771349396686375,0.13149814948661104,0.004567906995954602,0.001375988762280636
1406,4.60305517068614e-05,0.0009423220796380473,0.1051459715905185,0.0007802823164146007,0.0003161842110267887,0.06287989702699767,0.00807427912280028,0.3730381253934841,0.021472646796345172,0.004624974094361372,0.012931669568379848,0.05949728080565632,0.07242739416611578,2.2470263140099317e-06,0.0013310267739666162
1407,1.4067579886382427e-05,0.001145485705958659,1.0556285686890519,0.005220329402384746,0.0008275293452250432,0.381470911541785,0.017110941441747712,2.5076705409748516,0.0053469637055227875,0.007613336002514045,5.1762821578859574e-05,0.19613345876651056,0.44795787793120007,1.2047639928728833e-06,0.012892996853423586
1408,0.004085268703263828,0.00020877636991862325,0.25815239068089046,0.0005747255925354787,0.004873575139625299,0.019591824461770067,0.00708488825752855,0.813076895278076,0.21888074171003757,0.014695355120324731,0.21534832523456485,0.09610205909347957,0.030333134099233664,0.0006066115353823157,0.006976631439872893
1409,0.0023448853333634108,0.0006983334650235775,0.005585188000661791,0.0010103419515688026,9.46017902629252e-05,0.09231739051640346,2.3801781847009086e-05,0.01228628161860689,0.006863099892433887,0.0032288807817669393,6.793590809398958e-05,0.02071996852607719,0.09784349091305451,0.002108511409311058,3.958636650855386e-07
1410,0.00557566199915293,0.005479252204787047,0.12786267241282348,0.0009540898717292535,0.009322241242782381,0.1254932416045385,0.015653686776798004,0.194384426984543,0.32391586488100976,0.03982790204732072,0.2239064100230016,2.7536474247998065e-06,0.12273818921367924,0.004778434876765711,0.0025191946239899957
1411,7.11830287325643e-06,0.001045724197486831,0.9415261042218704,0.004041875136589225,0.001328280626410076,0.2624561757139481,0.0012265510513254487,2.2384517476814634,0.04224911580188135,2.445670575163618e-05,0.07018387201335766,0.17033889206631112,0.3195999352139179,5.2714662055998915e-05,0.014259836459192269
1412,0.0007523352089082158,0.00010293969690983916,0.06635969444647356,5.7962182219386415e-05,9.849338338579473e-05,0.01605358314321861,0.004615876694454861,1.369968472401571,0.024429562672220954,0.004269981076904868,0.005753212120801532,0.5990780033722689,0.010747763896175318,0.006041703334196351,0.004754183454670592
1413,0.007798056930578786,0.006762153272639315,0.5571047171480384,0.0009061306624839719,0.018167610948647234,0.01923738879171118,0.046798317892935905,1.577904243599788,0.9170269048605836,0.07094637088096156,0.8799661535584336,0.15197990930983798,0.037173239388782,0.0021073899900808926,0.017207708822188455
1414,0.00040944694277991034,0.002691467760439383,0.1270158513885457,0.000836106014208211,8.144383590440738e-05,0.14968974143360625,0.07315206456663836,0.2666389287232006,1.0432876742232033,0.11229263018202476,0.8354473940004205,0.004662141334048254,0.13707700404303796,0.0054812431379079206,0.005778555374725353
1415,0.0169497622341684,0.0028916804520852514,0.25243353762433707,2.7222454956892978e-05,0.023901696116596247,0.004419980405584243,0.010342881692904187,0.6674637934451315,0.0026210132183377456,7.359779149694445e-05,0.009479178400728148,0.04777021845075252,0.0034096354935632756,0.0029361501473265696,0.0022879141045951457
1416,0.02451700698136015,0.0004726503527822704,0.5267805701408493,0.00742011107843595,0.011334446634314366,0.4984429137927197,0.015292648650944759,0.9438776252054407,0.22956217328549186,0.004179318327369184,0.362877095486893,0.04412374246790072,0.5883352670578502,0.002314603149352416,0.011297032716741574
1417,5.033250744513874e-05,6.171058713359122e-05,1.0650487904765251,0.008597473218058305,0.0009255755413744235,0.6220041335488432,0.0002251372138959164,1.5331662875855627,0.04868004683727683,0.00044020381027860584,0.12582351914195755,0.02205443766128869,0.7207062160341551,0.0017503975719071778,0.013319574163716987
1418,0.0007516039475416382,0.0008196476357076706,0.032319092011261576,0.0034853705927737886,0.00012920130982211348,0.2902480066075806,0.00041485066707117307,0.021168712058518124,0.00029592219975541545,0.003607700516308048,0.0098686435863615,9.158838111443896e-06,0.3205066993447323,0.004111611447890787,0.0005542331304931102
1419,0.0033971121910466927,0.003041437037339221,0.0082539951126062,0.00019109736164476984,0.01136952607758961,0.02329998364750009,0.02905208592024252,0.17025744979993518,0.1753878303027646,0.01754012634468314,0.16363288650186483,0.22346266965393752,0.025506183605527064,1.9661270148887426e-06,1.1636065919573046e-06
1420,0.0030188184450768533,4.122001591239639e-06,0.40940531497590277,0.000227930581493477,0.009370890948244068,0.0364067606237708,2.661104883308712e-05,0.5302212242281398,0.06785467372680085,0.007650433936398898,0.03779155273797357,0.00012746888647705007,0.034559683261616146,0.0034127680471448896,0.003530936014571741
1421,0.0019816424766676507,0.0005855328545268366,9.127480242983078e-07,0.002940557879064238,0.00030650869356898175,0.22038784884992635,0.011938416969219642,0.0073303001908284066,0.0581757344961663,0.000677092481282152,0.11632112542897731,0.015230619702428871,0.2522465167046187,0.003333065486070572,0.0007748199204899588
1422,0.005389857698928917,0.0032249214582991434,0.050235269435047816,0.0002472609046850737,0.026593209557734372,0.030635537872175753,0.00044657088308845173,0.23675707964563497,0.012219731264316684,0.002284010261052112,0.0028056569732168458,0.03660654183716627,0.0299448171581161,0.0019547462533133562,0.0009462560169261389
1423,7.398907316290049e-05,0.0006830931931789026,0.07559911947949996,0.0010473402560767448,0.002542477828467289,0.10227332074409759,0.03365022809511108,0.4022503727753385,0.1833393007074033,0.024096815599127727,0.14577990634192586,0.10274400806896264,0.11240034098038765,4.594638692555707e-05,0.000573263717143682
1424,0.04093945153574889,0.03762116969227042,0.01243828047920691,0.00016191088615160248,0.175141155388073,0.022517715653140286,0.003357268733594706,0.009954163762209877,0.05039287330250327,0.005446305478506759,0.03637161231185929,0.001536692218440828,0.023267620115383907,0.000213114811936882,0.00023861641724908192
1425,0.0010424292106738758,0.0007005589834191097,0.09071234099244058,0.005675431298661469,0.0013856716350437613,0.5947235348183262,0.006233035792550286,0.3815094472864545,0.3277014486230867,0.05890694183799018,0.14054989109447413,0.030199808191349077,0.6139404508398124,0.01710842282054728,0.0022884622646862874
1426,0.02334206445692082,0.006315984161616087,0.3329887187600236,0.0024837681899530623,0.023662732447193618,0.2860268465370219,0.004660750639000767,0.6145889236001699,0.29116777526004795,0.043378695652760535,0.15245563861123584,0.004842170693318919,0.28685961513312186,0.012513879877735418,0.004404533759644691
1427,0.0004462948094659704,0.0009296641041974146,0.41804847375980864,0.0025977573144735015,0.00023582633187177682,0.14217201315266448,0.039228056967469796,0.42470550725333667,0.4639970697098467,0.024322013407089938,0.5531278357576961,0.0007471561394659333,0.17744124482537899,0.0003751279165888969,0.008228759653329839
1428,0.0030860863228845746,0.0002411135873039758,0.002220100706974156,0.00388815332528255,0.0006374513880560274,0.3254606808634672,0.02589619076933238,0.28296407410588215,0.039136782443355785,4.98828861767486e-06,0.12197387357879853,0.13662705448358303,0.35110565825445283,0.010750184604888602,1.3978281834672832e-05
1429,0.006887902670766985,0.007061908992281214,0.014479483397045918,1.0478168114778607e-06,0.025329443059841795,0.0001686326273892789,0.0020139464689305224,0.0324659975794448,0.03501897240163457,0.0033023556280898396,0.03100761490455774,0.0016160071691683142,2.5369667983792022e-05,0.00019067909957696201,0.0004307499324487343
1430,0.004551486680500674,0.00016770643419836723,0.008892010578869314,0.002824874296621244,1.5323217105639904e-06,0.2689501794302317,0.0009110576073810681,0.031518893527959495,0.0633270298100083,0.015461003363338562,0.016513651390129985,0.00016659608308268426,0.28589156390833126,0.005886197299210873,0.00012356344186431796
1431,4.208296451051829e-06,0.00032399968128993717,0.3718544714041128,0.002989120380810314,0.0007845929792987622,0.20442466156098443,0.0003013519079366374,0.7829867038851734,0.040462019035123316,0.00013189433341187316,0.0726952909345449,0.04993847604670264,0.24296403020843665,0.00021644803583973133,0.006249289180038465
1432,6.312528172216643e-06,0.002173202671512202,0.060771856300617405,0.0048996246492975125,0.0001618907501193043,0.36522994714061524,0.0031126832102733103,0.3097762862503225,0.035019089544399334,1.1411150374480962e-05,0.08950856642464708,0.09629375121647386,0.42264067202525146,0.002663033400032669,0.0032980398515950185
1433,0.0026007970012490132,0.004781181277534038,0.013763889810110848,0.0008792937383878213,0.008121534888697322,0.05990039349602487,0.04416893070866933,0.23050573367747484,0.18194349464222667,0.008504095651140428,0.25612261979027895,0.27121091977399686,0.06502149351785105,0.0038277354255588864,3.975545860742374e-05
1434,1.3244383416002676e-05,0.0008804210116999472,0.045796456890883304,1.6138921544516577e-08,0.000361655936736778,0.0002106164812940385,0.00023887425315962876,0.020427829787010902,0.007949159284244528,0.000602616077399987,0.006811034862100254,0.007815196287401656,0.0001590492142517581,7.67246936734338e-05,0.0002603765215790151
1435,0.008701311023272065,0.007087872355761736,0.010843075803753205,0.0030120595700442766,0.05223806518784566,0.27057022822709104,3.438302395198266e-05,0.0017695410413373646,0.010959691567394129,0.006605724247559212,0.0001922064445660552,0.007994829961510855,0.29354028899263274,0.00432800173758415,5.588961394997116e-05
1436,0.00011860003338325392,0.0021634817025757242,0.9675001770905658,0.00017398627024291954,0.00044499361029004997,1.0894862175977043e-05,0.007040815177585384,2.511959367587683,0.4778484931678531,0.03933932866013286,0.3971946243954436,0.1840490857213257,0.00156013324661662,0.006169309240399149,0.01853804780287388
1437,0.00016911823968983938,0.0018110208901796696,0.41150423778805584,0.005651458584178078,0.0005921526364118463,0.4315890605824853,0.0011180300204421479,0.8626113205486824,0.0003751811496184936,0.003914077100192474,0.017644119265396566,0.06267566483653396,0.4946121239725204,0.001598483577815808,0.006049040319777203
1438,0.0016470924160276916,0.002240967924033819,0.24597608660930634,0.0012109810096404808,0.00778045183981853,0.09433424962392742,0.02159547626117412,1.0568661293649622,0.04304826214343928,0.00797949775209123,0.032316894962876645,0.20237763228195044,0.11198957979980874,0.00023207225168639576,0.0035280743895242392
1439,0.005283799586132822,0.0017335499344373901,0.011132741724696705,0.0018012613597170977,0.007715328712336115,0.14498909064642,3.183173640710953e-05,0.07437253401716035,0.0006064329526593919,0.0020078600436810585,0.0024749497414826827,0.03061971852412235,0.16319164225676175,0.0014355877265465346,0.0005769403050185672
1440,0.0002029534712660835,0.0012662061188877193,0.16096092013521246,0.0013700252394974314,0.003688338429226013,0.11282968514555891,0.013480145671105873,0.5611162524053559,0.040830463326510816,0.008445616985876469,0.024334729743053094,0.08926773831226413,0.12921920585167737,1.4260195661143163e-05,0.001966035822640703
1441,0.000267359155946161,1.3903642488453675e-05,0.17654118777734149,3.9466688032785155e-07,0.00015592603562462166,0.003404820414145509,0.014358090198905441,0.19661755320508512,0.23843113483276968,0.020831901737764506,0.21194216441013902,0.0009141665592980891,0.0018692516141975868,0.0007771038066208455,0.0030139406150962132
1442,0.007091639405743162,0.004388043139626949,0.015001568156106381,0.010367608571034602,0.010797893676013918,0.8680435349091231,0.01007880865477821,0.002536588388546102,0.006099807754459691,0.004835500130419082,0.08392463437870093,0.0054749551867024765,0.957350102881521,0.01529711095762508,0.0007157003394293231
1443,0.0028862784477089,0.0004931492289839182,0.03782471963641416,0.006523904235546572,0.00028221537271733605,0.4529040373170239,0.05540490982206455,0.04070513352928883,0.3585107548052985,0.011667084719342514,0.5491477912945064,0.0029602348868327487,0.5270588190242979,0.0064498906123765486,0.0037233817209748952
1444,8.850319589477205e-05,0.002060068358129213,0.22963535442039573,0.005857271804436387,0.0003516478251169339,0.40994416897604113,0.01996328349204271,0.3092070964752536,0.18483764702754,0.003486150256178921,0.3065594894829939,0.006498407601092,0.4773432993937546,0.0033972212542959157,0.005752598868411963
1445,0.0009740082775503749,0.0013619189299584652,0.18297886174719707,0.005014968222312766,0.007673716673943975,0.5504080986531875,0.018592815725320972,0.28590581555578004,0.5046994378792821,0.07606185418027585,0.2763739848648401,0.0005877078167585383,0.5674768286925339,0.01446621222569666,0.0029491625517195875
1446,0.0005002457426365227,0.0019942195567632854,0.13164084626154893,9.16830424462507e-05,0.0013615281981148196,0.001141140647988846,0.01006396794922776,0.16598225170546194,0.16044515212359856,0.012164136672906427,0.15546906704924307,1.5897624537459296e-05,0.0026047901329452868,0.00019204591429762083,0.0024616004858327247
1447,0.0008052912643229471,0.0006328235685145587,0.006240865645454335,0.0002836980228793547,0.00010599734912440602,0.013538073782156216,0.0379137723681719,0.07916796606012072,0.216869623622963,0.015354100833440548,0.2525753390439571,0.02507227798722326,0.016854054324300385,0.0009884855195051593,0.00011078683505721459
1448,0.0025309686955526413,0.0017088540592226538,0.062031813385590696,0.0014619933064617355,0.01626185150873313,0.15125761089088424,0.014530999362976834,0.022559983135206487,0.15468315130719557,0.024182679785796263,0.09562507454058151,0.006102454701637199,0.15807820826099614,0.0016093548712721069,7.051174710070364e-06
1449,0.0024198110560778438,0.0027753295631048947,0.03411573602575439,0.00022000528798072917,0.016178771970242787,0.032106274951882674,0.01044021541537513,0.012728285464587239,0.1357162508680969,0.01465180482431054,0.10650280061851056,0.010393956725772709,0.03187432931410828,0.0006180314408976371,0.0005836186847269748
1450,0.021045091958634632,0.005740725716239608,0.4533854255319758,2.8212066006181932e-05,0.06733980483830061,0.013534208001168667,0.0038736431368050325,0.4723162997400346,0.1580509820630044,0.01372213846318172,0.12356029483136585,0.00552008837476442,0.011255204014726296,0.0017800107252936464,0.004485002873662138
1451,9.638987672533033e-06,0.0015186137063585156,0.22802378783677393,0.0027170084968505875,0.000469613049855245,0.1741497398963644,0.026394974582518733,0.13259753864723678,0.23717291534296248,0.009096029502400873,0.3250598669260393,0.012345853545044432,0.20567091468684834,0.0015571761668179288,0.004062060812873857
1452,0.00046215695738433286,0.0010254591161995871,0.04744332318814177,0.0003264355151825643,0.0004442796479392836,0.012536189208748117,0.0643997060813519,0.08684171915356567,0.4054804604510556,0.02818440782156428,0.4599557331970352,0.2191395226570473,0.015604020514359376,0.0010993258910559915,0.0006330474911776118
1453,0.003180612414051393,0.00047460924984388887,0.008680604936913711,0.0028993845927495947,0.0001999252385981025,0.22762655767016332,0.024329985271595914,0.0892959920353421,0.07241912039243986,0.0007330315842082934,0.1527852269324,0.09707387674735163,0.24991306259665017,0.006392291388068853,0.00015388180308666935
1454,0.00012461573443036156,0.0022283090885066035,0.026724916009037994,0.0006318126205851701,0.00011085144903003051,0.08149809954713115,0.0016901286329453723,0.3146208348341942,0.11531742311300547,0.016832738356817863,0.0629935214729423,0.0956180195156408,0.07784598545113004,0.00430476907993945,0.0017537121390955126
1455,0.0016788292711336149,0.0005377104108188329,0.001818359920251647,0.0011091429881221967,0.011707559031644478,0.09835748426733011,0.015578074831886179,0.3252734257578613,0.01930027743047191,3.855451085338491e-05,0.055010519198152225,0.18823691570918877,0.10267997065193152,0.004866842080115518,0.0002190635561285026
1456,0.00030980667946666743,0.0014078096349566468,0.11188831995305741,1.6525473217847088e-06,3.1492672634528214e-08,0.001356575444877852,0.005943166412973232,0.15695825414687176,0.119146950276683,0.01033377932891467,0.1043408267382289,0.00023400773369231716,0.000600762593195655,0.0005525706453850866,0.0019259846005649018
1457,0.0027651843302280185,0.0008335411197647225,0.005688973118187541,0.0015767019658556034,2.3868398503339088e-05,0.12786662001640195,0.0003867916677306665,0.017213204407349622,0.00026209025340622876,0.0009250556396584818,0.00826053431480168,0.005955045695894867,0.14296578916793024,0.001635614251416977,0.0003146460614707352
1458,0.014015351957300625,0.002271791795079038,0.5422972160670846,0.10176159314454535,0.0065284537890174235,8.4029705641428,0.04345439019930187,0.2755633102423877,0.015889466185018998,0.0650995335196562,0.5772927794786987,0.000381477393776939,9.304577783981163,0.12640031407313862,0.014286900118536184
1459,0.0014030959494892913,0.0035830897148187895,0.014260001986360214,0.0012005506078199815,0.012397227551068509,0.0768013830702341,0.010796512565961884,0.07700024862827001,0.10426601160454428,0.004827675417370339,0.13828575997088863,0.024734504958539884,0.09354246153672784,0.00042896478397596454,0.0015597243190078052
1460,0.003540633651881295,0.0001053821043871738,0.002289418417308695,0.004787930808894722,6.670659688781646e-05,0.3761657954757353,0.022665448816506912,0.024862811781566026,0.06897857799217152,0.00020813777918938725,0.1658248109150976,0.015994642714031164,0.4187419585540745,0.008140540098505112,0.0004568409278942454
1461,1.4582273559037123e-07,0.001933463746087947,0.401428551072025,2.390980603426004e-05,0.00016504865595413974,0.003279455162949992,0.05546635392876022,0.256258717625576,0.7141182863646536,0.060020332077520305,0.6676977493698633,0.03495173638795478,0.001142658803788469,0.0008713663154984204,0.00654840311803936
1462,6.776101599015911e-05,0.0016455306663049698,0.11766833964182503,0.004613555687571459,0.00032024670061193343,0.33843083167306803,0.0018548091574265425,0.44355343032513384,0.03443842587894431,7.079621762026672e-06,0.08356946424095606,0.09532801639833263,0.39366579867850326,0.0018742918639009822,0.004154216916829822
1463,4.217979586440229e-05,0.0014653371440705918,0.10940044890016937,0.001734305085979233,0.0004303339991427085,0.13013062632305336,0.003240132101178072,0.0446316873778819,0.021725733213682694,8.172553485291928e-06,0.04993617134335703,0.011476693481092811,0.14665863426985226,0.0014808292987776302,0.001173667581019822
1464,1.1005636800379128e-05,0.0028677844613418674,0.00010555928811296434,0.002064347136193321,0.0001173093246231789,0.17955643200922355,0.00010217472832634086,5.076769692142966e-07,0.004008542283461824,0.003612963239050678,0.0010042955500410118,0.000968467313260808,0.19642713563011863,0.0031200550385239584,5.298461670805153e-05
1465,0.0013787564456200717,3.096844950618365e-05,0.11381330802192748,0.004965815609464783,0.009578766640978368,0.4140604210421363,0.00222340108210043,0.009974622251735257,0.0007631607090296133,0.0035648650751149286,0.02947992550841529,0.03415375936708717,0.4545996688059137,0.0061952596766189725,0.0008764905525322993
1466,0.000557968926819312,0.0030137089800403925,0.12274743071600623,0.0011977620096080915,0.0026187183037015777,0.08325524986338095,0.01973234969679912,0.01715999095619206,0.0959331141940208,0.00469447922919528,0.13964409591209237,0.07012555780482567,0.09879590671830529,0.0020825430391272245,6.639641662062101e-05
1467,1.4851488929059671e-05,1.6930957085945926e-05,0.0036925009751021917,0.000365634062311976,5.112295648781458e-05,0.026225727164583896,7.422366699585657e-06,0.06377317961627699,0.0018504967245263216,1.2251430846894572e-06,0.0043143859331651385,0.0917360202784786,0.031944301178275326,5.599776987627261e-05,0.00029840990030320896
1468,0.010658392069117935,0.0035895917582726327,0.021594284099273692,0.008052794985163503,0.0032083176526497385,0.7463785263651316,0.014920148564981067,0.8602989214062824,0.008407143033739527,0.014131110686122288,0.02068156849842259,0.35363939225517144,0.7813918792070422,0.02689608009171897,0.0010996286825680085
1469,1.332497140084166e-06,0.0013818983441290325,0.14893620988570525,0.00034161871526839906,2.501015481934101e-05,0.047115278731930575,0.00036692094542233923,0.3473486245391504,0.07239360297786238,0.009575467078639066,0.039412887248277725,0.0138673057715746,0.04497119966919313,0.0033123836934419787,0.002158788803170208
1470,0.00010170121708022369,4.051621002662336e-05,0.010215472537724153,0.005065588571216837,0.003922583612605339,0.4991815253758568,0.003156979484807115,0.1001595071327619,0.16537167528903815,0.03556201019245623,0.05524596415052069,0.012460564759418443,0.5251886673789568,0.011434583257821263,0.00046201853762717755
1471,0.0008715583347592068,0.003323318984144762,0.008421256389343101,0.004556485889813001,3.9745371420050165e-05,0.4302605557276474,0.00510991558726713,0.4578093878557171,0.01523983717308722,0.011150504285100723,0.0029447101336195682,0.199600951295801,0.4491863585616981,0.014894471070122971,0.0006808818183670397
1472,0.000653887507935182,0.00521025372361051,0.04423800504051046,0.0019812643998552548,0.0003416070793850447,0.16756249701643935,0.001811681728698542,0.12035859177930705,0.013625453182146523,0.005623350303225447,0.0014365038725219152,0.019271520373552953,0.18657233901036055,0.0013026678164064687,0.0006812408385683262
1473,0.01356131789246986,0.003477852986234294,0.038165226047169445,0.0018680494766472034,0.027637419476485375,0.12347310531291605,0.0005564997555588754,0.4580804106098572,0.03213703403604838,0.00037244671980756177,0.05255755314975277,0.1961878932178467,0.14988500239950767,0.0002293931220562349,0.0031145956519177407
1474,0.0052810454495660865,0.0034242551893798735,0.27406159657570633,0.0005707165606180896,0.014131455570539518,0.03502966412414764,0.006574713721445027,1.0023783794853895,2.092195308680385e-05,0.00025377441999569595,4.327292618948969e-05,0.14992950463195,0.0456698311083702,0.0008708118115611756,0.0044181417708838416
1475,0.0033128658226302464,0.0016436169270326226,0.010573303145220593,0.0004900886147230903,0.0052885148093353325,0.06519879944750465,0.038838278036487636,0.027941329195592838,0.3448894118055739,0.037604333142763645,0.2897446113518288,0.07584249075871571,0.06604169067051623,0.0005748694268952086,0.00030435375040685703
1476,0.00345105218637995,0.006737309122276822,0.6363660033480546,0.0005830766495926789,0.011962404743918714,0.02988595386486065,0.02459626794291176,2.609807499435139,0.0017520714700105654,0.0007644321999355817,0.004566132147285394,0.4335819256743921,0.043306811234577726,0.003979528817564611,0.010123092899396998
1477,9.04761597075306e-05,0.0016604999131524809,0.004144049906493793,0.0014445799052003271,0.00011079335379307027,0.16959332305456734,0.04912211275478647,0.03941526810815916,0.4667025806395983,0.05749784241761684,0.3575316772187244,0.022811987560324497,0.1738905355561207,0.0017520508575297026,0.00017305012191828277
1478,0.01269093154472112,0.004653108505940778,0.21550845623338008,0.007564619366198449,0.017771045267925174,0.5966538192449021,0.00032397744493127697,0.543566679908423,0.00026746387174708707,0.007052757994913576,0.016838837965594964,0.07198659371388448,0.6742748550892597,0.004506784971093289,0.004259317156934012
1479,0.00045240985860526504,0.004285108404977677,0.39405215310324476,0.0036112856718515892,0.0036118055712424,0.27309057455844543,0.008507240759735997,1.2020135374941419,0.005700522178395123,0.005520821431103367,6.155918308236448e-07,0.16029576684906655,0.3181831652954266,0.000125563198680635,0.006039093473764832
1480,0.006786717282466488,0.006533406286350286,0.052146113579488895,0.0015035949594249674,0.027550848671837033,0.06996590166999889,0.05765724340649048,0.20019998090105512,0.5973499450387941,0.041160801260444566,0.6582058708840816,0.04012714124821849,0.09497994982520344,0.0001120960205877551,0.005302395116743364
1481,7.653003786999168e-05,0.0008405665607974963,1.13505237171165e-05,0.0001350343077625721,0.0004720072679478716,0.018567172605161043,0.0584065115901585,0.5043025376410194,0.2905811687345979,0.026769602253229732,0.293255391452793,0.4209012259177704,0.02116647377897672,0.00046198826071495183,0.00012906987809329506
1482,0.0044580442748540505,0.00010529386474012435,0.01430827778982109,0.005782109430168165,0.00024226473332421768,0.4757524600643191,0.024651257200832107,0.14582757828243278,0.04074033424467401,9.070608786538762e-05,0.13790529996950796,0.022783724475397036,0.5225076636605893,0.012379451323467502,2.6780803603755277e-05
1483,0.0010599236916627515,0.002683359295001292,0.3574738868520173,0.0006153854192846574,0.004363584430047974,0.01817554430461184,0.029051752508245873,0.5542920465862697,0.46222410768219296,0.033120589787719035,0.46602327162726737,0.006473812938637177,0.028933231018770714,0.00035765084633680136,0.007788275685297723
1484,0.009174937667552448,0.001305634070900494,0.23222265604432005,4.408775505838885e-05,0.013030665821451638,0.004387199951842145,0.041247139769665375,0.9009515424650988,0.11607791666780544,0.0110324830690681,0.1317806877610574,0.1362670307649447,0.005806376464649265,0.0019267945235341298,0.001811972487642111
1485,0.00017356454141541157,0.0013692512989897014,0.4782111947455829,0.0003385540151063354,0.0006569569134615877,0.020563934959307213,0.032835035356411635,1.770371368931391,0.035275732379491484,0.0048213102633340044,0.04297218878558325,0.2568965661720467,0.027957535717135176,0.002573290783447187,0.005772130378566444
1486,0.000152078753599439,0.0003251219732126738,0.8078742018450153,0.001777892984428419,0.0017890078415142296,0.08938966375852647,0.014332316858259794,4.296008480871947,0.02722764238990244,0.0004735979850936966,0.021840366190832464,0.9559403605104604,0.12646581190400127,0.004438281321606155,0.019393111312092644
1487,0.000938607407679231,0.0026642112925275574,0.012875026673119606,0.007963071256800375,3.055000324001376e-05,0.7534464176712607,0.028065321373780913,0.1041142777248081,0.34772950293130445,0.0657861725109722,0.16652701953770277,0.06683701203666782,0.8122733143898917,0.00915873784389678,9.840859510440453e-05
1488,0.0021197614774799704,3.497326657632842e-05,0.16999202116568718,0.0007695143562005552,0.002796775296664076,0.06798394669142666,0.035877511140619336,0.8412342979981272,0.12477679846213983,0.016198205584167652,0.10983037142083395,0.18453507077321912,0.07852885518914608,0.0002403188149034431,0.0018927623959493537
1489,0.023155513449100884,0.014908201117746454,0.05547690609571603,0.031973404941701616,0.016825702005335223,2.824529658459703,0.015020176186126472,0.2586379309082349,0.3426397711397431,0.11336951769960694,0.05214417163544836,0.14628973247953433,3.0874939788253943,0.03847073706309555,0.0017598747889901185
1490,0.002397914151705515,0.004852472307342282,0.5297228207836465,3.741323251500942e-05,0.035382250417714006,0.027978177594862427,0.0005402404407683899,2.436398210722354,0.2913982911399287,0.03006450786109008,0.19390003107376036,0.4182620792984835,0.017998227935353495,0.009375926917382576,0.013828030831323486
1491,0.012962089707981796,0.018409575930963623,0.7701665404569742,0.00392199887194254,0.12244342276376327,0.48136315885139286,0.03140333921349781,0.5735927530920494,0.7730841877963905,0.09606543714828679,0.4959072562303717,0.07463068342578874,0.49132564567256115,0.013857707847477665,0.007308110344285189
1492,0.011005091412358205,0.002160142814997635,0.05677456286689022,0.0020724914646610302,0.030496513743941675,0.17157307604299865,0.0046172905947162906,0.33454400054924965,0.01553343342165919,0.0054001713849290275,0.003226366787492976,0.10163383821087191,0.19625622191426628,0.00040639255649278924,0.0014339256563446494
1493,0.00024894563095408144,5.0107357003521e-06,0.016473291327176145,0.00035987909384317283,2.7511828753889257e-05,0.03429798864129415,0.0006290527470199518,1.29100020895651e-06,0.013115972542565855,0.002376607376327039,0.005662115466299773,0.021319323227335808,0.03740039268326416,0.0005498555506136627,1.8315106825727754e-05
1494,5.175298628382768e-05,0.0013665152812042882,0.002566850737611043,0.0009112040393813453,8.438890384487447e-05,0.07265513666020039,0.00024400295260367785,0.01881085524905914,0.0006178929218135166,0.0002670266017102366,0.006000410221159077,0.040137527788451616,0.08304305726647455,0.000792346214704057,0.0001812400395961449
1495,0.004220459919088921,0.0022476133625973465,0.11260005090475218,0.005011722969376149,0.021477095821384087,0.36283021023917233,0.006912964217786266,0.37612463149212777,0.08178533805672081,0.0006969599856889612,0.15605899972104104,0.07424172436731283,0.42445552292048955,0.0020692705732966088,0.004507095117390544
1496,0.00023261990577711267,0.0016433678447604167,0.0036897591282171603,0.002419395547742053,0.00011250833873677728,0.21800547993733774,0.00017349096564052863,0.0004833480696239967,0.021627547612384952,0.007671915699388062,0.0018058644368606847,0.0076483393154702815,0.2369428123487671,0.003863052499268888,2.01498793388387e-06
1497,0.0011171201212275084,0.00032003479382338167,0.1547773354265766,0.0010459360662289923,0.006064163131194323,0.11721132667357709,0.03815437376513776,0.13110092764850403,0.29498165434479,0.03857081484606999,0.22688681079360165,0.0015578349416085788,0.12046285806102576,0.0005683249539977158,6.128274232236224e-05
1498,0.006689025588999712,0.00023412354110914383,0.007603647065494891,6.849599651226237e-05,0.004961645644145699,0.0004082472240600717,0.033717989502019714,0.00028525771804504147,0.2775753827667063,0.02348056672854934,0.28066567842598616,0.005807692431730482,0.0013602255293506194,4.351376101759265e-05,0.0005907775394518128
1499,6.870559629530992e-05,0.0005944515398286219,0.1095177940465242,9.627930695263111e-05,0.00045743825393631637,0.00614932833179163,0.011850494459371343,0.07951191497650345,0.04989403355028758,0.0022205990390053716,0.06765417704338185,0.331278693552906,0.005802412385324728,0.0007870360633189935,4.501047443515504e-05
1500,9.290535996958353e-05,0.0017491831119030392,0.10992147926164882,0.004425532271424858,0.0003206691317989377,0.33065167740694484,0.0019750087683401045,0.31550827525013103,0.026215308669377598,9.699828977441549e-05,0.07225793896294386,0.05126465474168976,0.38102009107031254,0.002292671939484179,0.003322711366079147
1501,0.001055726210982778,0.011790101604411967,0.012991125174295466,0.005713085718707118,6.026388674504208e-05,0.5122526548160392,0.0003079676374141848,1.5213218284085704e-05,0.04375654970992492,0.016483789323613995,0.0025784433501752956,0.03303491813236413,0.5593039924082519,0.008705229096756048,1.5946177292611144e-05
1502,0.0003831985718397678,0.0015346194455561745,2.134069531022327e-05,5.7241822042059114e-05,0.0013722615945237825,0.005556926305330896,0.013346843917381881,0.3568951859853737,0.02386199514599627,0.0009664322290176899,0.03991196036927974,0.2712351256700686,0.004587143297067516,0.0018633041677285022,0.00040838639225698704
1503,0.007261798633079538,0.01333745381474617,0.00965354339347404,0.009193929318620325,0.018104868100201496,0.7035881085205207,0.02012571294461515,0.05449342334174787,0.08689152324384034,6.235436990707472e-05,0.22005409357641365,0.153218892898995,0.8038074558449894,0.010290438562619662,0.001995458152315765
1504,0.013865936923208274,0.0014884523421988497,0.07085966881377195,0.0026609964423845974,0.016916016997946197,0.23141161670148344,0.0034892809819632525,0.036099533896340075,0.00025511725568731997,0.0013248645280734062,0.016052034217725265,0.021504287803511594,0.256327217118463,0.004811458973855592,9.876081405534228e-06
1505,0.00041742524831345164,0.00025326739875528373,0.1271330092217158,0.0015089782686824715,0.004825721937821086,0.12362552653398262,0.005409676682538234,0.01141914053205765,0.012227247344840174,0.00010159488871882518,0.039947504544248995,0.1744322211814161,0.13273105843744187,0.002743712836934217,0.0002851058451009001
1506,0.003984115173366739,0.0008968960283523038,0.00038272869582949053,0.0007338422449039791,0.004122636371582167,0.08645546205776754,0.026239902599540725,0.01607896494210296,0.2539904748916575,0.03079595122831587,0.19639217246554797,0.025586500386368245,0.08859858952518045,0.001004709465243672,0.00015411702806387547
1507,0.0001929399201695472,0.0011871192746327286,0.005507867292838691,2.7188425157994644e-05,0.0001408365255153488,0.00579897264333279,0.0107918808274361,0.004784004328699505,0.09101078741487904,0.00874757229184701,0.0832520588333318,0.020361504215501817,0.005525061926265205,2.7307556074662487e-05,0.00013531423491702435
1508,0.00023672811753300542,0.0022357394769528384,0.272531271447186,0.0035580880473356936,0.00039951042417180527,0.33280645172698736,0.02248242177532801,0.21857168806661323,0.18761771574377864,0.03605576740935625,0.10007330184886681,0.00261843002864499,0.3560479464552579,0.0027177313390923602,0.0007455417892772876
1509,0.00021240742181157638,0.0007270108945039211,0.3526250116026422,0.001049266795269311,0.0006063924563627518,0.06381731119261182,0.005107786354501663,1.316532043435969,0.0032934753016641105,7.243960471931845e-05,0.004779576842919979,0.20533312902719988,0.08170641896544775,0.0006305758802746342,0.006349651407443105
1510,0.0015972861176203614,0.0021769419060819186,0.1493575659310825,0.00020111121238182352,0.006848073870233784,0.009609723217829071,0.002712331410293735,0.11040937156437146,0.0511033263923799,0.0027928720823425326,0.056512637062172744,0.0064817744537496785,0.012488067320489732,1.9176651704281378e-05,0.0015286045360191115
1511,0.010701164876752602,0.004065908271557987,0.3011521973201973,0.00047748393390023656,0.035264975379646665,0.02815436885062187,0.020307766130468214,1.4631750919036814,0.013732477910106197,0.0027007566099143147,0.01602522995683556,0.2958636882403327,0.03731793435886768,0.0013419180986269943,0.005038167872586649
1512,0.007543911420511972,0.005249642744878142,0.4657990478311658,5.840370432780407e-05,0.01852317991183316,7.257295505417121e-05,0.00818590440838905,0.37783729657224796,0.1922835756016101,0.014670135493333899,0.17725575788586323,0.01785684070614681,0.0006876509286273043,0.0009364001293874183,0.004682697148282774
1513,0.0005248846906755916,0.0020648369224656057,0.002166080422849897,0.006828693679304476,1.7251714045893805e-05,0.6293434175037491,0.009139280898002112,0.03073834755256024,0.16346863233408052,0.03716520112160976,0.05554532594668656,0.07897982746983111,0.6840813219300325,0.008735888665734414,4.198046266591441e-05
1514,0.00010526513773161142,0.0001523723566501639,0.21307950318562005,0.0012814107091878564,6.310065238144328e-05,0.0787204238914786,0.004471933099029214,1.378004087205708,0.0051695972688306354,1.3345766309489771e-05,0.007399999570708335,0.3751760523291052,0.10142780568559646,0.0005592820006811996,0.006302713682138382
1515,0.0006802199695157743,0.0006088465875194197,0.027148387016729194,1.4266909676854565e-05,0.0008046136602381385,0.00023838117704369537,0.0691538133616675,0.8750164034562617,0.2541696289424236,0.01940220930102354,0.30114434864369855,0.4438057674317586,9.701527872492158e-05,0.0028948737375428025,0.0005985786580775917
1516,0.0002594885421429693,0.0011721746532126047,0.11099028167301109,0.0007220179096222246,0.0005261899913689463,0.051325458377426594,0.0005530781428572997,0.2666544424695907,0.0007316402059878893,0.00024486371065191297,0.0034145211267523215,0.022251424851474924,0.06063432862388484,1.0193022606406785e-05,0.0016118162082143265
1517,0.04840984175178092,0.013401040272529615,0.061871231521818365,4.093810114666378e-05,0.10835537765389963,0.0035306585870886927,0.0072475983818303035,0.2650806547555905,0.012714698899815729,0.001179514222663988,0.01487411089359891,0.04705850752855976,0.004845025177053306,0.0007069557707616746,0.0007209493096790622
1518,0.00019954402442481554,0.00022282700356055695,0.47597405983535535,0.006444411096649788,0.0007704191666534758,0.47471556397493947,0.0009128232942515644,1.3487363690077177,0.00766606169267627,0.0019049358612827291,0.03890317651083387,0.17061165759342697,0.5536699982613982,0.0009650899362401884,0.008958151748075143
1519,0.023420859316382835,0.009985268308535146,0.1986811663378787,0.00024518911138457023,0.06349320401491385,0.0191210404435279,0.003686722103418567,0.2591009742585087,0.003696737633681513,0.0010446207340201194,0.0023166827249719397,0.00046243172490983595,0.022536980167906253,0.00017126336158279518,0.0012700049184299234
1520,2.545674737290746e-05,0.00043119322670946215,0.06526261968753891,0.00027107285896438293,0.0013749879691093828,0.022731305072543825,3.831163348462765e-06,0.004828496864025037,4.3327795557496596e-05,0.00044569450433937653,0.0007879576109975271,0.03217369697024097,0.024298160199323425,0.0002688934560016289,0.00015849715323087854
1521,0.0009690742969798506,0.007057868149220279,0.20897727296349547,0.0028028040057615335,0.013890883529352253,0.17818959772737428,0.0001145055909392281,1.2838069832772965,0.06674056142933847,0.001475124618185079,0.09274836577086439,0.3552749600492604,0.22290846444948378,2.4865037820264488e-05,0.008105432460690025
1522,0.021134283775980856,0.011414729566277568,0.002280930246666013,5.954880272905947e-05,0.0597457841234953,0.01023607224127325,0.019735869863429206,0.02376292005796505,0.15497379443952325,0.016338568962941755,0.14057545819939213,0.009406173862775289,0.009392897996511322,8.996395344652764e-05,7.25830151832645e-05
1523,0.007122563438232658,0.00508173643784502,0.48985139230634017,0.0012819750356592833,0.052114877076253306,0.1365283108728529,0.027001036268996137,1.5785062971728203,0.0025619919867118667,0.00027518541810634946,0.03213329974912438,0.14456855149030617,0.1375572659643881,0.01170647868231992,0.0045040841963164225
1524,0.00013571945196629256,0.002535395077169806,0.0032929897722864987,0.0025712438423975835,0.014120398370603585,0.2724997812542129,0.015666521432530424,0.008548104470933073,0.25443446976041567,0.03987498997577715,0.14599362779445538,0.007987059222868369,0.2822308017542081,0.004866711885770389,0.0002614722365869655
1525,0.005443595015087508,0.001235238234180581,0.00013480403385939568,0.00026781643337073945,0.0030605950955007017,0.03202109106156237,0.010910424639576241,0.01654411750645599,0.09485449894661321,0.011058876341640158,0.07513076976633207,0.020588553017252462,0.03348086389490189,0.0002027721812243831,2.6141887119654157e-05
1526,0.00029832102857839897,0.0023380695438444026,5.2255424525476276e-05,0.003008534363686039,0.0009090181153922841,0.21688347457555116,0.01838889673035295,0.012349116416043292,0.10604764126370256,0.002623821539959684,0.17932460867467448,0.02376139503331537,0.25138587304382315,0.0032517767026085174,0.001096533651903873
1527,5.268426554515107e-05,0.0006512112102466458,0.40300080788808385,0.0011533216067975333,0.0008088899213438198,0.07934068073031628,0.018779581961811766,1.5244130160106775,0.013558055188687775,0.0038857854923570025,0.010247646353867023,0.24212569669442577,0.09788844345937725,0.0006893542374290885,0.005912637471927899
1528,0.004045608195988041,0.002758315786707286,0.0634964704202085,0.007611486696939354,0.0005173702872437266,0.7304387326821603,0.0024997088681321636,0.11229222433453231,0.1830208095898024,0.04290720377672799,0.050317363047206465,0.0014174804860057754,0.7767684132177513,0.016549009474099406,0.0005425079033174827
1529,0.0003846265617013302,0.00022743954586551055,0.12346822186347325,3.5272210998006614e-05,0.0002346157730095215,0.001021487872054463,4.06133839855215e-05,0.16219648451632263,0.007665731088553208,0.0003585717998422163,0.0066401296274076465,9.987858681424991e-05,0.0016184462890668123,0.0002321827700852641,0.0011066236407099818
1530,3.7658524496205085e-05,0.003093459305509373,0.19125826470715993,1.8123179560197622e-06,7.058628546474733e-05,0.011643435663859022,0.0016544178016594318,1.635426497157389,0.2510130006393606,0.026213842926907985,0.17789430789962488,0.4809434271801036,0.005522572864239031,0.006321288522836523,0.009273342988632275
1531,0.00018202249337555634,0.0016788292570818714,0.03169744483662329,0.0022041630636807133,0.0003304530245539326,0.20098983114166363,0.008551039747923497,0.09092194428826794,0.08133185356520929,0.014441107001561712,0.04085676035212066,0.2417311726836751,0.22399214164878636,0.0017268748617004508,5.509667152913588e-05
1532,0.010614507163774912,0.008047391939465352,0.20791081105747886,0.00013946935693269337,0.04324470816022605,0.0016634718549596568,0.021668252613434223,0.1253060232288753,0.2693555504783194,0.019421911472285867,0.2698807842567688,0.018768340834946003,0.003366685356379048,2.8796963211589922e-05,0.003061804004800721
1533,0.005437430734531825,1.8959108557762428e-06,0.10062973942062083,0.0002046093607605964,0.0069733742238240375,0.004463647175399141,0.020463102571962016,0.12028965456171951,0.25047702130743393,0.018455975079468303,0.25374603098464477,7.492580782732387e-07,0.0076492125436818156,2.389117624660557e-05,0.0026459570682895706
1534,0.008676673996923769,6.343763578615646e-06,0.0010161270994212498,0.0015454900185843886,0.0030686403924438167,0.15229913236204687,0.0038627595284741706,0.003548518736534171,0.08103960828027301,0.015317334951024435,0.03728048821553783,0.0022651749638586197,0.1595897956497557,0.003045845190783143,5.0586566631514414e-05
1535,0.00012907002472583665,0.0002533101414748761,0.06128133186610781,1.545278703124085e-05,0.001218475025726431,5.7755611997444616e-05,0.0038460015957734574,0.026681882378951204,0.05091908048529552,0.0037581736690217573,0.05001859203796038,0.010281275607354888,0.00020368897193952484,2.7188297020657054e-05,0.0006438781180803393
1536,0.0032950032411522383,0.0007353236923638486,0.0034044418755516115,1.2241926524469034e-06,0.005543456760515815,0.002015355641857485,0.010025107728199234,0.007159180283140762,0.10741906534688095,0.01022849291855805,0.0981957144953023,0.0001984617974660413,0.001314708965441606,0.00011779083543976851,0.0004392097982283175
1537,7.784490146294016e-06,0.0020628425585970805,0.0371106935940455,0.0021495183382097692,5.208558932517836e-05,0.1725797306773842,0.001958069317571831,0.007543084168258956,0.0038849524544519215,0.0002862775205223246,0.021675462940285967,0.09784679607572948,0.1967912374697952,0.0024532272000223586,0.00017284656355762306
1538,0.00011291900840515231,0.0014251568276257422,0.1397308720591771,0.00045280477128579436,0.000502528562979135,0.04390525417155852,0.024259646047498,0.35765966179359204,0.11144876339044228,0.014450488998167015,0.09498990295998365,0.03165696571871468,0.048096857893515615,1.2611548090316064e-05,0.0007036459827547365
1539,0.013011524012626565,0.005925114979113169,0.9728876900151365,0.007326305755101781,0.0035994764183241686,0.8389632903198737,0.016850064634820215,1.4072899446270266,0.8374640735641499,0.12224095403582956,0.4471582260729406,0.000381613337336068,0.8509352021359785,0.031888978973257716,0.011131126076456404
1540,5.029151098348629e-05,0.0006244416114567964,0.03653623384066275,0.006240710681638954,0.0038968580651602283,0.591946450454657,0.003055949105664393,0.025645290830668112,0.14010862509955074,0.03290561053652266,0.039176300252605725,0.015585256473749542,0.6353601540186102,0.011340418199302756,0.00015911818108799573
1541,1.573532455387248e-05,0.0013580655071681546,0.00785973144941836,0.00020280720186859869,0.00034556095229088294,0.031140851585054922,0.038868261329551734,0.074293414663134,0.2909606965486926,0.030450514893864186,0.260224532592983,0.02880804962186216,0.03072169928981245,5.794664361120092e-05,5.4174301513024204e-05
1542,1.1386863011959314e-05,0.0025369447142549227,0.32281370837374507,0.00024008547606716284,3.299787422812394e-05,0.037925732953438436,0.01712863370119814,1.9131670978326405,0.0022327426260428953,0.0012493752199777429,0.0027879201867070983,0.41562925410241686,0.03173651481045212,0.009435442471226832,0.006315180041894199
1543,2.7308626153057464e-05,0.003145335157270626,0.1131500473163519,0.0019031895737216984,4.564354138080726e-05,0.21930388429807435,0.0026016774139951413,0.44674170566089405,0.19279573623045615,0.030322142127199712,0.09448038358180054,0.045628586175871344,0.21938126151203866,0.008930114988792481,0.0026790967372706054
1544,1.3089338307743767e-05,0.002514472635928794,0.050618370667616666,0.0009144991495214941,1.4468869463338412e-06,0.11700337930490448,0.005724269223294561,0.29182071120108743,0.20038226657632227,0.027395075148569356,0.12123511851571131,0.050074652321676634,0.1134524430041855,0.005129394806051868,0.00214619524610697
1545,0.00010233908435435514,0.0008300759098183266,0.013180273285967815,0.0006906926476910532,0.0011207407460994976,0.0984468487765534,0.007728191301068029,0.3649247715706517,0.24436932923347587,0.03211299456706449,0.15701512789616753,0.1554936200704915,0.09150502946515505,0.005024257646393078,0.0025055618529091364
1546,7.078866836457561e-05,0.001119165271214456,0.015912090251613147,9.713876001882424e-06,5.2396870014886385e-05,0.007202879343357674,0.02369931795205506,0.017535651261431237,0.25651406258424114,0.024173300471360987,0.23243465050300172,0.00022483799883294962,0.005397301400438043,0.0002631679862279218,0.0010877048700214755
1547,0.003920810390350936,7.82752846930708e-05,0.041178745634472214,2.9130532741046075e-06,0.003031561424189202,0.003346277529991794,0.008715175166153576,0.054957015979429785,0.1244423613830163,0.011658864559176727,0.10953479665710938,1.7027057024875038e-06,0.002290820240625483,0.0003804953053965772,0.0010673868903861082
1548,0.001962061080170089,0.00549488226156682,0.06862998971390369,0.00549558943318321,0.028822163983644934,0.4326893034661223,0.006644347638334619,0.062116540464120386,0.028055646500346303,0.0002545796901974258,0.09320112183361581,0.0007065229817186209,0.48794000362923734,0.005068344598045987,0.001822370147240202
1549,0.001692203887695538,4.238334339554186e-06,0.04118776721117988,0.00015475812519993824,8.799226017190471e-05,0.033761049958692745,0.02244837779720078,0.11627611180961034,0.3302022697639456,0.03455614136761976,0.26975288858752644,0.0071329644073140595,0.029360002721072583,0.001604807570673708,0.0021299581566103652
1550,0.00010032028548297269,0.000306068382963323,0.044354622487196876,0.00821402511675626,0.0036573395639818867,0.758901156159679,0.00181861221375374,0.012449076193037773,0.1198121872174016,0.033178893610302726,0.02244553546104386,0.03920945720194098,0.8214140722756053,0.013777106793613055,4.5552710812130584e-05
1551,0.00021723837678499827,0.00039333332196404326,0.14300562158794702,0.007376836808090201,0.0026249369874904106,0.6774970859144037,0.00022254294562379126,0.039660794023515265,0.0781536006712012,0.024117379218754738,0.008623822168924359,0.08040812080525857,0.7366451063589949,0.013329947264510375,0.0001620151067555785
1552,0.0009545468141705177,0.0039214083258580995,0.18122190982857317,0.004854417882588069,6.777131365728328e-05,0.46463262741317707,0.039003090671347856,1.8461852152933813,0.002351948368574187,0.0033179836485165955,0.06672552845825767,0.5140084398400547,0.47702696382068227,0.025871492880566147,0.0034063015724086366
1553,0.002048471340289781,0.00013169692104404983,0.0021604740871425158,0.0009405179476036087,0.00286679152804589,0.0777506174518854,0.0001924304391104091,0.05041966708282991,0.0014349136153083216,0.0012981510320457864,0.00019707991577363226,0.03304143998423666,0.08822292925340104,0.0005513226418599008,0.00029067156858875187
1554,3.660658579575239e-05,0.0006804351762066896,0.02192590312595573,9.565984137581341e-05,0.002302343201091782,0.017237938161637607,0.0170116376895059,0.0005619675225189123,0.1621658658579789,0.01778967859708505,0.13781251824148397,0.013407628114649286,0.015565947404466632,0.00020508822331898144,0.00015919580966050829
1555,0.003112913704985783,0.015507492115847068,0.2890955500171354,0.001510124146914169,0.029514079743228627,0.11735708817750577,0.008150492354886744,0.5703910856108053,0.016662739952470033,0.005908093883240012,0.006052615893490676,0.027885333584407264,0.1335805026534237,0.0001038154165971195,0.002676697472836836
1556,0.00039799180318619745,0.0018278610443329467,0.029714250629448276,0.0050422597840274926,0.00031187672437802284,0.372355830149517,0.01920399609942572,0.04759744634386555,0.11110927169499034,0.001348428899307075,0.21285215005145347,0.007024934889626656,0.42663591842876997,0.005018159624328135,0.0021551432094898547
1557,0.000449470915597301,0.007746561667558462,0.028997414743387236,0.0042802518361820625,0.014027503099660405,0.35044573064667495,0.003935979090683167,0.004285401273133599,0.005552516318826359,0.0014150181775551224,0.042196967160482365,0.002765296681642478,0.38853335669218286,0.005322368734401652,0.0006347978502641407
1558,3.3497609369508117e-06,0.002231503719559915,0.017156815817701173,0.0036606190836358495,1.892759290229203e-07,0.3023425151829759,0.001063620734740809,0.01839789553824295,0.00018352615746381753,0.0025912052452864254,0.017427509005626077,0.0019841445229444987,0.3356512564670071,0.004313053807365248,0.0005641149266399542
1559,0.0005223137681697589,0.01142872160710176,0.030164615854646117,0.0014080190799199291,0.025812492403756236,0.1243491149898116,0.0002356611100518833,0.010230265836616485,0.00829322616457956,0.0038393633558547317,0.00022840573958134622,0.0023517897785188613,0.13555809145735065,0.0014451709401844446,0.0001653683196666527
1560,0.005074757428791401,0.00317043122654296,0.033019482793465955,0.006458480758769424,0.0041854208268626404,0.495506209312223,0.006897843767661223,0.17812332076549825,0.04352585276645926,3.227448169865622e-05,0.12084039102164587,0.07063266259407129,0.5677691457807292,0.004885224821532609,0.0027778954996404794
1561,2.6358388934419492e-05,0.0019565099592594045,0.0076559636838661425,0.0015225339424449155,2.5985451539241367e-05,0.14590934263007554,0.006111786824928142,0.01805949005551171,0.0753722583790206,0.013961295114575176,0.03744291002789901,0.004785692393352797,0.15634410818440614,0.0018179393395382224,1.667986224784161e-05
1562,0.02940879094227562,0.025618051766414577,0.23664489151267096,0.007838982614015876,0.055469517748579555,0.7566103060094078,0.004350164789014764,0.13876430675430404,0.2420965944931883,0.0507672256249679,0.08173211899070182,0.05759991774926785,0.8053344182371702,0.01854446579412455,0.0011059592974908036
1563,0.00014992178415587832,0.0017019662960471146,0.36898650800806565,0.0001419494511205648,6.107925679470002e-06,0.0019015378150608374,0.0020007429255231744,0.7340270462933608,0.13126096707409365,0.00958403239294815,0.11609508762312237,0.025724285716242273,0.004556423586538784,0.0013299986137505534,0.00575290638343943
1564,0.010044849940929494,3.270979212275738e-05,0.006341845511088359,0.0002588826130505507,0.015026450955167595,0.04169027715721129,0.021113266935225358,0.00849271037983126,0.24396241629524515,0.026325044097068276,0.19803564142034816,0.0002844674390156348,0.040035578601998655,0.000730933587674218,0.000700507109703085
1565,0.0008274183633356331,0.002514490410570695,0.2834519905274337,0.004670208847510166,0.00012862011302709726,0.4825318262249623,0.0008780826281009106,0.48672712652936784,0.1889886731085379,0.03642665954133522,0.06488389615624367,0.0004063821015496676,0.5024048676850255,0.015625855550820158,0.0027022335802793927
1566,0.0001343600568229426,0.0012852945374815519,0.0032417520356479417,0.00021386395085621384,1.905836255890051e-05,0.028024720050888845,0.008524937367980798,0.0007088607443407011,0.09885294015228953,0.011558026683535826,0.07616926392367238,0.0023944432887366236,0.027953647379244547,0.0004953524247955915,0.00020850804705083934
