position,run_id,sensor_459,sensor_455,sensor_319,sensor_187,sensor_183,sensor_564,sensor_568,sensor_323,sensor_566,sensor_550,sensor_472,sensor_556,sensor_128,sensor_553,sensor_527
751,751,0.03765550594258926,0.005143040323897929,0.08022086329123371,0.04098301590094274,0.00130193364263663,0.0006257421892120874,0.000609532822015104,0.008288579160961254,0.00876608961189342,0.0001001413794415522,0.024012499239593088,7.27594657922442e-05,0.0008413009168700632,0.0003080092782010106,0.0032815091825199446
752,752,0.03277919005174248,0.054487861844524345,0.20385464499164654,0.04679517980097135,0.027694087941247433,0.0329053944879472,0.006842012873247352,0.0024210562797623283,0.008025728830680623,0.00855282323929024,1.0254446143256644,0.017129385584723284,0.0529752627208275,0.04438068339135342,0.03301827662215115
753,753,0.09573746834248026,0.28389001510593154,0.03335619191519446,0.09118938010380688,0.2880166067357844,0.0029750731103219143,0.007750947945261217,0.09937729190561498,1.766501417775838e-05,0.0021934658016280343,0.3596988182948524,0.002593627436910452,0.013672043005225098,3.2351427278536014e-05,0.021905244090930694
754,754,0.037706251058560646,0.015901095450644928,0.003088420706713317,0.023877314039036594,0.006912530145024593,0.010538084168570893,0.013299563912442611,0.006280932707055965,0.0036520742635472053,8.067817524777053e-05,1.484647886498716,0.0005518442851965319,0.09156721767990268,0.003941402316876463,0.2566747269947336
755,755,0.004352513357564922,0.08732641517960821,0.06994727393891474,0.008071988289158578,0.07237573937445115,0.0068374964230339015,0.04968082099863685,0.008628990191728301,0.013683079347927393,7.703081119088702e-05,1.37544557909958,7.381634091796412e-05,0.07420227020188101,1.3827300597153932e-05,0.067651401666581
756,756,0.008105297299798047,0.002846338587058762,0.00019657508964239333,0.0041457717750527125,0.0016423893628677816,6.583099698385239e-05,0.0011352630684586553,0.007567370235576627,0.0055708558732747064,3.676047839577011e-05,0.12944638972398714,0.0025909727452888766,0.0077318039518686306,0.004811399629975121,0.01684115047398798
757,757,0.03800146776577719,0.11219073615412926,0.015082077025868645,0.03300283930856928,0.11366581471521048,0.0002867044411756239,0.013965236773778051,0.2586098967624522,0.011795443795373275,0.000698250751822555,0.06303966618029816,0.004612629713464648,0.0072891795802658855,0.002015906170690732,0.1466085267454149
758,758,0.017224033058975,0.1440071797934021,0.033374546746520135,0.019126126768241006,0.1300884064954315,0.0018609181262588263,0.004959048296337302,0.14557836020588713,2.8532324874757122e-05,5.836238956319934e-05,0.2586257176623067,0.007017897665090709,0.010601780440501883,0.007596763841316744,0.0059635987782742685
759,759,0.6221280291868618,2.0234044939063733,0.34415670127471903,0.6649700520023795,1.9531555094531172,0.0018208689398445121,4.74048083794137e-06,1.680459081928848,0.052773868909280555,0.0025226153686451146,0.675829319102307,0.003514329025831038,0.012760544378095847,0.008783872617017525,0.5944171908995559
760,760,0.09413145900274744,0.21898533360610736,0.03627612492018776,0.0856935722780585,0.21715487788755955,0.009551958081371596,0.0003480161531567831,0.06444764167575735,0.0015191533432414423,0.021319600256957033,0.24289514935990641,0.010072339793358979,0.009071706235348394,0.06542647264802302,0.02337919757943766
761,761,0.011866334516956949,0.2995635258911194,0.032550344438714116,0.008751079116233027,0.29265184660237165,0.0025435481739426273,0.00672515502260462,0.043604419657315076,0.09708535370205472,0.0038834768769116837,2.938427531940512,0.004987747197334404,0.15731806582893254,0.007543923048251794,0.1306248347676524
762,762,0.015444833961263227,9.160648066959033e-05,0.023497049457010925,0.003555745779320002,0.005801383932154943,4.8425325533408116e-05,0.00177721706624879,0.004827357917000922,0.008814804369822562,0.002447523529765686,0.0606247932353062,0.02348113762526088,0.0032817262520504252,0.04334250964212979,0.0012457570397628357
763,763,0.0011136022277143858,0.010692698181534977,0.0002963730840739683,0.001506392490274588,0.006503244879426987,0.002209094920673492,0.006121632718876127,0.02580727175764514,0.00012850648266871562,0.005573304128582414,0.6953110348808523,0.005992006759641046,0.041828739880790757,0.017898572286543856,0.10617072643101091
764,764,0.001278319631475077,0.0009345594237322447,0.14843324859949217,0.0013995136620248776,0.008875192225001084,0.005488216723394475,0.00350646838722031,0.007455846705350373,0.0024561626643202143,6.423099054532173e-07,1.5167780046171768,4.7410426241707505e-06,0.08797632813531106,0.0005106016149212302,0.15967840296078212
765,765,1.3841883385610398,0.9163784215654733,0.4836372946915994,1.2772662036171103,0.994330621078153,0.00011856876003130965,0.00043100293671996987,0.5852324371165206,0.0014786291876661764,0.000952104053369662,1.1511062261381801,0.006665848446480982,0.11656771478372382,0.004738910091115421,1.9186911243162035
766,766,4.927040575852378e-09,0.019385416923210528,0.0009458488346048117,0.00010666343570307492,0.011345916570700438,1.799622161715346e-05,0.0010593429341092394,0.17668792847661993,0.0037655378741372433,3.152997981291314e-05,0.12003094323176484,3.4566340100669585e-05,0.009128573924623174,0.00034390406459125104,0.0639843612453973
767,767,0.05236805930906643,0.0018855163469564257,0.01386645001902347,0.029601711494965918,0.012408032715186224,2.428381272333977e-06,0.0006732357428568686,0.00026699700424187296,0.002367809989289683,1.6859970555034885e-05,0.10319447779766905,0.00048007961162897247,0.007752356263283044,2.273461116317216e-05,0.05713157730174216
768,768,0.01796666975339044,0.16992156321453994,0.04213725833693086,0.026279608234080303,0.11512497217557785,0.005840276482375897,0.04819574977152545,0.03216832253218428,0.016663506352667428,5.914593132477049e-06,0.9092392980651508,1.7981756280372122e-06,0.045682494946309014,0.0003877801109475844,0.013110105708280398
769,769,0.008859467717944497,0.004332916907213916,0.021253900882098026,0.0027977135010761683,0.017178447527677856,0.011666997654813119,0.00804561769929876,0.06424264340619713,0.011027420492220729,0.0026676114656680548,0.5597002992361526,0.00022194625062259103,0.03585462220429678,0.0005820638869687478,0.13149869406531906
770,770,0.032749232276964385,0.08628241194730417,0.012420733752814703,0.03926462770815528,0.06632082067029738,0.001173875636988805,0.03434849496532976,0.3530961374762866,0.02613900200416315,0.006827681343904982,0.5043397823621529,0.0047475014588561695,0.03848819395676852,0.01962911493100741,0.3010211250542519
771,771,2.5030913556783464e-05,0.023976920166185346,0.011930787712242024,0.00019787685864538202,0.013892246114345178,0.0009895965560976299,0.0017063992868619757,0.0657008230302723,0.003147863188619117,0.01882058751233788,0.047484917234833966,0.0024883695486442583,0.00182442377040858,0.032589610561772585,0.0007522502319334105
772,772,1.4332314152038403e-09,0.08336081982358629,0.01782927457841941,0.00036033582673273347,0.056929929024164716,0.011066683314119134,0.05145203591570997,0.026927510281059403,0.03277274026572423,0.003076878928962748,0.9351946547459413,0.010923942279416605,0.05108678593773757,0.03189614936381589,0.04862682419938556
773,773,0.028435394826243514,0.08610023392585728,0.029672348855732757,0.030058074965311578,0.06580044613715742,0.005265588332446974,0.0038194755479563614,0.029167246507628333,0.00227116317648449,0.0009591759751613242,0.1554716477561293,0.009067062266222933,0.0061771798164442565,0.01481527774175836,0.003908035953966174
774,774,0.0014131924129922068,0.006087228123572487,0.01980110423806219,0.0017672564318483757,0.02064434293438704,0.011304153464555893,0.0002683915958000784,0.03471513955948849,0.0017411322589037063,0.0004294501903314258,1.3127216230920782,0.014557718632956686,0.07739091012522172,0.01353842853637513,0.16492051595399956
775,775,0.36527182161922794,0.16326491708739477,0.3545655351415288,0.30125407940005267,0.22590769236557312,0.000764991169333918,0.0002255246441971283,0.0006694615859083249,0.018587783181859916,0.0011236914361532158,0.2764870465081543,0.008716546564539225,0.00872278698849864,0.0036770163583715685,0.06271755630338674
776,776,0.08091091154531399,0.0077755229663520236,0.01503395733882036,0.051227066629503104,0.0003230732300467019,0.00030567925636824277,0.02202475636829526,0.02802877243256402,0.007034243411834809,0.01566887555316121,0.4770803242363422,0.055195004615672554,0.029353043458963453,0.11639043409653346,0.1027628928546472
777,777,0.14469702451810965,0.2850047766874203,0.2590544224698402,0.17776037500194222,0.22935127554913395,0.045031739590504376,0.004707304989221226,0.10743313934764906,0.012156903532726557,0.005175105660216543,0.5319984720603494,0.000589728859416156,0.01994664998182353,0.0017728210386534218,0.030857953482705255
778,778,0.13878754690688805,0.12021199094975789,0.0901032768200578,0.1790262929269982,0.10544030073304021,0.0009179904701546503,0.0022141127379338267,0.23675289143439157,0.0013805246911498107,6.219505858817813e-05,0.5250537755165368,0.0007549307494600341,0.04372804582426535,5.783308652247831e-06,0.43446294326148815
779,779,3.966698788760472e-05,0.07960639346862373,0.03598122052268791,0.0010952365982405527,0.05336524074163511,0.00225922204867222,4.260430684156637e-05,0.04493314062016474,0.008774459295352637,1.6440177317275536e-06,0.813609047327814,8.458893623382964e-07,0.04321009451575259,0.0005119815949098178,0.032141581722795055
780,780,0.010623676850353944,0.06464062227939842,0.0035491930149987574,0.002342337107011891,0.031353744061752314,0.001697690428037748,0.00315414472987749,0.030423243460078846,0.0019918849241600993,0.0019413964846869485,0.905296140726838,0.0016648801761899434,0.050775693446826975,0.003578189556428016,0.07375796815693933
781,781,0.00013726485049074104,0.017199495004114336,0.020179132759225955,3.842198874199705e-05,0.010678626545260625,0.00023270936102538642,0.010254363095784013,0.09531225944986177,0.020313955155886354,0.00015805082212771033,0.20455863754338463,0.0001254548891658971,0.013673212770121703,0.00017896614249458804,0.05886191017755042
782,782,0.00705155174568865,0.00511220124190958,0.00031233067497956637,0.00444901468144979,0.0016592794231056346,5.180734529059191e-05,0.0016514354806160866,0.0659836493532936,0.0025309190009273736,3.1883411852141996e-05,0.001044145780457027,0.0008781225334048189,0.000131327995261546,0.0011678672969802763,0.0022435009023705184
783,783,0.07590699238297424,0.0002811976302890477,0.02831087848018233,0.05434530462015054,0.006302590682662404,0.0003031285559708796,0.0007468149372501518,0.012425005098268752,0.00812066283847051,0.001374065859495735,0.5856537573472482,0.001902014788568921,0.039936212263650094,0.0010201663208518233,0.19358924571608663
784,784,0.03646353557925233,0.00023751417653373807,0.0035256544316383523,0.0647423741498213,7.142282281020019e-05,0.0072991604671776966,0.011143588616659844,0.11880946884319271,0.001160050624157366,0.004443949888295557,3.158271390030794,0.003009786771671895,0.20019533630631584,0.027303475697701488,0.6412150123620471
785,785,0.0052454483628953,0.052479875712159334,0.021614720915360156,0.008062800423456178,0.0377870980930473,0.002617284680405805,0.004009876825681211,0.03553257129801433,0.0011039854381208046,5.800281786674106e-05,0.18089075734708182,5.62791248054717e-05,0.008353218351568149,0.0005295236139427421,1.1635111415174342e-05
786,786,0.011589427209338025,0.07251606818679114,0.002738167887323268,0.0037894394804697876,0.0377886075868259,0.0019203948569066816,0.00019355531678705857,0.026878831444472846,0.009783699120901093,2.689217463466867e-05,1.124911510853231,9.634528506012397e-07,0.06395339339754705,0.0011452140280497826,0.09835694759129072
787,787,0.01362008942040094,0.11535262529784925,0.10560263741388566,0.02241393800177112,0.07672188021124379,0.0047650938816168,0.0007293999338002843,0.1621925332073124,0.0001956302337414454,0.001459851838866771,0.25970613634193646,0.003156259044981399,0.010581504600192521,0.010977941235117106,0.006512377689477437
788,788,0.13464631769437524,0.15586563691710953,0.16338557175543933,0.12345634426316983,0.16719724029185012,0.002531025402380973,0.002383583676461492,0.31172401794777743,0.0008761358289391587,0.03397092498320679,0.05292120308648015,0.025809279833100253,0.007869251301226267,0.11314766607170906,0.25986981346588195
789,789,0.029464188181232576,0.10105863545008097,0.02625323349928708,0.02250566784929687,0.1432301717132262,0.03004085497782544,0.06019165575277315,0.006737427941582974,0.06936591543942458,0.003778890503581097,0.8258902355023684,0.009086973514414247,0.04247426020888815,0.02856222424473056,0.01597508870014864
790,790,0.008873519542469578,0.045073589067095084,0.002170743496838432,0.003366705864524536,0.02603112774609029,0.0010942600789409299,4.147395148149108e-05,0.04891657629436384,0.0065346384963410435,4.660076820504793e-07,0.5020815943881459,1.2995573620332062e-06,0.027795474721607455,0.0004706488848377044,0.03397980702287135
791,791,0.022761007927525615,0.1546940544708093,0.10860606381821745,0.026841217976932615,0.11563808535410094,0.02939119274705302,0.03212929824689983,0.012052503013743854,0.018571530827414775,6.113179158275211e-06,1.6407881650110974,2.1101234193035923e-07,0.08601804071920513,0.0006172486784991007,0.053400372977925256
792,792,0.08715091686903051,0.3402937092930559,0.1454314323276261,0.09917102804807561,0.27385125778402913,0.004417719103160662,0.0009565572245520353,0.10774282551294921,0.012463283178589175,8.414802919943439e-07,1.1144120960350201,2.9457384933199224e-07,0.050782045448323404,0.0005236017297175927,0.00021571808461257286
793,793,0.036967537986313144,0.0518741718019847,0.014968168834060346,0.022546179643040967,0.02562610371488971,0.0026255884269100194,0.00037003227049346715,0.06807279736468999,0.010698278396165321,8.65562472047173e-06,1.4631767213008677,5.438397512069428e-06,0.0843155951126005,0.0012380488190075623,0.1487659751080676
794,794,0.009938012776655314,0.12773917934963913,0.03231687443465706,0.022856435733991928,0.08325390324307089,0.02033760401166376,0.014378907021288724,0.01661850497287512,0.012150931290493064,1.9239383771762843e-05,0.7889764780343215,2.165612635227349e-06,0.040282852212172156,9.388128793377332e-05,0.016643648596764413
795,795,0.03894691145903732,0.18556890042363874,0.11354311454900684,0.035510577050525266,0.1850320646732183,0.033254592460391634,0.016050359299828898,0.14450448731275575,0.021501700450468085,0.0020080287346389333,0.6952760281904131,0.022852709450081148,0.031651413107896355,0.043921823258587255,0.0003830390085310669
796,796,0.11114324838386237,0.07692839976583936,0.24242843620936033,0.06585686492545109,0.132157860024996,0.00032093028348110104,0.011543336256218742,0.012378538328058724,0.006142752623010592,0.007953069507827225,0.7002949901093914,0.015225169498961948,0.03203950100253399,0.040529112000751905,5.1034657761087865e-05
797,797,0.0003105541735071573,0.00042535585193206746,0.0053214673215327595,0.00010407845414300455,3.6448509097564463e-06,0.0007846837054384293,0.0027718638631318614,0.005230595224060064,0.0026679537119229184,0.002506866821354197,0.043021011864182127,0.0011860194048325353,0.002643746709537682,0.007557111032436514,0.006040237147956388
798,798,0.035625019793362696,0.0033623582182279155,0.003931232039652147,0.03781883469166818,0.0010406266282435037,3.7998656409368684e-05,0.0002526007287902272,0.047081525508157446,0.0033712531312710776,0.00036834619818370493,0.1623154364751737,0.0029553633018863834,0.009977159873865132,0.0033058928965024196,0.030936486287556214
799,799,0.007107867498787095,0.1200284751805368,0.092525248144019,0.011376708740695246,0.08074466724991075,2.813935752276543e-05,0.006066497040177963,0.11899118832206274,0.052045776037967825,0.002139201557987342,0.5954025544996764,0.004296873542056851,0.028273011152788827,0.008197464420640569,0.0018605866578926397
800,800,0.056545141663334526,0.08599825014839477,0.11023953627109614,0.06062657398959229,0.06222190390252018,0.0007789509852394706,0.026985862275081127,0.06007778528246912,0.07291109168958534,3.680860216650241e-06,0.058174548556336254,1.1146268391237852e-05,0.0013943965109331445,0.00015138323911504832,0.03231523434704253
801,801,0.3004009400134486,0.08679320206660329,0.12188885029026322,0.2781556541156996,0.09376870862924745,0.00015632387389131672,1.0616168957562524e-07,0.006551980882039347,0.0004120366888690997,6.880192882061486e-06,0.24719940603793325,4.9348926094650086e-08,0.02272458740225191,0.0006887813847535836,0.29976091141233807
802,802,0.16999632724427635,0.2880592190305496,0.13051886381218217,0.18640798992997637,0.2746551779524659,0.0031196735867314146,0.007518067655401228,0.11369862996307345,0.0003141773545176367,0.0054582544187880225,0.1692085376180413,0.0009891537112054721,0.0042993743208160845,0.011476010501032991,0.08401943716193173
803,803,0.005151047736334498,0.012166027436209162,0.008770914799753457,0.005302714788934458,0.013895144662507323,0.0002539656370739521,0.003822389444390873,0.010631165832177759,0.002208294768917309,0.00011079285216913079,0.03538197493082627,6.645798159877178e-05,0.0019082800485743085,0.0002690977623318013,0.0014740554873663438
804,804,0.11509416849147036,0.07205985695120576,0.04988568491698301,0.1310236335045211,0.04536084476826824,4.223866985853414e-05,0.001982088316657403,0.027331874194451707,0.0016724388962036962,0.00015437878194149383,0.1523167619858991,0.00017176194016755786,0.013735305615343666,0.00011655560663319074,0.1732326338146885
805,805,0.08344068183020065,0.026939858170488138,0.23608041702367313,0.04800161069479738,0.06741910203585488,0.0008602497222580402,0.0019397677026607182,0.005224322478648215,0.013517532437535871,0.004321250389184409,0.4030810063062712,3.6680438941892295e-05,0.018287159153333375,0.0026115836322301977,8.294583934136806e-05
806,806,0.022909546725697016,6.080146629401697e-05,0.005115052338520698,0.02306723347801427,0.000304879751355743,0.0008640362528695475,0.019237880675292723,0.019193199123655677,0.03761013737909173,0.0024332361797596356,0.06026582257927146,0.005510220869319605,0.004093636028658954,0.01936292702327591,0.016806309717585236
807,807,0.017367074792626606,0.019844944917117774,1.2033972500920659e-08,0.00596174059525297,0.004192788623732276,0.008414363895069306,0.002631734416996446,0.02148918373683447,0.004425628265155926,0.0002029444296067779,0.30457063170333615,0.0012224644068138705,0.017547255151925418,0.001229153158056054,0.03363810045069292
808,808,0.04457864772708617,0.11539440063501027,0.04729351827962259,0.06046989907701479,0.09175844978489975,0.0005907014449745315,8.806321859289177e-06,0.19669594172510005,1.7583123256815166e-05,0.007135673723248666,0.02152719039900435,0.020219481198042333,0.003516099494788242,0.04910827445576626,0.12719460169870248
809,809,0.04615230324140651,0.18136898382886724,0.031830518302329906,0.062407072043820344,0.11923820034182231,0.004923178234976051,0.01069907979835629,0.003927017195362129,0.000416143627152879,0.00029635845190212893,0.6847857059219001,0.0001460795681845194,0.033238970078283796,0.00023992011655364932,0.0034851945533433417
810,810,0.002096920157222603,0.03244687895373545,0.007302734978633435,0.005447569107767157,0.0373464777331784,0.033524511335771424,0.012679487228494442,0.062109423877867345,0.03725885751039753,1.6522095571298593e-06,0.446318303038975,1.898904296440547e-06,0.02399721878833548,0.0002605991672909915,0.02301980939886192
811,811,0.04083835214953284,0.006949053479363244,0.00013375114440921957,0.025822418337721177,0.0006724612456131804,0.0012697279917130446,0.00015257972182814098,0.0022708111038528063,0.003913569474767758,2.333713380260158e-07,0.7431889109798746,1.686043818515006e-08,0.04590175757044329,0.0006101041227442143,0.13219828417526414
812,812,0.12277742722425185,0.031315840541274995,0.08777711964450718,0.08974489416303284,0.05125590634852659,3.1729932579109835e-06,0.0014061166130884635,0.05286454802040007,0.00298216151473992,9.77640517038251e-06,0.1810356732465307,5.459858720688106e-06,0.015937062764821024,0.0005536468097655466,0.18451366922894352
813,813,0.00685656633732887,0.0016905029019459305,0.00025009314889188825,0.0009661454569565527,0.0004323650147682066,0.004417086162178164,0.0019300240884233366,0.009438646471000752,0.0028655046546669717,1.5986606211239536e-06,0.20855717019510103,5.943037068699719e-06,0.01315789027912018,0.00012284272580400063,0.04306237056324183
814,814,0.07870727912681823,0.0029804736464882427,0.1501315484370744,0.09909617320503226,0.0006404028840368594,0.019598956824923568,0.026447953604985662,0.0007673823517180139,0.09162494075819888,9.185658058875533e-05,0.06147210867329666,5.6084359527706475e-05,0.00548744833210554,8.651682361300544e-05,0.07048069938034479
815,815,0.00027818863241804075,0.0014140319223929737,0.02952074419608645,0.005479908631444967,0.00024339889848106435,0.0005964140368382803,2.6481540349668096e-05,0.033207164611301875,0.010273688878782845,0.0007453914289968548,0.7797526983567721,0.001007564536263004,0.04790481663689267,0.0002713644719464803,0.12866718865303042
816,816,0.004313824179980796,0.005887382648980939,0.0004181980469836618,0.00031253734248938683,0.00020365538971278327,0.0005203900336905957,0.00021853860424097027,0.02164708250923771,0.005624945943530061,9.625993068456742e-06,0.395891063681746,9.400572715977375e-06,0.02457521723045964,0.0005173610396003362,0.07026323615960797
817,817,0.01317076899861437,0.0012157136681549786,0.032878143432688176,0.0013460455505515058,0.013722264775678485,0.00025753305798958503,3.386840483243537e-07,0.013062333113123131,0.006385813718485245,0.0013012317363665779,0.3640622495313182,0.0018362211062469252,0.020586380120908628,3.0389548105243646e-05,0.028071981480638983
818,818,0.00012281981932441856,0.06429865784715649,0.0025924252320300902,0.001806546494575499,0.04857569764894477,0.0002542033080205164,0.03560756434132256,0.12413017962218939,0.05016954246731825,0.004757834209299462,6.674801067750638e-06,0.0003588592894482835,0.00016333970416703032,0.0017283058351499163,0.020739288271727198
819,819,0.05171993687902069,0.11056260714453424,0.056755890297432304,0.03990452516331865,0.15234179216239194,0.01755229563133955,0.03941570291815222,7.035626708037277e-05,0.022201873754555075,0.00018322403412038103,1.1029248772431879,0.01551355316360882,0.05637222322165525,0.015207589682978955,0.024967284724325828
820,820,0.00036168566833131503,0.11044033858399524,0.004273565831998329,0.002040965229519847,0.06711565298689438,0.022087922158012186,0.021345403757292405,0.100260795047361,0.03923877808070183,8.369099667573662e-06,0.29214718445384713,1.9835971304492724e-05,0.013768147893427061,0.0002800768934159876,0.0006084105924319485
821,821,0.15656373270552665,0.11588814155550416,0.07242823984005826,0.23265743248564227,0.05348349743717179,0.00023635267288533597,0.03563845331124829,0.19515562429408392,0.06966872544683342,0.0004294201873679888,1.1308762763413853,0.0002828903803437656,0.08480906759311332,1.006316255230331e-06,0.5988582476856111
822,822,0.05718880584560252,0.04905979211813298,0.06519071204643101,0.03685194570234721,0.04874962926552281,0.0006570671923403509,0.009437383979176806,0.008235549785688126,0.0020957405342758714,0.012534528225745254,0.10597999334975766,0.005945915618251633,0.004156530135072395,0.03644389603703171,0.007097309173156906
823,823,0.029994027728531644,0.11443097836375223,0.07578857243692004,0.0348912420066149,0.07821025864531937,0.0018710528442294305,5.431433029781505e-05,0.028325884694770893,0.006941142727338099,0.008581833875111312,0.5001694398970822,0.025227838867024774,0.02418951446055094,0.07124820818521521,0.0006752949142571725
824,824,0.008354949923488038,0.05553033935180271,0.013874151968786264,0.0041815327731279444,0.08291462544614732,7.682309666616172e-06,0.01933091576116531,0.0007299323370848105,0.08490437820368928,0.0004596701895667956,0.8397975621142569,0.003840839675027772,0.04571353307436185,0.0001899859742876744,0.04289413533117614
825,825,0.030532669293824817,0.0160438755136055,6.890733882408653e-05,0.07080762516382091,0.0014899825623552307,0.008199345481123358,0.002811417156738047,0.03935411308873076,0.06979706801601962,0.0007096813184013285,1.0461444644599798,0.016718606243918018,0.06954089515245059,0.03570512160428827,0.27722791736072233
826,826,0.00093684661175684,0.0385008700550178,0.006024399025649801,0.0003476379053051852,0.022799030258732176,0.000944999464355917,2.834020001291178e-05,0.01814326601973002,0.006509817524461361,6.513405585623369e-06,0.4682751094703624,3.6830484219759475e-06,0.025826783710433038,0.0005447756834982141,0.029564491787466934
827,827,0.10007454743942118,0.24966255261477296,0.14234660430281734,0.07382335301382338,0.31370817592329,0.002304897932686563,0.002257051112893207,0.012629637326472655,0.026622051624212932,0.0006803808363066302,2.1162522672123223,0.00031576354024720715,0.10724412125757056,0.00017982398472991877,0.03482575046773513
828,828,0.006201169923798287,0.002482341970376168,0.06417525529632925,0.021004258041887634,0.0021189897819494665,0.007345067995804752,0.002559624583311125,0.01467772468750093,0.004468967103566885,0.011071758241442579,0.5274852577260699,0.015293775382939941,0.03156349008148541,0.0620636785677233,0.06498796537157457
829,829,0.00016102188472424882,0.06300643415833371,0.040695197603379564,0.001048989772001217,0.0383875083348234,0.02419790747502974,0.006362680682978818,0.12818488699084216,0.021343200009681294,9.549940336599493e-06,0.2276746053303438,1.93798131598946e-05,0.010330344576249888,0.0002492234055970384,1.4528511475418313e-06
830,830,0.052173058557179394,0.0005731371111339425,0.043008645753521695,0.06365547642533756,0.0036659825003251757,7.123527405079556e-07,0.0010805525813103135,0.02610743591891352,0.009547755763059038,0.0005476425299197386,1.2120690149795048,0.0002882398423942985,0.07873066235874146,5.3850338068635465e-05,0.29778352194184254
831,831,0.01104921650161209,0.00036799764252603374,0.011845273486459066,0.007457784603946851,0.005661032918679542,0.000194793682373949,0.00019288289551827871,0.004976401022378609,0.007236834067697023,0.009364419749681184,0.43495646548929934,0.0005919469389716923,0.027461981456835993,0.01935536159069864,0.0826622373149544
832,832,0.12123605792175744,0.04981149560818673,0.10084956986778428,0.12298005382855902,0.04002621853711957,0.022747430038208716,0.0008865205870585069,0.02133834434950925,0.030183913202310727,0.00013522585505143376,0.06910257637098344,0.0020114637818765763,0.007503488778616954,0.00024141547042940626,0.13655322202527986
833,833,0.00024081533527543645,0.00010074398653105819,0.002106374878416271,0.0033664839886741356,0.0026585085011096524,0.0004578238443053351,0.001691688621724333,0.0006330474680554546,0.0015201960014291792,0.0015224029256568489,0.04005154845037308,0.003472524791742482,0.002621547578217571,0.010629586614138412,0.008623469035441155
834,834,0.12690957862089644,0.06557683894106543,0.16749744881607898,0.17525402408281557,0.03727980752533568,0.001798387433670859,0.004507381965406228,0.2896544453439599,0.0006960095494590936,0.0035713538162972023,1.0405795032792553,0.006378268126878851,0.07823159953760986,0.012148207581483097,0.569540622654475
835,835,0.062312793697548156,0.05977831136774227,0.06415376054625795,0.022533322767201533,0.11977766815707315,0.0007448365729438968,0.023865122235171204,0.011865226899069868,0.09632119900202116,0.011348450632760295,0.4147394375086937,0.023459061383961546,0.01911568720160216,0.058905825590617654,0.00023441165808221986
836,836,0.09139444985601351,0.00022763283305190826,0.004377732653971187,0.11649008649573836,0.005718895715576487,0.0022635712269692713,0.00038984441502581946,0.018983067331677136,0.02091419724506526,0.0010957125552855372,2.877182793783618,0.0034191082748376905,0.18161747150565374,0.0018848647006673457,0.5963785902946531
837,837,0.02703379033389635,0.0032950065644016323,0.050531514746699105,0.03469858180213453,0.005762234494677494,1.7750382569273838e-05,0.030554701993264564,0.00019881552006818226,0.0523863035978672,7.192554736895188e-05,0.26527490183694247,0.009549945720148735,0.01736908568479966,0.006886812671777757,0.07101575515792359
838,838,0.03527366970887046,0.007186176263761869,0.010111578435536516,0.09433001018857054,0.0437444138081209,0.006355978602351943,0.010052014936012025,0.04331352159823613,0.00016071346165773438,0.0005555488362782668,1.9895207380041247,0.0003147027803587839,0.1183026223588004,1.0748612451900814e-05,0.26777942292170137
839,839,0.31790156259928276,0.1655451147842226,0.08200068113484071,0.3466473387178284,0.11673528919829122,0.003889660247254183,0.007833767742550065,0.2896175646467405,0.0005687172869430833,0.0039371532484179855,2.124965200678151,0.00015874181483101113,0.15679162136999597,0.008533541792981937,1.0374472109886363
840,840,0.0024641443344253847,0.019355051385389024,0.043554246017975196,1.7135749073795716e-05,0.036537197089422144,9.841684664890145e-05,0.004458013201882297,0.02681277680711631,0.0025825428441362593,0.000138787146016525,0.4107168181128655,8.562755558328737e-05,0.021509071300477123,4.0646408344464474e-05,0.013287944573546703
841,841,0.17592663061593505,0.27598122922126733,0.18391759059370197,0.19687083834024377,0.27673423830965016,0.0019465699426347459,0.012404179991987516,0.014895404894789065,0.001795219767301842,0.00010240011963850357,0.8936471781702792,0.00010338032483689744,0.039191335301034864,5.853497391363859e-05,0.003974045981655146
842,842,0.01448213134487296,0.014886873507659975,0.003374364478362849,0.009669507109425154,0.026046773965325832,0.0034746974876879674,6.80216283390031e-05,0.000174860540831564,0.012109189495649125,0.012006482131453895,0.04168547486053173,0.044468542220319804,0.001997514415402309,0.10691443672308087,0.00042305522018764316
843,843,0.04519735762748196,0.021120570080022053,0.002292685706427778,0.05566229468132301,0.02933777790428709,0.016046546038787034,0.034509463121569856,2.3419789341678978e-05,0.013582495435814931,0.00010521059515835644,2.2139112134032763,0.001491259860258173,0.13445588459769056,0.00015850125781362645,0.34992268448683006
844,844,0.003213277711014466,0.011821392074173293,0.0005910152687345139,0.0001612413818347046,0.0020137473199303662,0.0001676930549607133,0.010635847719185899,0.03252641081548224,0.008621411811605566,0.004260357059414652,0.016927170182278784,9.572354171684942e-05,0.000718539378747618,0.00536119619221741,1.2404696602219646e-06
845,845,0.008202376513051815,0.012362641797103207,0.0031908957317988993,0.012790495736729048,0.014739485039156367,0.020809684288281467,0.002660384833238928,8.620831877836906e-05,0.08986619062721948,7.441050294562293e-07,0.5772899772275668,0.003571039304556995,0.035189814181445615,0.007454751294301614,0.0845463457779386
846,846,0.10781421737948502,0.040224142863125444,0.10742615307802378,0.11423510977615761,0.03336279539809864,0.0022893206568303705,0.006532027393450441,0.0820546925920523,0.0041610471704310766,0.00011433138036296722,0.31003545199252946,0.00012407834800339592,0.025455189412161933,1.0818241758746457e-08,0.2437855322664848
847,847,0.13548440165818096,0.007997542295061881,0.0009770505897037846,0.18305508860878944,0.02406031534212231,0.002373312368739342,0.003282307044360147,0.04461923030105562,0.11518032053026843,0.0012146584112414285,3.189574774064473,7.02583871694114e-06,0.19611049116983434,0.009168661864149392,0.5354281886228194
848,848,0.019665938200731606,0.07910561238740625,0.02487389870539295,0.008570682957344058,0.11874694079754058,0.005993352635116302,0.005625669533914475,0.01280308704319377,1.1843716624647288e-05,0.000399897507500151,0.7585586900434407,0.0001271480747633874,0.039124835388124266,0.0001794205731102709,0.018603096532683182
849,849,0.18416409366610278,0.36667293648652083,0.25723048488332023,0.15871872125699393,0.40433131089130014,0.00968555713166417,0.017385211586919413,0.13834159800846096,6.368506728582836e-05,0.004357452415342169,1.0855531488343968,0.023876275207817883,0.04548718919598367,0.042507757087997686,0.011785963912867101
850,850,0.04174656259900367,0.13671762868023754,0.12658658941081488,0.008999356610943756,0.21939481745880174,0.0060570952372228535,0.0022551114059914112,0.005611208858057232,0.020693067081534764,0.00020280960318870358,2.7162073827061586,0.0008148807663100392,0.14677662199210093,0.002650008952072805,0.12850876440426529
851,851,0.3781223123386378,0.34752983059605885,0.18161416629232985,0.296182817651199,0.4248761961411883,0.0010300316301997089,0.0016434862145679107,0.1573308749195293,0.0008762801173958831,0.01339883401350535,0.014640688988225067,0.004270287873083162,0.00017879422130655283,0.030604540412435936,0.2553381464044818
852,852,0.023777525517574935,0.024119500222771605,0.0007237736327330847,0.02329508706467655,0.017334360653888138,0.006051020903417446,0.017896508484114837,0.06883158624960861,0.019707651346510664,0.0001606596959070451,0.4582848780975976,0.003398490345618317,0.03166547112442472,0.007035460345381516,0.15948221659862793
853,853,0.0160250048620926,0.012046074002740204,0.01124923654113396,0.019735173711579703,0.020257253065861423,0.001111529635044041,0.007535400633247252,0.1435018748420364,6.821373189864963e-05,0.0037691859546143463,0.4005851541878302,0.004175729360485713,0.029076033080615925,0.020091625140625086,0.16878885815377387
854,854,0.011774525425437384,0.05770249391027818,0.00559461373211391,0.035752298149775555,0.026299946582403064,0.0003289200137640929,0.012986669454824996,0.24369465314980038,0.004396909272079448,0.00011777071724817716,0.4919385155317034,8.47737160794502e-05,0.03612223061353757,3.57476935443507e-05,0.23346960438093933
855,855,0.02785538572440886,0.05867107295917359,0.1486285103017033,0.04279314641315466,0.029255424988798174,0.0238612034188125,0.0018544929856359426,0.01361080629763137,0.006401048557077521,1.0369121642933094e-05,0.36222705604578415,2.5775953230462236e-06,0.01676947375230252,0.00012668712723217068,0.00010282051239650395
856,856,0.01069871020429601,0.10615491883137082,0.03187188311157232,0.006264356918947925,0.11850631192447898,0.00013950071698977742,0.0017398005757546617,0.06034143291578556,0.008562785434245903,0.00023584675681688247,0.682232218187362,0.00018498614278773042,0.034126931276544197,7.772687573431272e-05,0.008946751016248134
857,857,0.09080930166283824,0.01100719545607945,0.03122235375732299,0.11862098089620617,0.002040681216709359,0.0016507138491905992,0.0033976878253907214,0.0017505950106880572,0.0004997762687116244,0.005791807062970621,0.6127004590412617,0.004435345810377397,0.04279369583857893,0.028251433735581838,0.22010456486581423
858,858,0.026488659858017728,0.00022926392791049446,0.0017121829898114086,0.02076702405995575,0.0014568824372596881,0.004106120107438375,0.007271535815739135,0.21895525994670545,0.011511720213706077,5.645042250891659e-05,0.09576485340500965,6.322049619872753e-05,0.006221001990456325,0.0002653155043614784,0.02137610044415829
859,859,0.04095054186959357,0.14309995336054257,0.07649261206529828,0.04794446305501557,0.102096149748156,0.0028572669322920177,0.0029234575765481174,0.2449325713353234,0.0030973474764793532,1.324064711807405e-06,0.0028041475853925915,3.233958928996463e-05,0.000185702562284435,5.278592556754185e-05,0.0913996930783186
860,860,0.023049054968796688,0.051952950243626485,0.015274680219899939,0.02190630946965718,0.04964792711753839,3.294508539122273e-05,0.0011614747361033278,0.0738541434268048,0.0027688922827673107,2.06078889034312e-05,0.0013119192841613736,6.10936575784239e-05,0.0006153908003501235,0.00012884355991384496,0.04398338485266909
861,861,0.0030636071140321105,0.010536491064950977,0.07502073383461584,0.008272642243326014,0.015990069577338995,0.00857082111077671,0.00045359552834468473,0.004383243117904717,0.012193473547488759,3.41805252758763e-05,0.005977154015297293,6.757017947631389e-05,0.0004058899299808186,9.782414306575071e-05,0.002114588162254408
862,862,0.0005298655758114039,0.00798760937025486,0.010798296097955956,0.0009346797632392213,0.0187784115438389,0.011901980120204787,0.056089530081926034,0.0008149808617354508,0.055393862496957914,6.235951727128759e-05,0.5758292914351743,4.1110756507096995e-05,0.03300884274179825,1.30805061411201e-05,0.05595687836625685
863,863,0.136858308815759,0.15686122790895202,0.20170200100603577,0.12290485885193703,0.15231938496607705,0.0006130183590649541,0.0005152880730341101,0.26822747691190496,3.858228406112069e-05,0.01197664811526301,0.00813402430622813,0.012591067484144446,0.0033912810830882064,0.05346178094494288,0.20692452606487335
864,864,0.022575593905526256,0.014030876350146207,0.0016973266596628672,0.02025165335270068,0.011196189975732655,0.0006052686227832819,5.440443860626453e-05,0.008926455719972104,0.002790813779045968,4.0973640842998375e-06,0.07498877284725323,0.005140403363430993,0.005760881554591641,0.004140397591700804,0.04670700410360248
865,865,0.01916049258726512,0.08198550484827206,0.011801229405892915,0.01716792711024415,0.07321536887240515,0.03624976001787486,0.05056256629259403,0.012066895792356189,0.012614667280612899,0.0008764534068567058,4.687010953397889,0.0004824627036617373,0.27715470056777824,9.578049110715747e-06,0.5925813440844012
866,866,0.03335064567936563,0.036706812158793144,0.001624656551481952,0.0411888435358179,0.04753053464350727,0.047085823187758884,0.11245007775961316,0.0045035153287710595,0.1295183116904622,0.0003387339603619278,2.0603512904008707,0.0002029690789457742,0.12264285661210181,1.3109252484969851e-05,0.282532063543268
867,867,6.705045862439039e-07,0.08848511356641242,0.012494460118806254,0.0019448450586244043,0.10918844180811728,0.0035855017639832122,8.247543251409733e-05,0.045798813640151134,0.02579361435618701,0.0014221756683355285,0.4698130296712796,0.0003020956134747597,0.025068560209875478,0.0010323862790131582,0.019338366506188726
868,868,0.04627771632462683,1.0596824408829617e-05,0.03639079166608294,0.060449413273869754,0.0017255237322469695,0.0017758490671522615,0.001290132652343269,0.017641762334219546,0.03528617779690157,0.0007731332548872221,0.8999486432052585,5.137583935009944e-07,0.05933137989317872,0.003646579929310064,0.23478166256070693
869,869,0.2705145618489003,0.009378065548307338,0.0074958513012571655,0.28793280172730273,0.0033353147704963814,0.005103730276426277,0.003309258900386798,0.009093587095771278,0.0018503742586717068,0.00930789568042609,2.3505754305103985,0.016340346338235008,0.15505326896626828,0.07438358210571973,0.6204402942468182
870,870,0.15426208669023075,0.05872774618936939,0.029304929346194428,0.20921899511929917,0.03272404370631606,0.004632802527184228,0.0014365537218902344,0.10458827916965817,0.00046111952736378075,0.025421728533942,1.6002411954429103,0.009448192145186872,0.1108975055787531,0.048883327289729765,0.6117679674577544
871,871,0.02416460904808206,0.047411052023963014,0.15147043258692233,0.04025755791685338,0.03034521928466426,0.010861074273783206,0.08714449929143797,0.018502667724687154,0.045766771186249174,7.935904453037392e-09,1.3033132734995887,0.0010092147011372188,0.07074142435476595,0.0003534912365013779,0.06901209034836403
872,872,0.0006140656028902195,0.00047034507756789985,7.399611622465738e-05,0.010014108998172034,0.007140566006157818,0.002320562443174464,0.0023007939453239716,0.0028188922104663973,0.00020040814808603067,0.0002262065349280501,0.37376966501565134,8.769791292693585e-05,0.022728255461747157,9.551330754118184e-05,0.05879460049898623
873,873,0.10523105223208395,0.06389850297995736,0.028523968193232087,0.13317442090435808,0.03810446523245918,0.0037781423705684778,0.012707457425778702,0.020526068504654646,0.006377767609602927,0.00014587115875851775,0.24588263887426823,9.530939567804213e-05,0.0200265418816514,2.3105054854631704e-06,0.1909289974691822
874,874,0.06992914127193678,0.056773745817621166,0.25658936218639,0.07027259245748016,0.04274224263045945,0.003339787573000395,0.002338611579048831,0.07988619772942615,0.00806517399211302,0.003411690109376742,0.052391329419294363,0.00959181845144857,0.0010146012151311886,0.0016038052144730945,0.04424229635763439
875,875,0.18549173340835023,0.18026172116248732,0.2378675000906817,0.19040739331930062,0.1650280041664443,0.0015266979536973592,5.646968319868921e-06,0.02594694198797546,0.009142115440826689,0.0003594091370942452,0.2739965964167872,0.005926995182802894,0.009385549199220944,0.01005551950189831,0.0401164996266867
876,876,0.011982577182268625,0.0008594900483458726,0.0012869449113094079,0.01478216009479803,0.004319932648349072,0.00018125565190863454,0.016099004544911217,0.0129993069683702,0.03527877268957597,0.0074696205308519715,0.13092693992681342,0.0003790010521055118,0.007923424940445793,0.002575854668437028,0.021815274226022224
877,877,0.06266839544597662,0.13010530609307353,0.08648604685341289,0.06530505849210924,0.09715885524286177,0.0012261386455743996,0.001696932833753885,0.07749094253355587,0.007033380226824913,0.0001027949510974468,0.09983018969022593,6.422243428667129e-05,0.0028596747402553015,0.0005030164619559919,0.03199189507717101
878,878,0.05799204881579042,0.028375912232073197,0.01794438430377332,0.08444489626846186,0.04328450590431404,0.011293098258432636,3.0638666134425324e-05,0.013021598127157353,0.006078805921365906,0.009501972639287431,1.8803487336352656,0.0016223720661058996,0.11498366168765262,0.009783022639581888,0.29959474595767777
879,879,0.017197512575810977,0.01576423598095999,0.0010816002472679887,0.032446222217083466,0.002744630685714993,0.000628961134826905,0.0011014184453524351,0.0028656364421008698,0.01214368808920609,0.00040561503866328884,0.2227726852371937,0.0001368124685672406,0.015098031593554724,0.0002703984044324974,0.072022529323272
880,880,0.009119966381707256,0.023533105048180493,0.047186687401986796,0.025816139694457407,0.03947066533498459,0.0046726344147750305,1.0445440648057656e-06,8.810093843297203e-07,0.029973674875525623,0.0018164312825428121,2.8882665480568352,0.008645131904549389,0.16968867329049878,0.008433429988017578,0.35155726879650206
881,881,0.0016607413109929411,0.012021332705821147,0.018585832067401577,0.00018446789138634143,0.003755577408850927,0.0005966857788378698,0.002775760788170231,0.0007045921585617635,0.002762865960030745,0.006077958031232498,0.03396922858622166,0.02003578329566289,0.001919027464012363,0.04663643687361514,0.004873256422504359
882,882,0.017382732371466807,0.00628723582380593,0.004145148759861416,0.03202212937948363,0.012421047917373538,0.002950562329215154,0.006583235328468276,2.226928502769158e-09,0.0002732099084794247,0.0011716640135481342,0.835627678811512,0.007417062408233466,0.05102724788069506,0.009301316854837989,0.14175844132039817
883,883,0.037949764694695694,0.07651630371091542,0.21789024628929865,0.02577377349956179,0.09792495746353286,0.010699597580901768,0.00265283210637288,0.00024045033131698846,0.03466307056607646,3.97952897845528e-06,2.074836152899732,0.004163158758598568,0.11217582019391721,0.00958887972461234,0.09714239419778421
884,884,0.06632311119080173,0.062185601735943834,0.09510243701536268,0.047563182635222086,0.09782427625892332,0.01812170121911497,0.027009585211287036,0.007454245954271479,0.017176253596380153,0.00019644956238585912,0.9298216522764546,0.00011139093981225803,0.04799623045805294,0.00016162221114823577,0.022700682438270843
885,885,0.049894968696854156,0.07797876785602391,0.02040850477149304,0.024086533665181875,0.11534052443469038,0.004860372196143852,1.943883693645108e-06,0.0014238773304478462,0.003303824580921995,0.001755500190440044,0.45844906367602867,0.007377167206094992,0.022267542589212236,0.01317684334131074,0.002983553246643567
886,886,0.004150601162079021,0.045716907198952605,0.010008959302104718,0.0033029208074908008,0.062047195909284,0.002507677253433247,0.005090142297191676,0.027436374109769866,0.0006265348706171771,0.003402523708047219,0.29531020451212764,0.013119455591573893,0.014447427243770553,0.02628685939077864,0.003562993099251078
887,887,0.016884753594721552,0.10183639528253899,0.016337319535265023,0.0027029418215198725,0.15448000346737054,0.005366941915882254,0.007023947383873115,0.04188673968012348,8.218304808870323e-06,0.0037850474996557167,0.8087668719017401,0.0009730756641323775,0.04129157604348449,0.00010723897876460347,0.016913809093102496
888,888,0.16186907763473116,0.08713005376100524,0.21161102116066072,0.1984026946588663,0.04953840793913826,0.0005765621826094675,0.0051439581204382025,0.04370388825750465,0.0004888293554627877,0.0022808650772679386,0.053084381717312105,0.0004139488693781676,0.007244537982744446,0.007208647176581497,0.18715158911519109
889,889,0.2596346893873492,0.08270422075042844,0.13236435913273156,0.28112424680247255,0.09059843545157173,0.031624379630097205,0.07264722759052045,0.039255092052106026,0.27724204388955254,0.0032947141200689433,0.02520073207542799,0.0020628663809635966,0.00027775452994386886,0.011284268473509466,0.05904781047228914
890,890,0.0788497919392216,0.03938449473260502,0.0614739448082832,0.0735332147755742,0.04554232848384095,0.0005739128593697619,0.0018169909227172356,0.06142648363540593,0.0034551521108152155,0.0010614162450577674,0.11706463350077286,0.0065400340720660555,0.010673233842591705,0.01043741513038065,0.14255475648291896
891,891,0.03532358309665585,0.0001360609669781727,0.060550869764579976,0.05620638045913661,0.002076932512991675,2.3591547662873868e-08,0.00036936064961359035,0.003755164068618257,0.0021846942505331416,0.00021541558713742342,0.10906048770469981,0.012251415972237894,0.0077598986974347535,0.01216115412106747,0.04888381928742586
892,892,0.1759414881953106,0.09943505793465746,0.17022237781908206,0.12543035076169065,0.14313424228586508,0.0021446879851471467,0.005442561187500977,0.019303695560754047,0.0003222152068278281,0.0002769768074781307,0.11347344640316434,0.00021599894582905756,0.0030479711316517186,0.0008716853035560597,0.046438182484613066
893,893,0.04004621265501108,0.14101229166067228,0.06369171104357316,0.01822931574492086,0.1848310679760284,0.03441219700142139,0.004424617662896353,0.08555649302935876,0.008771006588323582,0.0048127110186719614,0.7045922611996457,0.010289054019697048,0.03274730656701918,0.024494135045723064,0.0008795312367444245
894,894,0.03935482925227593,0.0010474764625250954,0.018667541438316587,0.035293407817711876,0.0012599634084395845,0.00011291576477437217,0.0004329199885469066,0.18419164764026613,0.008186585421384404,0.000493215368401997,0.26096325255855296,0.0058737128989519785,0.015532869550107463,0.011203349434564826,0.02795940373323027
895,895,0.0009151461300435351,0.021133216271222475,0.00011117029481427875,0.0009590720030929303,0.05117739395932902,0.003851064752753794,0.00701521588250792,0.012265952614155555,2.8903223913596284e-05,0.0004809280415696719,0.9483240837419912,0.0001987613400948123,0.05541310850120622,0.0001925768853886588,0.10546451607895399
896,896,0.0018970928425512447,0.025535226212021155,0.0009817290363310829,0.002398916192115092,0.031182373175651423,0.0056026522092083,0.0020966534118778894,0.1706002274144019,0.015415523165986333,0.005249061275220829,0.0038310387209186847,0.0025310750627261865,0.0005395304574182237,0.01664143336021529,0.01721131290043667
897,897,0.002814196303017595,0.138991293017352,0.009050934664687937,0.00012934414033543155,0.16528613653015156,0.0018889218193911335,0.0035640936986838295,0.17783295203757274,0.0007436732066571129,0.0007933796664137664,0.13466925232886895,0.00016208775671621516,0.005321497095773689,0.0008489565169417354,0.0042732725310502895
898,898,0.38921946040957534,0.025851117486714884,0.16116207892138407,0.4381401919467141,0.015250681630096697,0.0017315412241096287,0.004478107463349614,0.05108735123035166,0.002355088577595926,0.00692739100402518,0.6924271658381496,0.025814010677243277,0.050939643546939584,0.04418034961366241,0.37324891066757476
899,899,0.03840545020925061,4.795680231618818e-06,0.003266816171595237,0.07481039059516546,0.005439668267236127,0.005508914875580306,0.0021272700864932562,0.06761187004738264,0.006059882088783635,0.0009211803759640643,2.490479533451441,0.0004912359083216844,0.15755974468697623,0.0001196933854695198,0.5174976953790992
900,900,0.039321628345193226,0.059710133283679745,0.0254031808961797,0.06385141963983995,0.07726751796246495,0.0019075571879947535,0.006037893014031417,0.04798525757151284,0.01770624506161399,0.0010955136207811632,1.4949277781213837,0.00788603759547249,0.0883480277676548,0.006980130509912876,0.1915083244261542
901,901,0.00042081878175530605,0.00576655182718105,0.014089150432083234,6.597138199521097e-06,0.010222253281961299,0.0008092036718925945,0.0007286497032762405,0.016427465091543594,0.0023581306771803846,0.0013369112368424925,0.12233181183729604,0.0010713216571514874,0.007565903848994613,0.00017968020489927936,0.019346670460307084
902,902,0.06107190418557563,0.012313561473056144,0.039689069588354435,0.0538898575659555,0.020244952244122278,0.0029216740088991028,0.0038606404567743655,0.007307784007025193,0.00027129173361104187,0.0006353236876462174,0.07111375952145527,0.006729935163585253,0.006174667604803592,0.009089046912319376,0.07500792276330848
903,903,5.761338164408596e-05,0.02355614289710622,0.02243869915224513,0.0006516712169802681,0.030354097904538514,0.0031213149003524576,0.003336459584178427,0.07382053771544654,0.00047947960076205593,0.0007245875797359792,1.0133476361188996,0.000994272393128264,0.06200508083775365,0.0008380296754910452,0.1597360025800515
904,904,0.01209313306747726,0.004795280137195081,0.004033219202218876,0.0025880747761084645,0.022229116695797732,0.0009463514832996535,0.002181600770645435,0.03933509003096102,0.0003543605025996081,2.4189897200109632e-05,0.15753699252837797,0.00594854993544653,0.00933653815875885,0.007984807717359915,0.016522758538875543
905,905,0.02175895146870844,0.008935923913279943,0.009373625654234106,0.017878650856052804,0.006940445279291644,0.0035468751046527983,0.016305009532907547,0.00037639327951637856,0.00724584920590996,0.0010005894316923664,0.6421700620478095,0.006843491240375478,0.03943372703195804,0.009015143896554908,0.1147081672907909
906,906,0.178755129108806,0.17708618989850022,0.31014182780764243,0.18704837875487046,0.19474117935220048,0.01149864189905308,0.002279502842386228,0.042427562022660494,0.04869545375690839,0.0021271883140192424,0.4296594758859849,0.024874032746266102,0.01585847585865297,0.03828859988925512,0.02963822574120903
907,907,0.001584007034358186,0.08028245576490808,0.006408127081333512,0.0013539061900931621,0.12230256305552192,0.00021090888822910333,0.0017791938415860295,8.236114580900121e-08,0.03637493318592909,0.0012185964933326514,2.090719270379577,0.0078040023873950795,0.11870216499049627,0.0073755630987175115,0.1804480519312412
908,908,0.026813992805692615,0.1132785566855342,0.004340732367037318,0.012776386098976921,0.14011806282033476,0.0024180216148714396,0.0009969310698416604,0.04785354938454606,0.03522909479413679,0.0006017157448506638,0.2847594382078067,0.006847724414611157,0.01275071158251261,0.008419282850832042,0.0002788494335799075
909,909,0.08791884756746036,0.003932166998390431,0.09266477271174554,0.07636781065082164,0.010334677354277092,0.03706890082984987,0.003147659014193583,0.001993165271149522,0.06683322190936779,0.00025745073808390877,0.02619879784141476,0.0037611471661436404,0.002696325903325633,0.005094904041503488,0.05194041855469203
910,910,0.12513707944536928,0.1950424850992437,0.3913778215918869,0.12611344685944098,0.16767752628335594,0.003962494620433182,0.004517589913746393,0.07228023372734478,0.004587532812061367,0.00022250500828947478,0.91052108583374,0.005440631800880312,0.0403070905657191,0.01059184225815535,0.0028886999985483493
911,911,0.0018538796717807895,0.003773420120564123,0.04312537131540175,0.004935229590385262,0.004427540615542541,0.0007511654408172176,0.0012587606284647779,0.010221896270632469,0.001808810667198972,0.00014450260883603686,0.5059246779790023,0.005066567092010669,0.02905932548238126,0.010160195030785168,0.04706096900942631
912,912,0.10924726676167493,0.002557197158268372,0.0921726958740082,0.1360239654918357,0.010878047713417126,0.005518012451033307,0.010327508523878468,0.041178219755556494,0.00016083876555248534,0.0005766483991824426,2.5558843278671137,0.0004488597861225492,0.16515021744071895,1.7715803656142192e-08,0.6106785929290016
913,913,0.02359195227003193,0.09053373980349863,0.27495923516227394,0.022076521364976148,0.07439669915468665,0.003374471828370157,0.023227623227771856,0.05355095600232784,0.00013057346792493842,0.015366353101188867,1.255732075091968,0.024771185593494567,0.06262145052864013,0.06917043545425793,0.022357340165937878
914,914,1.1701462516977288e-05,0.028068547845880514,0.0004906393959211385,3.058528897113695e-07,0.0404368327530719,0.0009494676429847231,0.0006472347378134085,0.006107610994027631,0.02334398597903527,0.006580570912794741,0.3861907404192222,0.00797939827548561,0.0217118438435027,0.036090753605319985,0.023843431611598256
915,915,0.03348889938038355,0.14802434236944392,0.42950831154879365,0.07058074617954092,0.21092640315991196,0.035612602027606056,0.06147819182269106,0.004780064053369193,0.025921041733635297,0.0021554782504283926,17.29039607345891,0.010903647416841074,1.013290003898262,0.0015958406709476241,1.9992306863097158
916,916,0.2906012122508652,0.0011436351317562774,0.022252139747162076,0.38289045301575236,0.003309334420956148,0.004186090229121373,0.009965635933085838,0.22877591834067076,0.20313646544254782,0.00038118854827976585,14.433581390003123,0.013672943211792436,0.9082396119260442,4.013099328950812e-05,2.8706319766350266
917,917,0.6358918772851644,6.313160642423802e-05,0.008492269712957736,0.7538129749908508,0.0008574193762571204,0.027911701661346412,0.04702448734536154,0.22511390237159973,0.02375267020280128,0.00012414875467844328,19.106399330476915,0.001014576906479158,1.2173964599739573,0.02589258921785,4.140966876326537
918,918,0.12640296891773406,0.0009050338692723515,0.11300650925988968,0.2024865923407259,0.01763806130347653,0.023426051358097742,0.04315739187875612,0.262371285879183,0.02041563473736519,0.000935085423544726,14.478685062069673,0.01058593285959986,0.8934201049008426,0.0003867572225139119,2.517646261024987
919,919,0.08061679597061014,0.09598734081814833,0.023193623847119853,0.1400968177399118,0.1731359293416176,0.02509071312483548,0.05143882493805368,0.1775193720716237,0.028557447393085335,0.002578854950156463,16.583663107160415,0.002924796358267331,1.0052428933989168,0.009521953111681091,2.4886625452569304
920,920,0.09360050599590414,0.07290688167805319,0.022109165539925327,0.12433522807631331,0.03534083769817878,0.010519545309688128,0.0010457224271720252,0.06470406497877788,0.0002659743426365996,0.0001121156986565337,0.47638174766816777,0.00011180818163759933,0.03616681355794747,2.7136502125006856e-09,0.2728463095232319
921,921,0.06844782044429472,0.0006151371094753857,0.00824895517217429,0.07578021018686806,0.0012047008412649958,0.00020570424260833717,0.00026295576989804326,0.00045872248655831176,0.0234633083101994,0.004353639291736185,1.0363619923487146,0.0003986408919348085,0.0665695405045221,0.014294893859110766,0.22948700992136883
922,922,0.043783509791322055,0.0010339509060331461,0.012727919750202871,0.0771614195276116,0.014928489371969732,0.010441894133987044,0.0064015746356047365,0.08576035045984462,0.0013062515522156532,0.001226294972315955,2.999197616404384,0.008378913928298332,0.18881237926099403,0.006746989427722351,0.6099610661034909
923,923,414.5929698014532,392.15323013473187,467.83884154608296,461.82525890190277,413.65566592356294,1.101794552771222,0.889560500642347,429.59514231355104,0.2677526320681509,0.0023507660792259116,34.876112952956674,0.008525382051129918,10.08447732070442,0.15373262327841875,547.8912049120459
924,924,0.003520957909269963,0.009313024259100033,0.0001667901778369707,0.0129665670090185,0.026862368056346727,0.01093965302407823,0.01601062469927974,0.24574541877197256,0.0010603291243087324,0.0007976363047956583,3.8963747835377642,0.00045621375126315164,0.24014177837413794,2.2671129649113047e-05,0.663706469005733
925,925,0.2646062012460165,0.1555950475673244,0.2597974218753916,0.2279272203233316,0.18774903221808115,4.4819194489654205e-05,0.001210049342362839,0.09924667692356459,0.009439332628314184,6.259839889880461e-05,0.0007251537513252257,0.006373199427992061,0.0018063934742619501,0.003985866969390044,0.21072021288362872
926,926,0.020410780098632116,0.0302052857263734,1.8656561957911068e-05,0.030290592888948767,0.03492779612654794,0.00010709906932700513,0.0018290570218439687,0.01889668469147262,0.0037942855079124388,8.363851178983733e-05,0.045500710777273606,3.643838074223817e-05,0.0040906505415480455,0.0005442926759391983,0.04972607738931905
927,927,0.011162462122889632,0.0999922341738682,0.06245498473372685,0.028053634872174264,0.1222395482204183,0.005826143076315263,0.01146263994241304,0.39047665009080895,5.386659326289494e-06,0.001275935974716777,1.265127232059873,0.0011717192005275608,0.06637051586236525,0.001044940909915503,0.04446318158739159
928,928,0.17498391349176118,0.00018458825639628015,0.05995774340246609,0.18255405563197147,4.7468687795314985e-05,0.0013123977562746443,0.00037523328081324065,0.008513782317958192,0.04914942493308037,0.0003853297636778497,2.123879276899416,0.0004908454253949804,0.13976623948461672,4.205564077549849e-05,0.5686603721988777
929,929,0.002072233806738322,0.0003709574949921098,0.0007824278831610322,0.0055198185551862755,0.0019174114109179105,2.1461353633325666e-05,0.0010755436600698102,0.015466502937905994,0.006888827123619341,0.0011529596431844895,0.19626677849500532,0.0007368553140119422,0.012694879741370483,2.947585013456655e-05,0.04695936127588896
930,930,0.02417912855761542,0.017810975514840437,0.11576279320131226,0.034949813218724875,0.008498818526522891,0.00018560819733950333,0.001779060122871101,0.11782178791626081,0.0023437084983930186,0.0003836922525615631,0.08558094311867025,0.006081268598238837,0.0078696035411259,0.007819273290832462,0.10314968554795549
931,931,0.08232660062919432,0.04050442723039964,0.029298654419400726,0.09175623882850314,0.04591087158298961,0.0008093028334269087,0.0005650120953560239,0.05736624198790857,0.00016516107876707182,0.012953401363932802,0.3068339887407209,0.024414341899138114,0.023600207746115334,0.06440219072720989,0.20402690836673093
932,932,0.04357578938339666,0.002347181738809033,0.0003990340567749491,0.07305383873805485,0.012087023714816006,0.002143339545244608,0.0018215704232965187,0.012748507277991247,0.056664844248775714,0.0008794846103942866,1.2763596293216255,0.007615927015850643,0.07796490289915162,0.0064810464743549675,0.21312031376516652
933,933,0.0006814243129599328,0.06790265859251438,0.028777283742179124,0.008466895725467315,0.09303545851256553,0.0014149781269035932,0.003148297344935379,0.05693672551009453,0.00010755633533372403,0.014291471091885758,0.30208944292676165,0.0033713986309555698,0.01656258840625522,0.03840575635804168,0.013406745662149569
934,934,0.11604994046089923,0.05002486742791355,0.0825641318315935,0.15798548043019328,0.03726963902292395,0.006846505461698467,0.00023328352735399482,0.004126491756841193,0.0030151569069417697,1.3443662111196e-05,0.0004332515476953985,5.440909268373808e-07,0.00019114540594082584,0.0002099303320756016,0.0514812270694465
935,935,0.006747363625979456,0.07147141826306361,0.07065684780982796,0.002296826898353497,0.09221299372234687,0.019257093371939777,0.0743666940074317,0.05771840938144455,0.08380772668154889,0.0004474693268170151,0.7444324045756211,0.006191754583763177,0.04333127236949609,0.007548039930251089,0.08162009557620364
936,936,0.045428111157312684,0.07429398746902689,0.001145656643455236,0.08510247190576839,0.11228053257375736,1.4621528329895938e-06,0.00023936164051675452,0.17465684512179316,0.053030524770775536,0.0010059415703954106,2.201712969030301,0.008041992768875867,0.12624746119847247,0.0055141524044076224,0.21849686771707408
937,937,0.01687825801913425,0.02897055473426889,0.005102233669815341,0.03476567799169704,0.05285464515291013,9.787039073345295e-05,0.009402993105859278,0.060205621094904516,0.020285162101490548,0.0009814728664372526,3.437391973085,0.008081529542505345,0.2096208886992386,0.005350075284154913,0.5481778713232777
938,938,0.09093717867078704,0.0004337234794697381,0.04023773627225003,0.12068711477599331,0.0022799120661843677,0.0009979817485860501,0.010330736224908708,0.11349780174006195,0.07656196281023309,0.000619355389127037,2.957612876696515,0.00893247450703016,0.19169755656131768,0.004526179568335309,0.7209977478033022
939,939,0.03905082343303082,0.051940023058918545,0.12936035976177052,0.05034867008154466,0.03303244232987639,0.004318370224733125,0.02410568193019938,0.14230259963476186,0.061249799405372014,0.0007051645783250251,0.014906905624351223,0.004292064802578069,0.002718013511783614,0.008763769529607944,0.09642481384522429
940,940,0.06833726128209626,0.00011197511359420659,0.0486563783003006,0.08980993215984827,0.004196983116280308,0.006165997329068364,0.011227181475986506,0.1398643492786384,0.00028432549305400115,4.62336655406688e-05,2.8141958392882813,0.002878299590156218,0.1818223523837098,0.0002732490429832914,0.6682564766830961
941,941,0.0071123061474514075,0.0024358675618719947,0.0690038257505295,0.004309049955242682,0.002851164699388093,0.0003673047688674096,0.003227527411032153,0.14110324967546187,0.002339021676397269,8.102862684201486e-06,0.13299319211872762,0.00037467736590662224,0.01039269458275896,0.00018788021436248647,0.08230521275214488
942,942,0.10773820104627979,0.1854885317952383,0.2248606344301075,0.1082762963517431,0.1643825805252898,0.002308034732816046,0.01110415790190945,0.12901747807020605,0.0003430081474819802,1.1444215881249818e-05,0.28359951255581567,0.00022272272656068058,0.009643694716633292,5.147694847700878e-05,0.037654613109873655
943,943,0.2971298503564406,0.08831050205002261,0.21316476900166675,0.2916351079924351,0.0955409372733054,0.06657671397531169,0.0009135206380648578,0.007702446569857422,0.041870785660864086,0.0003676229563631855,0.08028396811575629,0.0063617503636504424,0.010032190426593325,0.005753307325778408,0.2384238172651833
944,944,0.010800673633172997,0.009082629642185803,0.08665127454388886,0.0075557216174549245,0.011011886818883791,0.00010067979969045484,0.00042626522143515493,0.029426054004375205,0.004506747374659519,0.0037938449516756287,0.05995148193470843,0.0025860620823397497,0.0024058916963205145,0.013697820466125686,0.002527527720104714
945,945,0.041484736323767,0.04182139682954438,0.1564468480120659,0.042095411382531284,0.029705705219540156,0.0021553267346145614,0.002026844509609211,0.03627978413064176,0.0069224557961484875,0.0017399083808976835,0.09766130303308095,0.0064310012524272896,0.003255894979257817,0.014277673087798185,0.012709431583178669
946,946,0.026350672872519333,0.019428632968036295,0.024178372127460258,0.06580660263483631,0.048635333515041304,0.009697466470955134,0.013548398885665572,0.001155467561432702,0.001845100770877533,0.00022267667016245452,3.480009573207097,0.0018600069459851515,0.20741699566898464,0.00012377650407522059,0.4706315735866892
947,947,0.10185586266072266,0.020818933074123594,0.007024468565902728,0.10940038126491106,0.015565610884254222,0.00046574855741997616,0.000427807278794201,0.025261688253870828,0.0038344832112126486,0.0010236511908448553,0.9717952638374,0.007441740124623806,0.06614558159124187,0.007944166906733148,0.32831198447522864
948,948,0.2610381590303663,0.06946753681979795,0.46433100668796107,0.19618579241150091,0.15005129041480597,0.01795223961768398,0.0014332750503217924,0.08449451457837857,0.0074280754462823055,0.0012797537428091295,0.010571693326774746,0.0001924280821923506,0.00011691694981747333,0.0038248843578126833,0.15658915850679542
949,949,0.06539172610975393,0.11952022997014634,0.010947823453975557,0.06211357291007878,0.15882631735523933,0.0018137815031806597,0.006513832521855743,0.020284024807215216,0.0011818906437376922,0.0165010577661989,0.13478908785024615,0.0006847238811711087,0.004944270658139746,0.011378927909978187,0.014177737253727922
950,950,0.05583303669084876,0.01388439250498433,0.016887287700935276,0.07248812591675258,0.023461782390053382,0.006212854090704719,0.011444867219957298,0.06046685380857548,0.08552557477492571,0.00030445067488164276,0.6789203704779205,0.00022573097542128175,0.04145272643023811,1.8033674042907295e-06,0.11012138557040607
951,951,0.02946780835407416,3.910838419302462e-05,0.000197982818432269,0.04139219562413765,0.00039035459434480073,0.003087420849248501,0.006076374151505851,0.008820927299092146,6.886898030659181e-05,0.004951886515898498,1.0298532139745569,0.006705092287494274,0.06569203705382756,0.032098500111006685,0.21412252277557398
952,952,0.2059259886622516,0.08680144640010351,0.3894869168937639,0.2050130484126689,0.07709495761586899,0.01249769803086978,0.0008326073909022889,0.0010490127039742192,0.0019078021059306077,0.0010933893161420808,0.21851967393597094,0.0001735727434119887,0.007248753497094046,0.002266888578911842,0.03337526146068516
953,953,0.06571222266826787,0.022423681881808825,0.18569196213788075,0.06654764943372982,0.01958357878823901,0.007918847896837796,0.0033593537752146484,0.07609017012710864,0.00023423715272178445,0.013053117974175134,0.036900184232664536,0.0010993198536122302,0.004822164484822054,0.02535656662692893,0.10674121032481043
954,954,0.1170429526536361,0.007450728682552636,0.04516265149298996,0.10928503874347023,0.010782706836739936,0.007782478532432631,0.00683646675824263,0.02506962787195568,0.006197353618200812,0.0034374363333997226,0.8700893950216866,0.000998903461101856,0.060451241171912015,0.0028995539756086135,0.3162776130733956
955,955,0.01961386107458818,0.03951157256461749,0.013826141059117468,0.022913658396965263,0.03737228299891403,0.0016259245478066069,0.004869782764104188,0.0008777323420636465,0.0013735754604014179,0.00042306508358386105,0.13340598805499126,0.0060511654523245665,0.006004768464776211,0.008915419297482678,1.9605680581711026e-05
956,956,0.3330814041793037,0.02118299801638768,0.07695791303140234,0.40858394114027524,0.010203736095676355,7.819831721899811e-05,0.035729323346153,4.604739564316606e-05,0.12320555287169839,0.004512918790581696,2.1638243302194513,0.0166108061478799,0.1471591357522143,0.019706912627837487,0.730067929627003
957,957,0.041087145819150836,0.003910419355801297,0.15578574178618848,0.019563192270307325,0.01799354988922722,0.044966892865276394,0.006057691977245347,0.0010013889856970203,0.04192669726097519,0.0002215798472153322,0.1839045130946158,0.0057667287825269664,0.008483611479169338,0.008139936779122902,1.5860919431421872e-06
958,958,0.04605152683343228,0.006256898730935592,0.04274541105619845,0.05063477026718897,0.0014587134134324096,0.0030882457482805797,0.007458798002190617,0.18830168706109107,7.295878897908222e-05,0.01418386232034473,1.4035693338073827,0.03893427580122836,0.09328333775717787,0.08270087943118949,0.4241949084665858
959,959,0.008056011382013844,0.014935857364543531,0.008942865330770489,0.010990026847374485,0.03017951419210953,0.03253516996648992,0.010582130985241136,0.0010360961259409964,0.027073842476134195,0.0012338416744177882,0.7993519976194736,3.2438067410396164e-05,0.04819677160902875,0.0037197816076474403,0.1158011510700413
960,960,0.03109008538668255,0.11893668474757095,0.008119008030513632,0.047975063513922514,0.1381152437924301,0.013729268677976691,0.02083389714795428,0.015523394201337684,0.0028836802709055636,0.001003505308784934,4.915140769791924,0.004558136883347007,0.2868239343334469,0.001819158740753476,0.5583535801067899
961,961,0.1049764127476485,0.03104062798000312,0.2489547182141156,0.10305897864781775,0.021359126106772063,0.0018295204277229754,0.030223416678447287,0.009122339283510502,0.07753417504378911,0.00022519908745744654,0.012329306728391737,0.00568219662862317,4.722292471746666e-05,0.008209059016188118,0.0478842942322706
962,962,0.10593418951895706,0.07060104218095184,0.12438145943193796,0.12126305070868366,0.04689471167285129,9.327386420625636e-05,0.0017412793321649805,0.06106558463820933,0.00436241118581433,0.001732474265011574,0.057253517608409084,0.021565448296389365,0.006681206189286983,0.03168469936099569,0.1508878889356561
963,963,0.010648479427630489,0.004475739176407975,0.03404838749320521,0.008645489734870051,0.0033545711672488482,0.005907059834967267,0.00047963194319821165,0.05711335018279931,0.02316922422412457,0.0016280497870098181,0.6269623939556132,0.006629801593098688,0.040339504281507496,0.009693239626791835,0.14587466758520476
964,964,0.06236530900975189,0.0011048250579192692,0.007264797345196046,0.0838507214960384,0.0005321204227307093,0.00228165770963331,0.010078504780803419,0.0026736373417845806,0.0014345339687137902,0.0007874670593149034,0.9199846502819762,0.007078691603744442,0.0597857166738971,0.007430178568605267,0.23817231610805412
965,965,0.028402053969133968,0.004751914013851015,0.041351183535698825,0.02425011777432445,0.010611421961086755,0.031039391777168142,0.0663019367737098,0.050596972493945166,0.11667108675967017,0.0024462818935796576,0.3257420820605558,0.000221607471408082,0.017846548148960417,0.0011168965295398708,0.01820319069169908
966,966,0.05545248240091811,0.08538909227027268,0.3061502647999081,0.05879177714050873,0.06870969350942947,0.005071549966350013,0.0007310981823485367,0.07977010116019691,0.03445519131725514,0.00011660983031713645,0.42850959211574,0.005298808470684325,0.018378965526810523,0.00918842626925385,0.004361908918090778
967,967,0.032854971744623505,0.06100017972755843,0.1595191457895255,0.033520773193672936,0.050179032544593986,0.0011954012361051743,0.028894847222006564,0.04555766064605364,0.10307398572283345,0.00010242797654358681,0.30396984820174694,0.005154556861672322,0.013493954016934368,0.009565083869146559,0.0011522914517540616
968,968,0.07664982087659192,0.0009964317473749704,0.010934160475959291,0.07729960654837675,0.0005661990418633037,0.0034402022393635566,0.008046499698829233,0.00021388709740600428,0.0002989296306051706,0.004128743375033295,1.2111125022060631,6.266183848545381e-06,0.07770892410061402,0.008660341348560353,0.2719246774496544
969,969,0.30514149949256986,0.044773230676982814,0.26836774784885314,0.2988745869624404,0.047137570212916875,0.0008271416712394257,0.0012202046989527662,0.018767294013551573,0.0005519182135890005,0.0009549733675720334,0.4492393428732526,0.0072588509481180605,0.03747539037315811,0.0075826843078151095,0.3881223981209115
970,970,0.008239782560591566,0.002501206133688033,0.01657660993362481,0.009494088308843514,0.011926065486692127,0.0009346261386239546,0.0044472980075434005,0.00020154461446253937,0.0013028561526171858,0.0005010654681931078,0.23944433255866182,0.006718398088034736,0.01480056952194896,0.008339010219545489,0.045144263472998804
971,971,0.0004552367319577798,0.002801449543215705,0.10202801947129313,0.003625754219945603,0.008695387707345325,0.0009939794459452723,0.001447257785949096,0.0335985521942648,0.0021020275986165025,6.236729383810883e-05,0.5429226125315635,0.004918589542184441,0.030027745817188343,0.009109596072833676,0.03479857895322715
972,972,0.015819160208062562,0.015710376204510396,0.11416086921318915,0.018019285209731912,0.008830281138418548,7.753156818992847e-05,5.3043470937281095e-05,0.041354217196931296,0.002298146302253824,0.00022834083244966852,0.02567689705697834,0.005893218062400259,0.0006599626120195061,0.008653140956565322,0.012125816914897447
973,973,0.15697905244607363,0.002683050214091153,0.05293915682133616,0.1409723788186857,0.008163358392448682,0.002050331778267666,0.005961784329268118,8.927007055238851e-05,0.001585834047559571,0.012793415068517226,0.7182456064999757,0.0058186645060743555,0.049139430626139534,0.02642857958610066,0.263100960923211
974,974,0.14465349498469937,0.005815531110202533,0.04166774171592888,0.19125063370116777,0.00017604871633528072,0.017913004184904786,0.021077364327939344,0.003383021819739977,0.03068618925312739,0.0005225791412100523,1.011731569222291,9.680018721702107e-05,0.06796321896487487,0.0017589427695339742,0.3127475063617171
975,975,0.02748288927645382,0.03085031325498285,0.0004266280929888271,0.039977342483288394,0.04458372816359593,0.006522155267660709,0.011184780015253507,0.0003473784227334275,0.0006085112132965646,0.002421205104682317,2.428073189256084,0.0006598981961867767,0.14604465804755556,0.000284844025109109,0.3506677929333916
976,976,0.1925003847396129,0.03543244176639591,0.0529612408892592,0.23311619627317437,0.02215032547730199,0.005423260089274969,0.0014063840566741832,0.04819823391445193,0.00013355660549377714,0.009099535614906546,1.5603805663001469,0.0034903205767519495,0.10963639600198705,0.037376207967870154,0.5850505903693055
977,977,0.02487150172137159,0.009223637670298976,0.019129716948671847,0.030054307459646528,0.017621360202969123,7.062663303488623e-05,0.0019138622971742283,0.015318737457410907,0.00869805282522868,0.0016994694437772288,1.3021034472611395,0.0031361333308342764,0.08171755145007278,0.016923688349606152,0.24262215624503358
978,978,0.02378486525631805,0.011200720663477612,0.0746932406585206,0.024478967820245553,0.011260076496763954,0.03159110875572079,0.006907694624742817,0.08096625294961995,0.01063701046773373,0.0019416207244223724,0.06806961218427982,0.00020364106969177312,0.00629011728672201,0.0003568333006634145,0.07892603081724277
979,979,0.08510523949339131,0.00029855135022843814,0.010104947576756243,0.09632659823343025,1.9674859634616762e-07,0.0011439173707129262,0.003887071835090688,0.021987943056851186,0.030865907151755988,2.072587977468843e-05,0.5052630555154223,0.0029576426875436027,0.033085246950167506,0.00048023423770966435,0.1349460608214847
980,980,0.20309214620148647,0.13612985442330278,0.20572746526429553,0.2430571437792723,0.0949693424105834,0.0004736277464016389,0.005186782581598662,0.05461983464225844,0.01791046642733724,0.00043149185095929776,0.03146851726303036,0.006266436306788556,0.005553484625811071,0.00789920947860666,0.21072338933205026
981,981,0.47849631117347136,0.07887210000712962,0.226674848002781,0.5576356624779009,0.050363294471073634,0.003933798887515056,0.008337393158842948,0.1013943368942788,7.870385578519978e-06,0.0012541951509528436,2.897306311881261,0.008683498189576297,0.20650384821086332,0.0055746677085146724,1.232780425220586
982,982,0.009390003964922863,0.16320352735048582,0.017400943552882513,0.0293445536345975,0.21074403123853916,0.017270563937034265,0.025212423667095463,0.01951784606614798,0.002095574574777219,0.0002829977026863212,5.299237627461863,0.010559336530934781,0.3045206196572611,0.003916177789504479,0.5224349404633839
983,983,0.0007064053485063207,0.19960126007401507,0.01598911838083573,0.000887858514860982,0.22742161343024977,0.007411480900008394,0.013269372594619187,0.12804285436389143,0.0006009487681788164,0.022304694913622733,1.9434519914590278,0.023537331635053782,0.10240838185217364,0.07238152232913675,0.08187448938599128
984,984,0.008056747297255097,0.003825482591326188,0.013516766413700938,0.02062162909580184,1.5250635850468538e-05,0.008985473257438472,0.009178976442843018,0.07232063450304685,0.023296267799629126,0.007845543063839675,1.3889602423411305,0.00018898350941326037,0.08727021620231451,0.002090347931588794,0.2755754978785743
985,985,0.05047715954395539,0.00474562069485778,0.000775926537643908,0.05699652717627759,0.00954043948374844,0.00425799132158491,0.007780748962733166,0.01286402005688667,2.4354951217250326e-05,0.0003594966195545519,1.2889096202043473,0.00023282913515159599,0.07843041376599255,1.1591511134947321e-05,0.20886199775994116
986,986,0.012000053919748687,0.06378017059624638,0.07348843428493806,0.015496316501326214,0.04945684975947215,2.0157517793087206e-06,0.0010529116633426641,0.24043938315922472,0.004647952588878295,0.0047816158410778605,8.79933417104628e-05,0.01167646110286798,0.000479115257800895,0.031837288900883644,0.06394742443627484
987,987,0.006550204515429085,0.08828973335514162,0.10803862405241206,0.005129348695579035,0.08424199639157856,0.003998490006611156,0.008110625490888963,0.10110296980989392,5.240267561697818e-06,0.0014218119694227374,0.7714350406944336,0.0008703678622983248,0.03833370265912767,0.00010384462259731338,0.009533713430453464
988,988,0.09502882839342972,0.0007185738979309746,0.035922658073509715,0.09753097113111318,0.001147118970034018,0.0022195998047410815,0.006293402140427341,0.0033882212338143783,0.0004772986696237039,0.006124484346102337,0.8502519665395079,0.006425437021057497,0.05485638341925025,0.017016390535827344,0.21645054914864958
989,989,0.1562489594598131,0.019709546894812656,0.10062174147930822,0.20001645874995674,0.005902426369914906,0.0036054420028012774,0.008415512578107135,0.10507975250870208,0.00011935655411235485,0.003023914004669996,1.8789015511422997,0.004591746322360302,0.12957107809223786,0.0007326695716753519,0.6522154678366303
990,990,0.1150975173199662,0.010623564067449229,0.12834904365099567,0.12940728666876872,0.013472340092180358,0.006265401495282206,0.001695163572700892,0.2984253999200216,0.03612140704440212,0.00045987817580236403,2.085545690725156,0.007496784717902933,0.14414226516128528,0.004202883821831517,0.732213617651814
991,991,0.05139771514608183,0.15485355499900266,0.2734712357210521,0.04178637716605576,0.1773907825141448,0.0036549053830234705,0.009044336036524298,0.31884251714974887,7.945366811569951e-05,0.0018387430294477564,0.3982570810321249,0.0013480778913555216,0.014753356008372081,0.004911160734318364,0.024445644954338843
992,992,0.03488880948852022,0.1586929873811743,0.060663096852590886,0.007694696934651746,0.22006160754553014,0.01690685340595267,0.007702545261565807,0.004153692392799227,0.0048200872331962815,0.0025034801540443213,3.3571818850420927,0.005079013597196849,0.1869773921700708,0.026228410817076768,0.2189269444172694
993,993,0.02857318158221411,0.012026637415293095,0.002352437690632815,0.031967824383678484,0.01305678237933373,0.005772975595181491,0.010769628255403146,0.0007689293682619924,2.81399524616614e-06,0.0007122453568404881,1.8221909994982326,0.00735586888785155,0.11004306939246385,0.006234545674258446,0.2797989647787628
994,994,0.04308622102195869,0.004543868935574,0.02065259088023812,0.04056907135957021,0.006032350202930324,0.0050685607764587495,0.000379937635533346,0.0031606129366824032,0.007178521551929607,0.005118346579365766,0.15100081182132763,0.0030882676695581745,0.011013297812854792,0.012637652615886208,0.07581959658103317
995,995,0.00534479991985269,0.03575949221417813,0.007043138550665295,0.0014759071181491357,0.050448362040353675,0.004309479901909139,0.01594932421423011,0.022729378712255423,0.012031280411965394,0.0035977396286226127,0.2166627381498198,0.00014398807082487825,0.01059520137778825,0.0016439135372109722,0.0020597406286692625
996,996,0.06768894593599291,0.35883179230184453,0.009550629779975525,0.07507606527491519,0.2938742468690637,0.0008670281766024498,2.1058846016370743e-05,0.2603010450556145,0.005699806732105362,0.0005308993585063245,0.1017822109705381,0.0007316599800788626,0.002172083708693086,0.003429535112776093,0.07458105864528483
997,997,0.018448006737509633,0.0026853367408175713,0.060231261234546085,0.02311518809337221,0.00015667804411300851,0.002318258359428898,0.0005543360213324584,0.00021734755789165324,5.332617934405191e-05,0.0006831044725960299,1.0891317623335696e-05,0.005803742911097796,7.414328956057173e-05,0.00957473178946421,0.010660110684466942
998,998,0.2626493658554085,0.11128064035721884,0.08862833321387086,0.2613684609381767,0.11089730046028527,0.00042213043273325727,0.001763185113502496,0.04834142511241889,0.0012198496975642033,0.013613158479673293,0.4287668587259117,0.0008064540635107266,0.03689560261083621,0.028886487666121025,0.3908519324178969
999,999,0.05319604155487325,8.98955305857403e-06,0.05625186037239278,0.08768924554092093,0.007651590628978481,0.004619779878568466,0.009355989977934926,0.08798934983928292,2.9923373110250593e-05,0.00017297943425603564,2.068193254806628,0.001983267012998228,0.13455892599840377,0.009351543067373031,0.5011018014949182
1000,1000,0.0031242306856185398,0.049502385364997264,0.011537690515310423,8.386817867007883e-05,0.07269036597427579,0.006993952494718102,0.014080136935720695,0.010899144052494262,3.914929514809733e-05,0.0019087692516869925,1.716025514188198,0.02001783958139572,0.0977444147303013,0.0248213213099104,0.15973647117625386
1001,1001,0.1585921841870286,0.0440816247282031,0.1522456423609265,0.13852102316695947,0.06962152311416056,0.0064455396113357755,0.0004603642693779358,0.012201992016848481,0.004340265738297811,0.002833587049067235,0.008016072196056646,0.013011351648558087,0.002015365341356309,0.024056864789305778,0.10866522278449006
1002,1002,0.11245200362292782,0.0002317584866094911,0.026399255571998553,0.1492213223682703,0.004629271451741558,0.00391048354016419,0.007903122693018592,8.365412489212604e-05,1.0455736413830282e-05,5.810247416554345e-05,1.7341907945106738,0.0036613315465381106,0.11166805104919113,0.0002072319574058611,0.4112277183425473
1003,1003,0.08711364995641309,0.05168921723317576,0.008075492844947385,0.13921927847718008,0.09271461175974295,0.011034121466536245,0.014395734900251566,0.10067484788432506,0.0026778965298578875,2.3013874201625424e-05,4.029255342985311,0.0018872818890037094,0.2379998685764806,5.153759070990104e-05,0.5107677077983412
1004,1004,0.043111945527170764,0.013878338969742533,0.017971651192110142,0.0439273734169277,0.014189238874514652,0.013006358041890943,0.0009668649779398094,0.007982181205608764,0.010289061602338561,0.0013764761458145752,0.09440718608375151,0.0011055123081481454,0.007727238154869736,0.0002943532013610209,0.07085863789505793
1005,1005,0.04250620306856884,0.010500797063024021,0.0458122118239534,0.031799293961047345,0.017191824701209914,0.0006258818015622878,0.006808757672495969,0.0011329252861826695,0.01885588345448354,0.0007414689232421874,0.0008984181138149568,0.005478837218780376,1.5918300291845544e-05,0.0021210442358764736,0.018015890382751712
1006,1006,0.26825424205624887,0.14829599267135718,0.26882790503569864,0.3044157586340011,0.11138597496640104,0.03752121628144671,0.00909189327491088,0.09359981521192151,0.07349598827048034,0.028692508379000677,0.134444999824442,0.02875839413219667,0.01545530868594926,0.09854841200340281,0.3409352025595095
1007,1007,0.010366719863892012,0.0002163972949749028,0.013602479220116545,0.026008122297806465,0.006636404212268877,0.00034702718998161683,3.640884461557157e-05,3.7839092961644e-06,0.012180598362311794,0.0004369690253604507,0.9852583112810165,0.0002146514370347059,0.05961827644251114,7.531693571299025e-05,0.1499902115635338
1008,1008,0.15865023873230513,0.03207878254598359,0.15512654977532092,0.20371473072199192,0.015293947235002077,0.015052091196420314,0.013999864304217758,0.1479239978481933,0.012931922829286197,0.00010935618854458836,1.3860311545624746,0.0023134121759717935,0.10016712784069422,0.009366128834799006,0.597842939913861
1009,1009,4.5040005803061485,4.338072545822171,4.102639117583309,4.349877250072535,4.49251008532744,0.011189713334609438,0.004233072129373376,2.886120170938123,0.16301128375544194,4.289620756035941e-05,0.05996802135074706,0.003553800310524389,0.011540709556965975,0.008754372225246517,3.8983860927671548
1010,1010,0.023685824696694602,0.07811121096599796,0.007320182200622922,0.014974979850882891,0.06898718493528416,0.0019189303322909492,0.014261357437013936,0.0005340566980793465,0.04166578635568821,0.012219057196641835,0.5531135658626178,0.011739165084182619,0.02860595924550977,0.040013478817685494,0.017096752480183844
1011,1011,0.36400676353588896,0.45279113183705116,0.21663780976508193,0.4005010526551002,0.3783193009301811,0.000264948273200801,0.0007835330039080098,0.2966727839429528,0.0006032143778580042,0.000367377543896121,0.032213664114152614,0.006290903911791308,0.008554562995802604,0.007161346628055677,0.452373425937209
1012,1012,0.012390215433242414,0.011607131752244025,0.003779880656825678,0.029737102368468615,0.033469083992454574,0.021552463251735363,0.0022847149634674492,7.517551829760222e-06,0.0025321824780753337,0.0038374158162173427,1.1548799017582538,0.01633494307809161,0.06912165899652861,0.026554407038958505,0.17253979412373355
1013,1013,0.0061715580967819095,0.010008997816802966,0.02642545153918115,0.018340648171660402,0.0016158458023592724,0.0009987215774843751,0.004549687603873475,0.00017478974260748327,0.00102894384200264,0.0019504053773661799,0.27900289981176013,0.00032717304278323767,0.01760650532336808,0.0014185055991076776,0.05676169279683363
1014,1014,0.003668134656623297,0.002358817507137497,0.04437992169272203,0.011801205149847109,0.00708102926890251,0.0017801830062843336,0.005436527208719946,0.05237106982296229,0.0008061440670038418,0.0013851614197089523,0.33235862238584507,0.00040145716231902874,0.018420579621232308,0.0009586067874281126,0.02314938723350351
1015,1015,0.056515271904989776,0.04155814114515889,0.14259230648100468,0.0862169637992426,0.021072795503578087,0.00023805397708548208,8.099898288113008e-08,0.1624843201076944,7.134803810646232e-05,0.0006185355370780264,0.23825367852814125,0.006540388271938347,0.02027955077364541,0.007930049246544646,0.21707665629981912
1016,1016,0.038874499098248604,0.03351405783363701,0.04191753759938752,0.03565059493213306,0.035285583151238795,0.000246275172098569,0.00160083036236805,0.06209241106725082,0.004214171447684448,2.2041227164870947e-05,0.02786231500869076,0.0021629048932850746,0.003304420509123237,0.0013179969490093363,0.07230204169774587
1017,1017,0.07132645933907701,0.04004271291756451,0.06659997391426303,0.07432166354192227,0.03724877261832157,0.0013340179658109024,0.003957883238722375,0.19505787851599027,0.0015806080609405005,3.4394232989156386e-05,0.5532085136364651,0.002805810435664947,0.04204315334448026,0.000728914450881307,0.31257035883395634
1018,1018,0.07659982092983923,0.00657631230990008,0.007206295932620607,0.09445797748295331,0.008746922944330975,0.004972918605078464,0.009623977058974241,0.0021587316153743163,1.2782965294945719e-05,4.076728271000564e-05,1.7335599941843174,0.0009879959586680089,0.1080662039563672,0.0001403615182663551,0.32967136685137005
1019,1019,0.37076420223434553,0.15085065090163816,0.19686364667625922,0.45091193473710023,0.10259800211722994,0.0016964113819996503,0.004394682942958798,0.14032479978089005,0.0007872698221629343,0.0011200097764202264,1.299002027727377,0.007797933953344732,0.10086218273560937,0.007043052745551421,0.8282631291605895
1020,1020,0.06551543109103992,0.0014423847933533495,0.013985412017542116,0.07593833700812722,0.002125610873082998,0.0021067559622161055,0.0045654869682097525,0.0024145428412655216,0.0006385964234232333,3.5507788204425445e-05,0.6595871639408365,0.00023466570957062673,0.044013732117481975,0.0002048150424320987,0.194219141350293
1021,1021,0.0007718292532427652,0.009557602857804852,0.005487401010874787,0.0017082059430623062,0.004419329933895264,0.02176240280745371,0.0631330381378818,0.07566150497526916,0.10001350934134816,0.0007042471551138918,0.39550164522367454,0.00025768501924078904,0.024308372946986415,0.002307784016449474,0.0646459197112717
1022,1022,0.016659369368718126,0.03320117101226888,4.383920981091922e-05,0.0093982482532615,0.013760242961596865,0.00864967758107196,0.0032449619291410364,0.07098099568781983,0.05081229058995704,0.0003599943748120925,0.2532077247049924,0.0014768433961415489,0.014121636675181744,0.0016466078347279298,0.017804650701005887
1023,1023,0.08544738715545988,0.041578850988396164,0.19965896363876998,0.08442242961613598,0.03258779553370694,0.00011070870374613148,0.0008229739792005705,0.03368439396315892,0.005467749079562487,0.00034781635267845147,0.006566693414895642,0.0063107528982557694,2.0891089072485274e-06,0.008876759712759098,0.05674292285477094
1024,1024,0.055075179402820175,0.02700300603123589,0.03915791981924176,0.055415917847780535,0.024413379521063414,9.999478944384999e-05,0.008894182749457006,0.00011460412260304939,0.01569732142995106,0.0003871686491643172,0.007738222374601403,0.0003302709805099575,7.620926655768043e-05,0.0014066077276069914,0.017525410124607115
1025,1025,0.005440354842331572,0.023807461114740754,0.028248200981588215,0.011806101245348461,0.03619420331064338,0.028670717645088186,0.016479617032422265,0.07061343635321159,0.030096129005685486,0.001079749361555529,0.7466691838593766,0.00051375871462673,0.041772580694529174,0.006574070076087646,0.051586750484936744
1026,1026,0.020763688845899724,0.005861679107837689,0.00138808943429311,0.024942536684601314,0.01039050096968461,0.00443893524981636,0.008529849790393217,6.841882859413104e-06,0.00020460527280895076,0.0008356461185711951,1.175736489935924,0.0006026279682682656,0.07138864437500682,0.0010030978428179468,0.1814802632337657
1027,1027,0.040185728530302174,0.035907774585898736,0.0914909886103833,0.0576841229977385,0.019008414333439593,2.7231146363501503e-05,0.001079916056895289,0.03572974910787774,0.00462785345461483,0.008703835218239394,0.0018208115768770768,0.004802837486645149,0.0008451077709611279,0.028237083459844853,0.05251131826101838
1028,1028,0.01908140595792746,0.06734564232424448,0.08612087203108103,0.0053723667665909495,0.08852446950328176,0.001706180015127338,0.0017574857100442123,0.0027501750050967274,0.04921466760930839,0.00108325878091169,1.9559455164051909,0.007617708821040706,0.10832143317125134,0.007697257160991096,0.12924778940719883
1029,1029,0.2746199428108801,0.15682499904559397,0.11433569593797888,0.2819125435041734,0.11595399550663348,0.00033909028012798115,0.0005220732698925182,0.006303805204176441,0.006809443381410079,0.0020621511072890977,0.0187144759007116,0.01166033062727117,4.7187400055589514e-05,0.02156667683607224,0.08896905033494756
1030,1030,0.0028178732564331267,0.06973934175177622,0.005076064125049905,0.008410358348188415,0.08358158706745666,0.00770802673739822,0.012122803934992474,0.0010310823477660692,0.000518442671833635,0.01258040324914898,2.290209063094305,0.009912680690690245,0.13147271800655996,0.030839520611022596,0.23495151931663313
1031,1031,0.031136900588272124,0.09616023501499957,0.06792651602713644,0.03932148342561201,0.07855138538928146,0.015316540716834071,0.02233884967943536,0.012894101260597488,0.002970113761889072,0.00022831134901884874,5.240979841549465,0.004170841645611771,0.3054711878903589,0.0005536106043114873,0.5897471204317641
1032,1032,0.018627820144640407,0.13261919429632973,0.042137992597545554,0.006668321455987662,0.14117285084900194,0.00722053404679897,0.01098752451202073,0.00516977456689932,0.0006356571531335862,0.020895255522894823,1.7410896609137891,0.011431328882445234,0.0929324738519932,0.050210849099942764,0.08306908764252457
1033,1033,0.04454693301776226,0.011496553123932074,0.0013231242035392323,0.06797340723323368,0.005517921002624089,0.0017168227098993969,0.017841140400473354,0.00015336839199784217,0.05201779374388535,3.946499542534333e-06,0.26854258974333955,0.0025194926040638713,0.018627334640472698,0.0006848161127080119,0.09879499532242113
1034,1034,0.05885688411557508,0.14630844763215922,0.05963407121990102,0.06538740613023904,0.1143458401857793,0.0005550556165148629,0.0002774895624680452,0.0797915434788575,0.006816433223532821,0.0008857691788338089,0.1021521907679382,0.0045030861197971495,0.003005216951930716,0.010523431182939942,0.03140228165360889
1035,1035,0.07247762716149884,0.02572418779911015,0.0010832717215529713,0.09108973119863008,0.028952471118232147,0.005590466638299292,0.010268058240449383,0.03484197689723975,0.00012854058273565984,7.675538451507639e-05,2.006874689350575,0.0034731232491830234,0.12098500803563043,0.0007754947207354001,0.30301718996967075
1036,1036,0.008344698803212078,0.0495475628547253,0.005269127627878184,0.006021776455328853,0.039779369558848234,0.0012044384632903982,1.6591101271760107e-05,0.07350930491393197,0.008129082565070282,0.00021217989726765485,0.6239611158112407,0.002066666154830168,0.03443179334499402,0.007044384833310876,0.038882867564095876
1037,1037,0.13368743785640452,0.0002666208981261192,0.02089047543516517,0.14258068599635088,0.00016094434765086304,0.0025965588221577764,0.0190451213338689,0.01622539551842324,3.491460872162088e-05,5.330877322268488e-06,2.3998518124519452,0.0035224303779468097,0.15482534478130433,0.00036600657712355515,0.5749078293792731
1038,1038,0.0011641290468564452,0.02514613471774937,0.033114442232177244,9.063483866455786e-05,0.007904051152611705,0.02857248691236508,0.05773070662806799,0.03007354809982771,0.10190786481537553,0.0002086004076864281,0.3273810907008063,0.0018255661393195334,0.017291725109061944,0.0011292835212605148,0.01382020080462338
1039,1039,0.042941310754789436,0.0002229337922727598,0.01362956694189667,0.04978329739676432,8.869109313009403e-06,0.002472551490947193,0.0051394670898535855,0.015266721054399628,0.0002333772597009966,0.012774664295091295,0.8230420197487354,0.01417439343421702,0.05303596273270607,0.04338744596820045,0.21080602307912202
1040,1040,0.037074523589965096,0.0021605845652033946,0.0009948516708486773,0.041993192976193944,0.0017408046922029387,0.0043150843511501604,0.00789117965028864,0.07064651210398264,0.00023575145157730783,0.0011960399306268639,1.34133506432835,0.007450118935492656,0.08661090715703255,0.008641749033226223,0.3279071362078111
1041,1041,0.07279061105259187,0.0015809606655892777,0.012934918271852254,0.07101167039228136,0.0008848495123099115,0.002089404322153961,0.0056978300068773234,0.030726468416974892,0.0019707634228505544,0.0003822207645110628,0.4489861078114586,0.006456957012556883,0.028480126013691095,0.006206538260410885,0.1034662747777536
1042,1042,0.11280167407205408,0.03132193149074091,0.07134833184106885,0.13173602996179368,0.01764047425361442,0.001034456365041854,0.014913373793522769,0.049389870107011874,0.008243347637219654,1.24967310629169e-05,0.589134267667959,0.002803738117157368,0.04349822529687126,0.0011710376198159325,0.2968164822693067
1043,1043,2.539053574517426e-05,0.013088977251889221,0.00025105234606966086,6.380146970308358e-05,0.015644616000334857,0.0008772257091641679,9.117835455385478e-05,0.01357217227588984,1.1237623815421193e-05,0.0012932816603131148,0.06096598398686978,0.0002755526325775369,0.0030565776046386673,0.0006823047468557425,0.0007321476360733891
1044,1044,0.1137518774727568,0.05388893960188516,0.09388235928996601,0.08604186599016116,0.07440205412066021,0.0007846540150748736,0.0031280949827027517,0.017760189129986576,0.0010424098323668976,0.023571853365893666,0.002361543815578027,0.008973195357206048,0.00013379983762104271,0.06570776469392933,0.06228394193046074
1045,1045,0.030991766626850603,0.04895082780448488,0.008293058303057547,0.023405219449608296,0.03113014409577819,0.012845072015758236,0.0006754438969984033,0.008645147943496885,0.08871112375614,3.614598273563334e-05,2.211060350003385,0.003386833047719322,0.13051709419294918,0.0004119616538625356,0.27130057421096615
1046,1046,0.25498717827720163,0.1558406168835324,0.16562052904248026,0.33275228809050683,0.09081028334198007,0.024812901890445847,0.008626589653325948,0.07260759290674765,0.055525214157355125,0.01435315510731513,0.3670887510532722,0.011679474314647968,0.03253143070792136,0.04367071532731169,0.4187883599112487
1047,1047,0.1814299320384651,0.15249519232365447,0.2367866913802542,0.20988674140699654,0.1098319882457074,0.0035495645205578918,0.009286842499302927,0.05866237198870156,0.006147015947319475,0.002931805051017294,0.009239950839717884,0.0013844762101193348,9.053486968157125e-05,0.010390545613092472,0.13022948560602152
1048,1048,0.013062122158922775,0.005966794956361154,0.023010917824679084,0.033650850231796925,6.095457441568174e-05,0.0043784070202613715,0.00905767780000514,0.05126598662024251,9.663321306432671e-07,0.0010816080962572138,1.5536211652588527,0.0005744615485246974,0.09768523210868696,0.0013988933157263095,0.30609581898608346
1049,1049,0.0874788486291441,0.11043444366958584,0.1398320465011044,0.08173552024336478,0.10463052182080557,0.002694624942608297,0.01200206197450584,0.06379379831100834,0.004071129017581458,0.009402784518102647,0.11963085576260761,0.0005431693402462674,0.0033886294365461523,0.005511941651545524,0.03469000252226863
1050,1050,0.11208409326272266,0.11612879818238722,0.3053340626583997,0.12099719987049747,0.09271118127190726,0.0013847663770733187,2.31927654741014e-06,0.05273326981724727,0.008887722169929151,0.0001425480960399483,0.27227058100576096,0.005592085774831941,0.009898893126759123,0.008490548513848098,0.025160506860927787
1051,1051,0.008314314463251938,0.002025201947174909,0.04501421285652398,0.0038764858446017018,0.0033244655706459493,0.01848964972215692,0.005269529405335585,0.0042960335163161785,0.01753574472885736,0.005990539004012272,0.21632135826662427,0.0012163552125545028,0.01156230586725778,0.01182267978202699,0.011908094519101993
1052,1052,8.92507142337959e-05,0.006085811645421956,0.001637228494451721,0.002151623947512056,0.007265811107426937,0.002884366465826771,0.00570900749153315,0.046653955792867255,0.00039280323681610904,0.007228190552131113,0.6821505760973232,0.0022572640004515946,0.04239846766244578,0.02295095979589775,0.1135626536057047
1053,1053,0.028575934442302622,0.05403668674541297,0.0465664422451125,0.05579327185068415,0.030649770845779186,0.008170018487439139,0.009781236876077138,0.0857107166656406,0.00021193509619744713,0.006221820486170308,0.04043577267647619,0.0017028990987107608,0.004508286525785151,0.0128928592318108,0.09064724594295477
1054,1054,0.11264975366240096,0.17473336544448115,0.018851212069261686,0.08821378762592184,0.19660776625601278,0.030044801098676754,0.06646946284914805,0.046697073363662266,0.12241950719404995,9.49662307993559e-05,0.06622973630510393,0.001979031136562229,0.0013747650875176982,0.0007687218349392166,0.049407803493656276
1055,1055,0.07971343549352436,0.029947884385076146,0.0528093188661266,0.08219598645306912,0.028703732018816864,0.00016973104799489642,0.0015923018885501401,0.005203023511866446,0.0038256915684278052,0.000716458456805646,0.034133520685970004,0.006448772574012598,0.0037383052877776263,0.009660601580925306,0.07619631738713029
1056,1056,0.05533644825074413,0.038105945070954134,0.07683106923053092,0.06046309962228407,0.033424648549168996,0.04061928158010725,0.0069528159270399355,0.004843445852401913,0.051380211260193376,0.007249067163085606,0.034446163855697445,0.00022185975588673198,0.0007591429024437627,0.0115336050739984,0.018261351766528756
1057,1057,0.008398439153375362,0.003872359610742309,0.10639258329747826,0.02522789958834435,0.016558746533600392,0.005172994865853644,0.009519393735073987,0.04173349223988695,2.7207997006169957e-08,0.0008578512762167152,1.3353458356300194,0.0005864406878346828,0.07663799573913183,0.0010507990104064089,0.13073429098181166
1058,1058,0.08430286565190497,0.17521304715306524,0.07158263813901582,0.060718354596105716,0.20813418158224425,0.003411635308567244,0.0013808123552549215,0.21061657581936166,0.01171199275640595,0.0004953810753915209,0.05138058192227324,0.006320203677310523,0.0006448702615625133,0.009619537328759132,0.07817211152071019
1059,1059,0.07290390431204144,0.006492293992856974,0.034269462200591586,0.08124096626966741,0.003502452300000831,8.615466153897769e-05,0.005278827523802224,0.05829513205976765,0.03689425322416139,0.002331162455390267,1.025672694053409,0.0033651333258532656,0.06950016627646428,0.005386871946156577,0.3305735507153656
1060,1060,0.14700235696541666,0.16998515445383117,0.08927019813019049,0.21912290731446074,0.08921159152564793,0.000459278837985367,0.006636956058487554,0.013420539437253324,3.4736657701432384e-06,0.00021931946313778785,0.0004646093871185491,0.0015419612560960436,0.0004965276587606102,0.004008734293302054,0.10931004802156827
1061,1061,0.0015451296598363016,0.003686668497399078,0.0017460302582364934,0.0002862456222213088,0.0011034413997712785,0.0011888439075872733,0.004539169182340296,0.11259492577395212,0.004349255488550096,0.0008936244574607154,0.10062069510128964,0.013552590257166383,0.006893641239791426,0.020626463473678514,0.03620999406417197
1062,1062,0.07342285954711798,0.0752089292707857,0.13486218099931607,0.09634670316775552,0.05849590659057159,0.0003097217842048411,0.0016814280751111632,0.19516030169285936,0.003568225216728367,2.011262710348041e-05,0.12773026729333795,0.0022714453761733125,0.013010665625965567,0.000968454177108155,0.21044823239008795
1063,1063,0.006606614327647109,0.0007655549215846274,0.08178455349128974,0.024041189003538858,0.0032094689549603023,0.007231832677015,0.01255713527042072,0.034036361177968905,0.00017853357273302112,0.0012361598522492166,2.361247652504752,0.0026018003779085825,0.14300160636871212,0.0027599995748718445,0.3653862910908089
1064,1064,0.0004060947334556108,0.2109484117780577,0.01290207462452952,1.4834620127682723e-06,0.18479044953877416,0.005579022489084104,0.009920428160710391,0.14652338999149328,0.0004634417882988677,0.0034594981287003825,1.4185960475056336,3.709199011639048e-05,0.07435408108260713,0.006939580466391018,0.04351825044157713
1065,1065,0.2024775696897594,0.09586652737903958,0.09987359317389839,0.22025823279472298,0.09053811862221924,0.0021450286978668288,0.00023548503552058348,0.12348565193788674,0.0003143303903341769,0.0009814909026846167,0.6230148560281252,1.7476310898711641e-09,0.050321381620727565,0.00345388575693466,0.4543481189746936
1066,1066,0.24429390317546004,0.1370222234349084,0.0026028205515582713,0.273170238699176,0.12549177777073056,0.001290690041975536,0.003594532625255081,0.009192355263650441,0.00195441801453007,0.00691502326907418,0.5878685269178092,0.007219619455085184,0.04624718392037893,0.03750630212128218,0.3803603142863034
1067,1067,0.04223045342445806,0.0012632880570737552,0.053412005437757065,0.07357401043209308,0.0004384614013748413,0.06426329227985612,5.222765206401667e-05,1.1865183476060038e-05,0.09462591360910536,0.001373798552189624,0.23507926897424966,0.00046069957524973154,0.016751231754034535,7.597754451697008e-05,0.09329034900459657
1068,1068,0.002351376498569054,6.388733423777715e-05,0.001628674209700432,0.0011760212500391595,0.002196752222904859,0.001769212426395508,0.00045193768078805356,0.06062490261449318,0.00013753396839721104,0.0007998902068680325,0.2936056975643837,0.0006833282012752214,0.01805284853909991,0.00015441061075348423,0.047157102436441584
1069,1069,0.003485174464827742,2.1421940578211695e-05,0.07584945022288339,0.013341141386339612,0.0016303555499855855,0.015906056911746593,0.0015987717734374132,0.06969185438012596,0.0908612910171897,0.0006743499387989426,2.425061933420352,0.0007574851253345661,0.14822168222761584,0.0014703935029200979,0.38010778011407237
1070,1070,0.0033197272629557233,0.0030813351571644973,0.12243725000912838,0.006940638047959244,0.0020304132283696865,0.0013696783280279514,0.0043351965487224585,0.005861695353943613,0.0004078610018177136,0.0009865164490741709,0.21586102192304202,0.0006565574774315159,0.010980758569674447,0.00013999175807211483,0.004316094393754178
1071,1071,0.010452634841216777,0.012927629740086537,0.1227444164250971,0.02219067301007947,0.005947551342236637,0.024307543238199832,0.0037642266592208726,0.05080936292638013,0.01874664195567764,0.0013916449715187537,0.00928880428307858,0.004237442434177146,8.3311202368964e-05,0.010451320011630343,0.017897042420581287
1072,1072,0.026583892109077367,1.4449993492033169e-08,0.049245828193914924,0.010801721837356344,0.0035943737005890144,0.012178187275915499,0.02693561553244632,0.0012363628204092143,0.080979236330064,0.0002543701480118645,0.004620307756028042,0.0003450582644960453,0.0005728682304329307,2.332344865495406e-06,0.014740914176115356
1073,1073,0.008276873599967274,0.09640551496842714,0.02914070140441495,0.021553401268006214,0.11123298894824926,0.013643605938710425,0.02033015532148886,2.3534075082908924e-05,0.00257447062442095,0.00013473202053715293,4.647307940088804,0.0038945451431942244,0.27076324652467004,0.0004806918446647685,0.51450886360928
1074,1074,0.0008463295411410633,0.046930531792206714,0.1759699857396512,0.009355422390859127,0.02720140804386309,0.0045308102412556185,0.009827980791187142,0.039817314334264546,3.4662433117504495e-05,0.0010097269751444208,0.9060475732896944,0.007471633209498618,0.047261692467919086,0.0013473526438472852,0.02941027721220688
1075,1075,0.007094197968841606,0.016093400788209724,0.00039752659408253885,0.006761692880105121,0.007613326121279072,0.0021631740913693213,0.0016555885467430943,0.006578095845555008,0.001381842442398672,2.322508139885928e-06,0.8432416203269191,0.0029528161995775173,0.05095809876213513,0.0008656302545204772,0.12665430850738718
1076,1076,0.048983199752128684,0.005652829041585658,0.019615590603636178,0.07519866971002807,0.0018197782960665562,0.0011920632266174762,0.03627057883372188,0.03787992367561302,0.01525925118474365,5.470140235723642e-06,0.87141821188737,0.002661271441072276,0.05845896587745922,0.000716403252062284,0.264272626527691
1077,1077,0.0008428222199317225,0.1623818354351294,0.021195845986462108,3.4809416593202783e-05,0.14354478996839531,0.015985847444308327,0.022259450152842537,0.05520599557492095,0.00389543841235328,0.0010314205654679384,5.3695980921655195,0.004411541135075991,0.312958678432793,0.023041613849303717,0.5655937279074533
1078,1078,0.0016301970150021216,0.07036896253185124,0.011907227479395594,0.007607014698396823,0.07785538566921663,0.0160582256130985,0.06452468194254722,0.009063949589169912,0.006349092581115778,0.0012750861926415617,1.9570300886953425,8.97328395550462e-05,0.11233031313977397,0.0036984311258979386,0.17885503674164555
1079,1079,0.004297336440947572,0.014804798711528315,0.015994086102085053,0.0134966586319642,0.025415746197232476,0.004123835363598415,0.00786800067144612,0.0012208856387471143,0.0001168438437888988,0.012095757818542097,1.307781655543115,0.0029802051295931492,0.0759802676826274,0.018949954238630114,0.15177081360964234
1080,1080,0.0005788080698854382,0.0025061843874819648,0.09456616585499504,0.001971052067098985,0.001268106084638604,0.0042851751468064355,0.0028497120089343675,0.015219187714789563,0.0034753648534022775,0.001238099821049463,0.1593003196093896,0.000669964537784101,0.008073690268918712,0.00030931507747126194,0.0030596368010043264
1081,1081,0.0018826630542006794,0.0015178776169466578,0.00927493143622616,0.005111733456986452,0.005633908057485508,0.002354143401318785,0.005630164517539858,0.061515086248694194,0.0004407108165762193,0.0033154628983538973,0.6467616898335072,0.004188985145237575,0.04058889086151821,0.010863084689646174,0.1308992821609866
1082,1082,0.07686565075594722,0.10474361590829229,0.06689379979221606,0.11915749712109294,0.059196859401093364,0.042044209167675935,0.09031294694767747,0.03651223384530712,0.21768950275690996,1.1898332152279668e-05,0.0002919042542062408,0.0035098323544842944,0.0007960843406915475,0.005497138468664385,0.08353295114049084
1083,1083,0.0007399116539926764,0.01757378204555441,0.15563694174530243,0.001606239915956809,0.013928825802027601,0.002343710811325373,0.005796581354554532,0.06613146036038262,0.00015459835524615062,0.0009025004519996226,0.4031380826354077,0.000734518789998829,0.02020000121129615,0.00021583345145885694,0.006225197839433703
1084,1084,0.002047758176467236,0.0002695941013971436,0.018316738546878646,0.0014508158312202138,0.0003963591836369399,0.000167779579805721,0.00022038642344759897,0.02748091009424918,0.006400089683402784,0.006136889562101895,0.2765148976479094,0.0020771142767670894,0.016192861931946714,0.012868248185823872,0.03451578099080774
1085,1085,0.3291812230297483,0.07515040134068567,0.06014047963290632,0.3865881676815823,0.05465065812939461,0.0026337037761627992,0.010503364880706226,0.08081919910895785,0.043510861197408414,0.018775656412834827,2.4989517325039805,0.005918814948616582,0.17411008022268984,0.026265208013032445,0.9644201153898595
1086,1086,0.07162745668139478,0.05475856073645832,0.0005088404896083634,0.0799258288180246,0.04596555746501898,0.003520347264667794,0.05249848596522056,0.035796675414416154,0.002993215180462989,0.0028149843119226834,2.968805396164862,0.00030583762751537147,0.1772132120168671,0.006454992857284254,0.400009474694347
1087,1087,0.08556630333048826,7.675683775738828e-05,0.007669553004683809,0.08488826353738202,3.160621713052785e-05,0.0031531356357992588,0.007118597976629203,9.75715338096224e-05,0.0005473092140911059,0.0028330934761204717,1.0063521068464059,0.004694728721287162,0.0646448171814021,0.008745549666991138,0.2449631091584997
1088,1088,0.000875118027115652,0.1262859025425798,0.008063343370213062,0.0012653231239477445,0.1104889750826479,0.0020956516132828633,0.00020819505665914975,0.0013960139625962158,0.045626923367818255,7.422181646784073e-06,2.692442144946225,0.003576095838894429,0.15368909315231954,0.00034921137883600704,0.2427439054016157
1089,1089,0.14225722813916594,0.0014949009076659615,0.04548597530758639,0.15519063226708538,0.0017937504198148985,0.04203875005341485,0.002517645578402738,0.004258837417452708,0.18658818631275542,1.2083562811344247e-05,2.190441473567832,0.002318496925564446,0.14211046222947216,6.328854177836735e-05,0.5264070037674576
1090,1090,1.4012547607045908e-06,0.0012424463838171481,0.0030393663314029246,0.00035455254403758126,0.0038034642123629314,0.0007804994420584114,0.0025361876188132416,0.0042902627446148,0.0017341678300851894,0.015552899899626755,0.07169482112530233,0.015675156903054037,0.004165024640690201,0.06024450964771405,0.011561246185235163
1091,1091,0.1178819941480758,0.0563658247333023,0.3065590731772453,0.1348395245955289,0.053589144052269104,0.002671830770160198,0.003400369107120352,0.00815845876774087,0.013066871261680681,0.004222782580622631,0.1601040713864435,0.0013789383814159623,0.005421685728418055,0.0008740933616598912,0.023996041496961367
1092,1092,0.15095528912538606,0.3713814600213547,0.19084070545626877,0.16029234553494612,0.2900948168722841,0.05596573018229529,0.09065164894669497,0.5685340862248076,0.019814352688951792,0.0006718544339107911,0.0006115786347944682,0.0023877925333061667,0.002471201546986328,0.00555162033881942,0.2938470768260128
1093,1093,0.0032422560677644726,0.005346553157591271,0.0012946729722281799,9.624222477644854e-06,0.018423767055017748,0.00021604249820021766,0.0024489457695148686,0.05530498574786157,0.0014582611342499794,0.001083781970304529,0.06787018409055107,0.002161445875858035,0.004883161353581943,0.005850869400817165,0.03177642648170473
1094,1094,0.01601627873448231,0.041436260602882025,0.0023653528485241067,0.03523183685549084,0.00554906883969715,0.000471168214301975,0.0013796169989519326,0.032993012828970304,0.0007652261038319406,0.0018351495467121806,0.14610164057175465,0.0012338469461728645,0.011066649469911666,5.079030876197892e-06,0.08219164288417849
1095,1095,0.017814963619835363,0.0019299725654871238,0.0854214382516411,0.0487322646336636,0.00043459129379478295,0.00023050120610530587,0.013745641686206239,0.07026134316218895,0.045101540784706885,0.0002684523562001755,0.20742599433143297,0.0044375960502202536,0.011374176785458585,0.0017975977836391967,0.011493296440344549
1096,1096,0.04170499098837049,0.0006394649273317256,0.03561679222570372,0.061246383079958854,4.084619070289732e-05,0.0002100082513808549,4.149095651562998e-05,0.02877431872242203,0.00019698765781328792,0.0009214926205361962,0.027987289177792758,0.005013520581070455,0.0022404461366733286,0.0008632434783305383,0.02115585835962146
1097,1097,0.7059562839350481,1.2178276392608132,0.345162799220696,0.7199250628279473,1.058402231656617,0.04359514122000176,0.07661399238915131,0.6300477624775376,0.09494168328383742,0.002894281076434619,0.10322033338380603,0.012728410769071434,4.794447120363302e-05,0.023714654147054565,0.5959382363679455
1098,1098,0.008321229840954106,0.003879990298729461,0.028166919771616308,0.01635268428459348,0.0018372102319080712,2.2393171969434766e-05,0.0007118544082919348,0.001222121584029671,0.002598211852522394,0.009995052920719324,0.0004805706931274076,0.006385927871604009,9.715987097965736e-06,0.03321680546598943,0.006425370373984964
1099,1099,0.01506472810306262,0.037649611756517695,0.0017085673409912865,0.027276617577979393,0.04880768392010796,0.007625432188547476,0.013343119056996524,3.3447156591420664e-05,0.00010048817343675723,0.0026161087888871906,2.333545888802823,0.005799381945090907,0.13791453960762828,0.008017510570692856,0.30043354590275995
1100,1100,0.02559647663429917,0.11939870849570683,0.06143838269790167,0.01362655459520582,0.13280549371277342,0.00554642108595814,0.009406316131025817,0.013046914827947578,0.0004066182182338229,0.004879405777569475,1.281876629698979,0.0008729055832031879,0.06675792813159402,0.0058541857373731,0.03942426715960465
1101,1101,0.000978532053816642,0.10063208195683936,0.0019341704826585002,0.00640908661168052,0.07789846318716152,0.004619666457262924,0.01925587867674657,0.066928690153164,0.01915545703100042,0.0014851998037690081,0.1208255940412828,0.0034341521780910027,0.005066668573458927,0.008320506242952951,0.0009087472511240983
1102,1102,0.200593290867259,0.042270058002109166,0.11419976708647743,0.22462890791900386,0.040708800777217044,0.02060522508361008,0.17436855316297764,0.004528054087066445,0.28695549429086076,0.0001960760278401664,0.33327165104424317,0.0019503073797139774,0.026967220364651354,0.00039124266759746026,0.2606303183692219
1103,1103,0.09519345753649346,0.07317382359088331,0.002333093095972885,0.11112529966808386,0.06354542483311287,0.036290709600938775,4.350158320161857e-05,0.09927128393885594,0.01109577291596072,0.013878270462653386,0.7417604021505498,0.004014293605319052,0.05327499006946267,0.02569963859486575,0.34752055367322304
1104,1104,0.09979493074262663,0.05289449168048648,0.07251608942919535,0.10688325979812009,0.04109370176212652,0.006033344241481429,0.008578721423327254,0.03842346265914475,0.027736735602897123,0.0003722411979780623,0.11627768332173984,0.006521126683791478,0.01081049917747464,0.008081627815481694,0.1526329572690501
1105,1105,0.036500906606769246,0.004154022678721002,0.001822868715179736,0.04134619512168058,0.002345000476373897,0.0042858971991827245,0.017035585863185532,0.00414971000377797,0.0031565299736245524,0.0033219692862667717,1.2382610700680072,0.0005600853512762815,0.07771555219209142,0.012018571034383769,0.23708782578847334
1106,1106,0.09060220425882806,0.19627429598473764,0.0941940910689227,0.07977564739079282,0.184132463673918,0.005010471106429281,0.010166749482062505,0.008645721630564583,0.0002069369132255286,0.008189034450430229,0.9647940830490669,0.0010253021636133285,0.04600975994617517,0.011382803319543468,0.002984812330416915
1107,1107,0.0009444125575836346,0.06405106803041284,0.00031868312456415516,0.003618270506908606,0.07514409787063377,0.006694128837507646,0.00019545731141547434,0.003008507715861103,0.009366794230022788,0.004118942057772742,1.2395601937504193,0.010822201939908831,0.07045152395798646,0.019177152996905346,0.11501221209464406
1108,1108,0.02231509696932502,0.02743330705758107,0.00030187293449021444,0.03038668398786772,0.029697161370007687,0.0005312205116813457,0.002592313842912179,0.35047986020773103,0.001811402088487663,0.004968411817872317,0.024263754059997245,0.008305004467905905,0.0007550460541089941,0.023354021550314817,0.00232389350085884
1109,1109,0.009506557194614091,1.3944082167255974e-05,0.0003721319287385807,0.005362264023419545,0.0006573908047792182,0.02802554139013867,0.013058309474343376,0.00122403703518397,0.11150436463573307,0.0019700308900410693,0.16341746341816896,0.00015999276501336938,0.010484020531167775,0.0015313937531275773,0.03681151943536353
1110,1110,0.023153418606537135,0.018106948743218866,0.03585855815776478,0.007163006958706095,0.047435247375798684,0.00490623081132478,0.006417933284023239,0.00034304240803557104,0.0003183489727800687,0.0031448240904148935,0.016790052915203725,6.841576461755267e-06,0.0013864712118157186,0.0039332779504965805,0.01404303424642697
1111,1111,0.0286573715003186,0.03006305523818519,0.2242491726488407,0.042031738952742044,0.023244178707033773,0.011015548787328617,0.001495838232638059,0.0009604844315128334,0.008629648790046515,0.001011923141622335,0.8302445802383908,0.0007567880833019646,0.043296355293811206,0.0004076840606330773,0.023961877795797632
1112,1112,0.0017620624906604274,0.036961921579209044,0.05165906551891809,0.0008790964011801622,0.04655882198304183,0.009229570785213788,0.029626990389762787,0.2438801732410183,0.028282274022037795,0.00011845737605978747,0.6996593809406069,0.003996405866229549,0.04638838403886211,0.00418114360173809,0.20055499504630067
1113,1113,0.11739555850457171,0.05592679646093435,0.08139175062243739,0.13469288249055222,0.03622274964364783,0.00018890854133294294,0.001490562651351205,0.010264306851189493,0.003668757592490232,5.478024400368308e-07,0.06610628831065113,0.00013955913180532364,0.007047426037704133,0.0005589518659553759,0.1270481719109923
1114,1114,0.011064329514005558,0.005220706256301916,0.02328654391289508,0.0012027980330420894,0.024129152381153644,0.0004479906749773744,0.008499140624900342,0.0962475680562149,0.0008634448478615868,0.012722508398338474,0.6408484253632438,0.004758678715966025,0.041072601872054894,0.027691633301678748,0.15632409332714006
1115,1115,0.025255871294132985,0.03583244557473067,0.09109538692579786,0.02031535246336426,0.04410824265825204,0.0009811477519898104,7.211904422851323e-05,0.00041931855240855104,0.012081781512871953,0.00017442353216496858,0.5662894623328328,0.0009945492640910563,0.02919263493292444,0.001122080378386808,0.01274357466655813
1116,1116,0.0483486723941792,0.0410185442588602,0.0014205024984531023,0.05777877100257417,0.033578088375091734,0.007515920195492774,0.013213942705936094,0.00018888077356518215,0.00038293698682090007,5.237679537656214e-05,2.7287879807485145,0.003562690630433273,0.1648056003830542,0.0005497894992909555,0.41076833175248734
1117,1117,0.009604180780696914,0.04780531605569354,0.0015596880351933303,0.0029276673126776196,0.07495150028183743,0.0004444368171298294,0.0013712233261769205,0.036365617466781214,0.01119539850945514,0.005051619214287543,0.03868323099909747,0.01782959070130343,0.001292907224861106,0.03898257188160721,0.004034508716457644
1118,1118,0.0010240475763847172,0.00255315291967092,0.005674483086521285,0.002818275824331875,0.005963069262192096,0.01648987313464019,8.082320922392099e-05,0.009613882985353456,0.011893762884952095,4.559611623267294e-05,0.006689091151511348,0.0019958659747621546,0.0003408475994795373,0.001293570874191108,0.00033387390560624185
1119,1119,0.1497062917569894,0.0005497636749058444,0.0022444575215180363,0.1946948199814966,0.004529382415316615,0.005707146889682517,0.00969664625266064,0.005378272926195065,0.0010627448546342093,0.005551029803962731,2.820325168117761,1.2924079755526312e-05,0.17815317907338596,0.014267930424292342,0.5747977775889899
1120,1120,0.01937487129204695,0.008373455504763797,0.04311494389900622,0.009478814934466362,0.022676117168397555,6.923319224274842e-07,0.0012549605242536935,0.1139576622532744,0.005441320197584354,0.000517289880584033,0.07949155729135454,0.00860455893199345,0.00511657668413522,0.015020407208844793,0.013133315531591791
1121,1121,0.3952098546633956,0.2604879629847142,0.14928805739632584,0.44401149534100387,0.17050949598249507,0.00329733480720132,0.006869735683773391,0.5375610655850015,6.066416883597727e-05,0.0010994117492603593,2.589304667479184,0.0026191999455359148,0.19532008354562294,0.017267518830562587,1.3930661166077736
1122,1122,0.17277557852153838,0.0061404685093415035,0.06489497767092271,0.18295102277073097,0.00781678987310114,0.0006405623876737123,0.048662337855465955,0.018605157343040347,0.01445505586009563,0.008090472531582366,1.4614678968009605,0.015416874926612256,0.09867310006708951,0.032944688050504566,0.4825473731842646
1123,1123,0.23410619353758072,0.06010454586424884,0.242147223279338,0.22180818175342368,0.07136053023017494,0.0020581972368949263,0.006741349600247617,0.05351788115066238,0.0162675138394114,0.00019513116557197247,0.20493478152494732,0.0020289287201177074,0.01974820040950181,0.0016453659390304673,0.29342504167146516
1124,1124,0.0031809204280069873,0.012655174800686965,0.015531026508583734,0.012780007300351566,0.006356962172919371,0.05015799528873602,0.012373357059850942,0.0023767547936087725,0.005441960698565236,0.009550808099766862,0.03617088950614474,0.004081044954324785,0.001593955609984101,0.026849868551883305,0.0003483385806688634
1125,1125,0.020571006586741027,0.19597248485873042,0.10231956150300836,0.008154039528019028,0.2070189155608772,0.004097461789863818,0.000681385100820525,0.0019708650187877713,0.0696913381636872,3.99967927758048e-05,3.5914094936523897,0.003427916447850659,0.19745239053851205,0.000342142578875,0.21515143197134615
1126,1126,0.003042552477847804,0.04482795071919153,0.03609984750773224,0.001142390186091239,0.05505762364816557,0.002876733709576085,0.0001889733112599523,0.01151476308282323,0.011145123675490549,0.036034306068414165,0.7828316538462974,0.02273671933387685,0.041262959085900476,0.10262994606628274,0.037659334440750626
1127,1127,0.023607842375399646,0.0035653160125837654,3.1017361525129553e-05,0.04460986080436826,0.008964020405118584,0.07353722485729376,3.684817824989862e-05,7.395743555461702e-06,0.17900610045825305,0.004925020421254282,1.1870911173123766,4.2874776897392243e-07,0.0732157710070189,0.0011090771377101232,0.20228817520521833
1128,1128,0.010610506835522828,0.0917058213995544,0.04484717379349769,0.01863739483687574,0.09466113861521708,0.006034641709637405,0.004187294986877763,0.0012793962176807926,0.10212616337595735,0.009663790567173878,4.417822305734234,0.014338767057949686,0.256204591597466,0.026290861787719416,0.4791011508715467
1129,1129,0.0006341551612335525,0.0384507732806702,0.2450430588702739,0.0006491316745087185,0.042446659450860666,0.01075107613780035,1.575147288513096e-06,0.01926543623415506,0.022338576551999747,0.008279091791763251,2.7132410465809276,0.02095742020459435,0.1512244287062558,0.03914682613168855,0.21288990947416214
1130,1130,0.0047208649263079236,0.006285812452967753,7.399870842516771e-05,0.005373536966181615,0.008861779176339952,0.005108622893671594,0.0098405837828676,0.046977525856623084,0.00040779018855130234,0.008946644270294448,1.279022262832367,0.00011469843441161269,0.07891656822845569,0.017281443072039843,0.20965953649552507
1131,1131,0.33782333578802926,0.12649432260924134,0.2145592326047066,0.2957261276713649,0.18968686802342724,0.0027327971280904162,0.004931233159049722,0.0013673069325777216,0.001510514759168088,0.007887303293404306,0.013116977569477106,0.007183710373685491,1.2872058499561415e-05,0.02642583486863461,0.13538245311344102
1132,1132,0.0015747027965638755,0.017183318157018027,0.004343264089754309,0.0008318098554987073,0.019022799707982173,7.459641473611102e-05,0.004266528997361996,0.0024904464873816935,7.479695357384802e-05,0.000303513496972255,0.20491990845374317,0.0009021288591311504,0.011742202677303906,3.8413966014263186e-07,0.018999724844444857
1133,1133,0.18652617030727126,0.29433959399861265,0.08689346066527452,0.2147349031482215,0.20760702066044942,0.00025428380986433386,0.002231764715537131,0.3746251524003214,0.0037291707463589147,0.0019666827138773795,0.2976534413505807,0.00019788043453480438,0.03002520315899548,0.0022429339491387905,0.47101037165025855
1134,1134,0.015331076016756474,0.18569239751413846,0.054490393327159124,0.004846302845656454,0.19803857353175133,0.00047224455820731346,0.03870053098939698,0.02218129024650323,0.005406937338651512,0.0029750719409111863,2.3730837289103257,0.004891227579694272,0.12882491578487976,0.025537763338170805,0.11208744451348697
1135,1135,0.0038821647445876754,0.0002660779836379153,0.03711589174889338,0.008061147586280447,0.0006051433094565243,0.1083661191042961,0.01839682915514799,0.006554043285911821,0.03349941551052241,0.0002852451678442016,3.701953341924521e-05,0.0017278977979004457,7.557037303519198e-05,0.00036435529448791253,0.006357345869624338
1136,1136,0.003167765380889107,0.02488099493545687,0.009486834325806713,0.00045002192631905796,0.03554776912701643,4.2412267908564745e-05,0.0008918317631371043,0.023414035583475778,0.0024804028979115507,0.00014694314287168244,0.0003181660316454209,9.180658326270312e-05,6.073696877101523e-06,0.00033757202127790756,0.006007802917719785
1137,1137,0.018446703065314495,0.22030910863745232,0.11967103356131842,0.011507317044302376,0.24330799596263575,0.012507259892119848,0.0031666205689131976,0.1845822693450405,0.027360257085304242,0.003220180271944687,1.5566766260191056,0.003906978013803918,0.0779849980867229,0.022974455721780782,0.018427764681469158
1138,1138,0.0679226855067766,0.07623384478633131,0.06749061037123914,0.08282684406031081,0.05597638081865559,0.04196916255634229,0.023498236905340468,0.009945569264673116,0.18198624381579753,0.004173696666763247,0.03915105844531589,0.023091896479731523,0.0009814973679414115,0.05097871391716607,0.02735926362294399
1139,1139,0.0913360973611926,0.0008171866599278931,0.011864708615100928,0.11797171007741251,0.0012562145031646554,0.005571873984076978,0.009441645415565053,0.025280350943485352,4.7314265436243116e-05,0.0007359407556728194,2.2210423286994767,0.0004028605849416862,0.14271694419675762,4.695739187581868e-05,0.5169541089422062
1140,1140,0.1801047264288439,0.2050183595475806,0.5287041107898703,0.1115066281754157,0.3304974397702469,0.011015622848572415,0.02322024419493497,0.15213081061277325,0.24701825204466504,0.0007846252523173469,1.32363883067128,0.0016376289799054985,0.059109222644429436,0.0016753824718196695,0.002773801731098384
1141,1141,0.00033526311194684896,0.020096528787509338,0.03735506767185629,0.002304525039182433,0.0452528112556945,0.0408193490885568,0.011263451729545954,0.008044940184158614,0.06186640519449509,4.01831828917579e-05,0.9704336772991708,0.0027216004245244536,0.054656077388944554,0.0003564308492781501,0.07363688765210219
1142,1142,0.19168157423450136,0.031515462999066,0.19004082158582353,0.23404208202840263,0.02589139243417169,0.0020884446941687924,0.01807967219921195,0.0012954490893457458,0.02961211689243934,0.00014125959791705164,0.19359774525075796,0.0014755363518681064,0.017255493174786335,0.0019800155402606686,0.21038260229320427
1143,1143,0.015891339181982586,0.00011366260981929575,0.07693190342599372,0.026363690794314075,0.0013228001914720885,1.4178807619100537e-06,0.0006100758596178382,0.0045949973013468025,0.002173466761328725,0.001478913456628559,0.07714105575794136,0.0026680212772425653,0.005816567204602887,0.0006705567743580562,0.04093886232400795
1144,1144,0.04749738074369183,0.12470149050720652,0.08522882743454781,0.04737447975462647,0.13811245606252587,0.003454270717629185,0.011659409881551187,0.09016304327041819,0.027965242926386635,0.0010450533020879699,0.26975280559899184,0.00034521419504665124,0.010610950645904803,1.5360527001641604e-06,0.010234174630902997
1145,1145,8.25607002831292e-05,0.001378303767246681,0.018556176700328986,0.007585507191821207,0.004011614508427906,0.0003445119817893437,0.003808662931939507,0.04558995976797199,0.04385471317468099,0.0034277935056590096,0.8924145365293372,0.00402648477337116,0.055330875727864215,0.021803615338147838,0.14685458689619868
1146,1146,0.12655999288769954,0.0015406379938677993,0.12032518564722637,0.14804520986618122,0.0013098557582555779,0.08746680834179131,0.0029204176129372307,0.00027757923145427287,0.08842644055711238,0.003022874095473803,0.4233744244712105,0.007893695389114538,0.0313342840313551,0.030845038651190836,0.19345380385102834
1147,1147,0.04887084974138248,0.005201412718234691,0.00075913482977619,0.05106624060222376,0.007029581755052788,0.00474209157374647,0.007702534957260724,0.00015444003051094148,0.00011896054108400192,0.004981080004412738,1.6679213296246134,0.003452988953030439,0.1030526227926497,0.026924603982900454,0.28355239702907414
1148,1148,0.0014472204159696174,0.051386449450618606,0.02924274795987824,0.004270541329951461,0.061611845345784656,0.006196298395815977,0.010058224950763592,0.0024496544418896207,0.0010846007495601087,0.005600145609971424,2.055071263286736,3.759197891372921e-05,0.11749865256401645,0.0022331390693512603,0.1958208049909848
1149,1149,0.021296358430619982,0.026441298231691737,0.0035742991705021423,0.014726137178891546,0.034490148433888645,0.0037939468531180435,0.04353601953202218,0.03719189594869028,0.09345541481778667,0.00012033154145778498,0.1414845123180841,2.8023151431156956e-06,0.010648184962436432,5.193634495242128e-05,0.07532395568157982
1150,1150,0.06100468542269236,0.032009142234115814,0.12778579782661553,0.07674376051913995,0.02247971934419558,0.02111392343337664,0.0026774660187711846,0.0007804301528499078,0.013244208370267482,0.023396342443312176,0.13065596917273145,0.012617933381511156,0.005500121820103209,0.06988660195608871,0.003957147868012332
1151,1151,0.07889152530007158,0.0023050319584840403,0.010337552910650947,0.11357414691347313,3.677988423920433e-05,0.009598449418155346,0.01564684416301032,0.05371553664697356,0.0002585964370442271,0.0019663501320277316,3.5867128976060774,0.004752570921939944,0.2256737459065079,0.004433325987530115,0.7342734849075703
1152,1152,0.0610062665513458,0.004302722545290838,0.02860741452324741,0.07862815201197446,0.00655481286182942,0.0012974091725264554,0.015127794743153088,0.004758925300449991,0.0004811160065085548,0.0007664867062671021,0.8415858664058027,0.0022739308921611153,0.05384816803952489,0.01083022353120619,0.18275098962059583
1153,1153,0.2533042128467023,0.23972305583772316,0.020355826119392063,0.35775212464031847,0.15281993221666915,0.04546830428358421,0.002711091007784805,7.987943090979613e-05,0.05597249975786375,4.7678330951679046e-05,0.04332199184892508,0.007796527658270636,0.006438026345171068,0.003776040462281895,0.19798487556494476
1154,1154,0.03353755331124912,0.028734444303612605,0.002461570292373874,0.04594213273075103,0.00774616017713147,0.0027821671438209173,0.005973126221957701,0.11665696027655592,0.0007852179393439738,0.0006413890187030193,0.8765573783004258,0.0009382819591530737,0.059778589802255644,0.0002966978386905803,0.2854650554499837
1155,1155,0.0025723028284190524,8.44529390071241e-05,0.09404856176428969,0.004555776484364883,0.0016700393204666097,0.0016152275399472183,0.005387327056250109,0.03550726066371521,0.00013906542349425037,0.00025803825462957766,0.4594291009397853,0.001040817626652417,0.026785035132790083,0.0014960583753576904,0.05227652461023243
1156,1156,0.017366576845873324,0.008620293509253979,0.15227828475288235,0.03034312571961236,0.006372878776247009,0.0006527710629544116,0.011287414577030782,0.0026838976162795237,0.045670622218758214,0.00335961623273256,0.15378508495156656,0.0019061292640922458,0.007080750654598928,0.0005139954538518683,1.4056944018511339e-05
1157,1157,0.01319843001697711,0.014795455908208365,0.09071249610548346,0.02081077976411622,0.011007512599867873,0.0007379792192638037,0.0026791932858784583,0.013517844134273416,0.00018744753448047993,0.006544844594701649,0.083185134599132,0.0023107113186869796,0.0032743358590210533,0.016291784828816578,0.0018094580303548021
1158,1158,0.0006484389201294675,0.1147636596832436,0.017668319552089824,0.008354951350303326,0.12972031382595783,0.02509935642093929,0.0027509882811646304,0.11373237352971867,0.16344221378634036,0.000272335586675658,1.4870268615341804,0.007253215588284139,0.0816325887351473,0.020296668541281322,0.0801973036354673
1159,1159,0.0643073871937583,0.018723996549477963,0.09087638752106615,0.07418602754907842,0.017063400897628405,0.10455026194257962,0.002797687374188805,0.009309811337495697,0.13265987590471603,0.00048592949329280056,0.018944008452987448,0.003009470110769168,0.002604455337348753,0.0002307421268935338,0.06482026807963177
1160,1160,0.0006153080855629036,0.06127327559476664,0.019060498177282614,0.004282205697749937,0.06646713573784013,0.007122091068687494,0.012326117507073096,0.0006849801354694363,0.000330373804323995,7.16287174799491e-05,2.102103012988081,0.0033231441340097877,0.12057449405251641,0.0010352745610105899,0.202578832051927
1161,1161,0.06071619641080818,0.026134291287611796,0.06295916757950563,0.07204303242031972,0.022562043104654726,1.2345751964388284e-07,0.000637712265187592,0.0002679154500776854,0.0037686828644484132,4.496126651183849e-06,0.0008357914597217098,0.0022046905206370526,5.608317524620103e-05,0.0016452487235187883,0.030395066358164847
1162,1162,0.027584136557930135,0.04433295018740714,0.0317085446436893,0.012305812285252156,0.06661719893352915,0.019840640235614698,0.025071492719362043,0.12098393468169187,0.003920051631396614,3.749619537297937e-05,0.529523525562076,0.003291594096256985,0.03669498917481971,0.0013193872178864819,0.19007572133754785
1163,1163,2.9614523439883836e-05,0.00269855938341361,0.10032169264582057,0.00041851988789459813,0.002047452507553187,0.003934348901432296,0.008742873252903528,0.0154947388412298,6.18849101455352e-09,2.2030043930437807e-05,1.1195821469562994,0.001010174745716376,0.06511011298420319,0.00026676652916783015,0.12282647122529959
1164,1164,0.1975358703201752,0.12204087729637113,0.3316824700347863,0.22797776890590304,0.11030384086204904,5.803388789178819e-06,0.006477077293284257,0.00172882645084289,0.0599629991289791,0.00023186020537663773,0.5036141220655034,0.01374845267757349,0.020914258852350747,0.015386635923532534,0.008453878537319517
1165,1165,0.09009062028535297,0.12201025176519363,0.05621399725654766,0.11577635764343394,0.0630755425798199,0.020615339548373968,0.0007101766726891317,0.2795326141043759,0.050164100778077085,6.926604445039871e-07,0.5668206738966901,7.704801915699402e-08,0.0456066452047131,0.0007568919723258994,0.3959066626701459
1166,1166,0.09059813910573952,0.06721605181758229,0.2494886144203581,0.10533976479152778,0.05922294562146225,0.0011236174725731214,0.004708706922954302,0.08138514990584825,0.0010100034469051821,0.0008348279644850723,0.01639593163676925,0.011461596541407755,1.562474839206328e-05,0.02034545994508675,0.07556820263673038
1167,1167,4.074307196470092e-05,0.00038423865579022027,0.00012976829506601993,0.005218796886921646,0.00697062888173775,0.004447168543394158,0.038955352133836184,0.01725482412502165,0.0633245125785717,0.002881305603433252,0.006756489634313737,0.006445698546658126,0.00027954548739746865,0.018821762677772167,2.4797969882698517e-05
1168,1168,0.027786279734777906,0.0073789289634408495,0.15344322842321073,0.0333390181685706,0.006098122590974169,0.008108819260182639,0.004773728800078909,0.008964669537521508,0.016722765704988003,0.0011971064883559692,0.3578629677896797,0.0006341295690795869,0.018603279935993776,0.00033784737216455634,0.008528412452836816
1169,1169,0.04880869062231339,0.001999541557523837,0.013155532806890644,0.0744694747657248,0.0063498443127690185,0.0018546219856551795,0.016673534079761923,0.0001900163176558578,0.0936606424981852,0.005050386894071489,1.1687478697432403,0.0003637034979308587,0.07465049320141474,0.01661326715527695,0.24494373688319235
1170,1170,0.03752719204942734,0.02056650129600019,3.079377328498657e-05,0.03775263198005326,0.010763446974835292,0.002089239128993675,0.00906005183694037,0.021578644465913566,0.00019649487693346545,0.0010574942242486626,0.37630616779533327,0.0007480005777697189,0.026146619388512645,0.0004657822846047748,0.1356172615289973
1171,1171,0.005783447453923962,1.1036541422272293e-06,0.08246334912486179,3.785319018952326e-07,0.007250889991760848,0.0036070743583052713,0.00707309873692227,0.005186926093127155,0.0007855944676946595,0.0014111176098488998,0.5721049061172867,0.0012808315842863247,0.03243306695517491,0.0036892952746411405,0.05112447443503741
1172,1172,9.584545070370582e-05,0.038543275146175386,0.10804072239123838,0.0020539820197880885,0.025579046411696445,0.005299429669246469,0.01073793026649654,0.00046507487384016077,0.00024137693764708065,0.0031805697422124302,1.5378092276017552,0.0072498636895729105,0.08566122036129624,0.01355384221858618,0.11704161450057382
1173,1173,0.0011779418469020039,5.352942161204323e-05,0.08324379274558574,0.0045964319607957604,0.0006902658586952602,0.009063318349747088,0.0005282543197299199,0.15306872319317838,0.0803895385212419,0.0012360614322320836,1.3424242262278625,0.0005785458802901613,0.08186274317412548,0.007466842385073549,0.19956913431223527
1174,1174,0.0034925668759414265,0.006501899715705555,0.027956432328250486,0.0014173972593495266,0.0003508074946598349,3.2294177186353235e-06,0.010880801652627663,0.06849695762417135,0.04232835792178566,0.001059468462010511,0.5200298612892694,0.003659977895321657,0.032506107756855314,0.012514119233155067,0.09016374656749104
1175,1175,0.01371059697719997,0.018866855688808637,0.19738606727998267,0.06988035100447608,0.0017665305613045878,0.0004787650748035196,0.0021664876454307665,0.06379443091976865,0.0017382222741570948,0.006234131534749855,0.003673253067303629,0.004953527481364173,0.0011396162309641497,0.025181803046235008,0.054740104660104066
1176,1176,0.05198452914881244,0.021298830180539362,0.005356195346238567,0.039151492794904874,0.011717393974494747,0.0027068471600933297,0.005421633981882857,0.01990081469723226,2.58720797833261e-06,0.013758068896798068,0.9387460221825772,0.007843569823221347,0.05623423491780875,0.03190397553254088,0.14669383439586678
1177,1177,0.13231182525541765,0.10978647845133184,0.33237181704083124,0.15845664944337726,0.10173606579288784,0.00023409626023501677,0.014718944551324558,0.19184491786568317,0.0019894218882756634,0.003623378707611339,0.0005831829810093855,0.0001758277524485852,0.0015427497863807287,0.001301521862522993,0.17655048986201602
1178,1178,0.1584660748939551,0.02392091952965843,0.0012983177338917122,0.19064403047179276,0.025730064033573096,0.01752195167511645,0.024397852526258385,0.009989828225412835,0.0015550074339584212,1.611671909405728e-06,6.460766806480883,0.0015412193854299613,0.3996496778167673,0.0007141130551952067,1.153885893440906
1179,1179,0.011381724682555478,4.609883596737474e-05,0.11636412026155138,0.0207088207375337,0.0001552236642744716,0.0016408410751988674,0.004601986861999814,0.039242456124341685,0.00020843179768563705,0.002026924199071612,0.33644739287993397,3.397326860571805e-05,0.01893763171388571,0.002059650807507989,0.02473334603758657
1180,1180,0.08416261944680509,0.030278512922768876,0.16825256057539884,0.11722735441997376,0.024388577110966685,0.0007715572932830006,0.004054019795620075,1.4107356452689948e-05,0.0006473660196173083,0.0017803883939718154,0.0360389854671736,0.000443932021943591,0.0007892450900505348,0.00023871749306266893,0.02534132943859092
1181,1181,0.054754163187119835,0.06571097471434083,0.20433880150281594,0.07892489115287261,0.051510834563702264,0.004622997172533842,0.01638651713869922,0.022525700424267506,0.006669140930886657,0.00037219184582762226,0.26233378174113636,0.004166271922170549,0.010640454902984573,0.0018784909619245563,0.005901318160964555
1182,1182,0.0029721446298941715,0.07710536169260797,0.12721865347488925,0.0016590007665552152,0.14219427323766198,0.004249021103158529,0.009873155489826995,0.3148017802653681,9.28943121916924e-05,4.8581489435892925e-05,0.7256369596677275,0.005662191936231341,0.03458646096855511,0.0038820493717247415,0.0029496954014816114
1183,1183,0.20761547181556392,0.2991850507625421,0.07604175436411703,0.25897483059226045,0.25834968988035234,0.03213923023663956,0.0009983908867234642,0.06474682711583701,0.0903194849098178,0.001609724167716978,0.01850529636961242,0.0004183704760494389,1.8774609008214634e-06,0.0003418125721987491,0.148452470721257
1184,1184,0.011348208047102583,0.008377937296752647,0.027529213707125896,0.036311035342521,0.0002279471968103513,3.215479897075732e-05,0.0010589319923905993,0.01085872678360645,0.0033012628299023358,0.00186126176529539,0.1226688359615664,0.00038946990709938755,0.008988935904438193,0.0001050920768882066,0.05857019515533042
1185,1185,0.032965118805230204,0.03604316510331609,0.07202460983095547,0.03588440733427653,0.027976342843626344,0.007275736310968429,4.274206514632661e-05,0.06956975780585796,0.010759879901474296,2.996763130168454e-05,0.004275305064146001,0.0021193940165560306,0.001098513999323239,0.001405036273375589,0.05669490018023768
1186,1186,0.3064425634177955,0.3370177091060817,0.3059006710583355,0.228268702049076,0.4120303457225737,0.00941741498788287,0.014060348519108846,0.04568601102266785,3.929836852871393e-05,0.013846831697078968,1.0053248522392946,0.030172905465599167,0.04100692548842683,0.07906108062457688,0.01828013826182698
1187,1187,0.06277331372559433,0.08083973283272847,0.0014869289274480387,0.10271052888632999,0.040328931634770554,0.008893622179050431,0.0004919033527498757,0.013444803081956858,0.01854090684728277,0.006749775313968784,0.1422289715080843,1.6168246246521121e-06,0.012180671781547914,0.009457294449707032,0.1245375628429401
1188,1188,0.11096312882453815,0.09607559043628129,0.0889350505615655,0.13369447861317982,0.06814432099401678,0.00018149602136736202,0.00020467504490632315,0.0019013980974434933,0.0057962333843747235,0.0021149565835982855,0.043658720463543216,0.004216390472796055,0.0008136799454954954,0.012767000481401466,0.038221839209954346
1189,1189,0.057797067663479536,0.0002873773691773154,0.04786198215261787,0.03630336789158855,0.006406454913085499,0.009628920380902253,0.07940495939263172,0.007405345729650255,0.06484962470143463,0.004739281685412464,0.9694180648930484,0.00428224849891446,0.05991533533941378,0.023437528978109735,0.1707893366270306
1190,1190,0.028414233500100406,0.13136591740368522,0.0048911745795130876,0.06164740446432853,0.05810922767072817,0.0011192311476533924,0.09180267207940832,0.10034781134761775,0.07935874508924276,0.0018677948825265767,0.033447143651494496,0.0003926108876722189,0.00418565709106432,0.00047044365799200997,0.09635471234578707
1191,1191,0.019727551025689852,0.0015139735729070081,0.09684461008485958,0.05214527857316126,0.0027851403025096278,0.00957748689977862,0.015026984497557532,0.010391043478348674,2.1085028135786214e-05,0.0003986029315470583,2.7630412656146417,0.0013095698561261153,0.16802256052661418,0.00048029124724034293,0.43495195792677677
1192,1192,0.0027637397433750398,0.07384760778485648,0.021417956113574832,0.008822035660461441,0.10474459292649968,0.006338434347196635,0.012327335405197508,0.05262679213250937,0.0001281217797232383,0.0013519009544513145,1.7920288925785568,0.0011529624643734737,0.10061751887022448,0.010894198240556832,0.13409396399706486
1193,1193,0.19931025364289265,0.10855304964148406,0.14535523476192838,0.1947009789750496,0.11519533070639672,0.01079067909185094,0.0007286606535044255,1.14265526422935e-06,0.050840313720534144,0.005949311722588831,0.07089799073211875,0.0033661070855255898,0.0014806998920063445,0.01834676706686114,0.052213886533650375
1194,1194,0.03462464426263781,0.014692715413222878,0.00787601318697518,0.029243614901224624,0.02380885762939953,0.00439633970166397,0.009014927163785722,0.23764224412753027,7.974165309185717e-05,0.008228347654236762,1.979127883529804,0.0049430448864546395,0.12864512589861116,0.016964383193323294,0.5060969404396296
1195,1195,0.1807134203887695,0.05983697739196188,0.003951246152022323,0.15100950483178413,0.09334985295928927,0.000976895568061622,0.004564230133172938,0.0002943688380396248,0.0010505586789480614,0.008931926416520812,0.5774004906624749,0.001290757019034043,0.04210621339674685,0.023588370126236418,0.26711634419189517
1196,1196,0.07178894959855203,0.11687442130555957,0.16495636919443643,0.069995844409271,0.09592481828485233,0.010865456939033657,0.03709567166004632,0.010738657073320829,0.019451312570452566,0.021275041720660862,0.6783641812562502,0.012163465101298234,0.03251949686804557,0.0704507020451145,0.0005621784780936292
1197,1197,0.016941079313413904,0.002316868714920102,0.16014494950906707,0.033369208094509016,0.00019391958381016338,0.00068831470631201,0.00368196644378215,0.014329474329354615,0.017047919950419828,0.0012457123121140147,0.28975702315023727,0.0006244267251157019,0.015276635510810137,0.00034776460109090494,0.009406769753223979
1198,1198,0.00018037216080110346,4.0865833792168734e-05,0.053920751945700535,0.0003686064288539437,0.0007401186944342481,0.00039522371154563165,0.0017340212031458232,0.00880933369399798,0.0006157707331336912,0.017695609830650848,0.03943459218395072,0.009550996443714464,0.0018245924505623232,0.0527772928482751,0.000740320790216962
1199,1199,0.2386648225111385,0.09292142212821444,9.431257058695929e-05,0.22630535364483387,0.10741119737841164,0.01991275064391737,0.033851982788379004,0.34142766418473214,0.029466942794366634,0.0023368973900766794,3.827142843235256,0.00652925475335756,0.2603823579277433,0.005965110307652387,1.2518071634135404
1200,1200,0.04467745592407496,0.012020926147130094,0.21934844243408624,0.058187391274560206,0.009982840382975462,2.637551782661958e-06,0.016479008894831396,0.03415325811526886,0.07459144428978269,0.014485578381193522,0.6688901847420815,0.014364449397083512,0.036166535241112394,0.0662676469061129,0.02381293916762257
1201,1201,0.011291681748391142,0.045950405677215915,0.00015857563175040342,0.0038021058948332475,0.061691337902859036,2.4306217472567044e-07,0.0019618740685407444,0.057717030884476765,0.005169000747608211,0.0014045012954401047,0.0028078339859180395,0.026648306188369206,5.276354838083925e-06,0.042224044350594604,0.016390031997137157
1202,1202,0.02806215304731684,0.013264004794461088,0.10556952137564381,0.037960579080070465,0.0072420549419959295,0.0012101918785473735,0.0010920758782826025,0.011229136097788311,0.0017441242604169826,0.0014595160453800952,0.007227174861419126,0.0005436077008885653,5.553391483529998e-05,0.00014621478505249727,0.018121429491646548
1203,1203,0.0016750978319240036,0.0017422991205742343,0.004219346735618136,4.732833333005015e-05,0.0002031372469312296,4.2530420579624846e-05,0.0007918464936026543,0.0027058541151717148,0.003342465445328065,0.0008704733290977029,0.036155540977111524,1.8741019930462108e-08,0.0023501494006844424,0.0013063583165423913,0.008035675241532038
1204,1204,0.0925635120947632,0.09178727979696844,0.03938491673603459,0.1373862134804157,0.04364193832397921,0.0007652726517336471,0.0021413364712111883,0.09344200016172338,0.0011599413790891863,9.023909073726175e-05,0.38582588640602417,0.002272682922737196,0.031021976463662858,0.0032914584344715656,0.2754171209432564
1205,1205,0.09720234388069283,0.06470501690356949,0.05586192081965184,0.1316904496974039,0.027198743591405655,0.0008619979103145607,0.0027120919609315143,0.12427582500222652,0.00013981668474535698,0.0007869435338042785,0.6899979414301205,0.003770589782426847,0.051398046417278416,0.004258898267471879,0.36212594697077544
1206,1206,0.019666077496307437,0.03222385640200981,0.1925183097559167,0.03286786805404064,0.017637910530692785,0.002452705884015099,0.006179606427424082,0.010335889592542084,4.746234889611603e-05,0.0011714650136391215,0.41527823980475825,0.0001395550004475453,0.020170756895186753,0.0009551167522508275,0.002232793106537839
1207,1207,0.019344650978265782,0.0064447495057218885,0.038700893855600826,0.002870591606359757,7.615987451303294e-05,0.0035523995488464617,0.007494664656548585,0.0053214444866171795,5.078550716598108e-05,0.002071906170569551,1.234127184810473,0.00013108090854675527,0.07393098290565518,0.001032977553978605,0.1783689658737694
1208,1208,1.0359934232420849e-05,0.006815449839410054,0.00918004713600358,0.0014864354028707814,0.011873409840850235,0.0030477178866474136,0.006844877090348638,0.002329067921737766,0.0006804198436144057,0.0015832066070978724,0.6066264533330608,0.00010987633773323719,0.035639160998238294,0.004519988707624459,0.06853340351795577
1209,1209,0.005768730872687287,0.00884965764830455,0.04794524820938554,3.846422916134948e-05,0.001027740544268489,0.05716732698786101,0.01798394633180523,0.006495999265153456,0.07191568574184097,0.001246664135658794,0.5151024510044985,0.000646696081899664,0.029078080418120253,0.00038801095329905617,0.045908389964947185
1210,1210,0.2997214155827979,0.4109529732073318,0.15261832307636777,0.32881558631941193,0.30969978068088655,0.04249263940897955,0.0012609510619294706,0.40436574059511454,0.0478799327842294,0.00017773453816939168,0.21114236160673125,0.0019909223278296367,0.025734852241048503,0.0067063200477691255,0.5590564765715732
1211,1211,0.10014436764856177,0.0014483318570967657,0.005580213540721595,0.1190272414288697,0.0020584722485240806,0.0016065424590877883,0.0005463565801276101,0.11159466787655739,0.0003559230591408825,5.251984593971018e-07,0.4965492812949207,0.002798926224994087,0.031064546682515758,0.000785625989976402,0.10319841869357195
1212,1212,0.04937684811379506,0.001713877527170393,0.018372396243089364,0.05416712931819356,0.00020614753794778888,0.0027420178547067544,0.006587493263772215,0.03004238175801658,4.210569715834032e-05,0.005604207863606875,1.3527135498790084,0.000259782146591411,0.08665623052803094,0.0035992745402447113,0.3134404794736054
1213,1213,0.02252721163592278,0.05357232618041151,0.039148743891107396,0.023370023180405493,0.04289652295913998,0.0020984274515554137,6.743019214585226e-05,0.09070473142850999,0.00014349220358079873,0.017360427446711017,0.23902857356510607,0.02329751761863934,0.013923765683993172,0.0928059782459075,0.01976215875736729
1214,1214,0.161344707145082,0.08063924212753654,0.0976921697702438,0.13795609281224477,0.097632878976798,4.7977506860213094e-05,0.044057235125912406,0.06702042632896218,0.04476658094403793,0.0011096104819647533,0.10657073586246063,0.017179663662773032,0.011140984760978107,0.024229048020304858,0.2051022391471824
1215,1215,0.2350013270855578,0.06934704787839287,0.19130182832735945,0.2982647602268169,0.03466847856838839,0.0014434199788698593,0.003877671464647719,0.0017107115088847735,0.0003780547516607228,0.0005709987566377951,0.2009564534691777,0.006754427724275439,0.01852764314933552,0.007064078095560499,0.2520449467699006
1216,1216,0.045918802694215985,0.0017596175754209834,0.01775617938113441,0.02788391082565254,0.012806635875906792,0.0015831674380505176,0.004204539489402178,0.07267000168769955,0.0005243395836419707,0.007683339706566532,0.616825505013803,0.016091306036718035,0.04290812420591546,0.055605228083459156,0.20863832573222416
1217,1217,0.2931316123213805,0.12219508723270031,0.2105155195783494,0.2519728232641011,0.16390788535013315,5.971693766065231e-05,0.0016681125268679857,0.07165944314891205,0.006253379034015214,0.00026140046841907275,0.0835438359299526,0.00378170971336515,0.011075650156704295,0.000873043493766184,0.28980472868190504
1218,1218,0.008804591687869878,0.05252221362847919,0.029262343191829895,0.016127942163893284,0.04156014426833666,0.009239987715933626,0.015592567048451874,0.000363908232338772,0.00026233079924793614,0.00044040195461582274,2.756967567106921,0.0003956922906342986,0.16137706863625112,0.001668090409535397,0.3145801688561482
1219,1219,0.0043317357860555355,0.053762381672219334,0.0009548683696303229,0.009737254471258904,0.06406832603438603,0.033913319851520136,0.012574202728283244,0.004496896971858502,0.01327673446130701,0.0006602273185178555,1.5936414681324016,0.0010540183650378664,0.09207606522276773,0.0004944067249326668,0.16399388680491475
1220,1220,0.025863118611192715,0.0009010569797726931,0.005296593394789724,0.04570666484621559,2.0773948759685953e-05,0.0012345531448376117,0.029324953471692148,0.0058337591287853565,0.08494929038005289,0.00026225896052329027,0.5249350275817425,0.0014746400281328972,0.03471240764334004,0.006825833005726317,0.13784068679664
1221,1221,0.0574152881635046,0.0011136391233874461,0.10783408706803783,0.0871596111332565,0.0005813739527643162,0.02041282531600277,0.05688804042299136,0.01788266528315742,0.0060710416910657785,0.006517263270392789,0.0028462832129988844,7.200063483021399e-05,0.0005190720288772041,0.00351468921050628,0.023272967996737094
1222,1222,0.04767377184022803,0.000542644955325446,0.00936906454326573,0.046597066600561475,0.002693956905662296,0.002445004992682514,0.006714771183816577,0.022979178256767332,0.0009713992947577165,0.0009981424544118528,0.7850543579995917,0.0009440489568651655,0.05190937703445773,0.0005937872979365357,0.2155144086810673
1223,1223,0.016951662973897056,0.004862101176260316,0.09204384521030405,0.04578180632122273,0.026223275802344934,0.0009332538520565217,0.021849041690066785,0.0014315643355864156,0.021964152034238547,0.0006610548438435419,3.6027055692342653,0.0013092859769368351,0.21531689269649937,0.0013397789296875932,0.4859769975846912
1224,1224,0.05396134589671515,0.0045633949763396004,0.04959164619726596,0.042569627204067484,0.001475551560783552,0.0011263419499990112,0.0026432274952138497,0.0006721569332203181,3.6679786687564034e-06,0.003529303568840704,0.5471781787900744,0.003170984719144821,0.03574136010088948,0.00040050292805508933,0.14175159093027334
1225,1225,0.10076160148333746,0.11344451251892453,0.029962069548664583,0.1333536871142795,0.050882832882616386,0.0015784605830284825,0.00428771381767381,0.17979968702919621,0.0014446772244425868,7.853608078292815e-05,0.7014063623966007,0.002948328327858447,0.053297822693697754,0.0016418705922459362,0.40063562754360843
1226,1226,0.00032428869479968523,0.005221346747923039,0.0005793757142210365,3.836473155807603e-06,0.012325820898639839,0.0016862621930543483,0.0046929106742562956,0.009028747756174947,0.0015783138147368897,0.0007262857367941481,0.24344650249841565,0.000795507829196537,0.014421587572206221,7.927764779933804e-05,0.029548500342730516
1227,1227,0.0607402623888679,0.006485060629326161,0.04450104721596228,0.06764981086140437,0.002092689886773479,0.010319984992012034,0.019624096368557577,0.037063045615564595,0.0016517308378073932,0.001311936977258307,0.6146400559373392,0.0009069449100342506,0.04289702364065945,0.0008864953863149109,0.22292005231742593
1228,1228,0.07609568324685811,0.01493600849657768,0.005731551335496267,0.05064249363477144,0.045009683378094516,0.0045222213932755015,0.009504155098475029,0.30444804239827405,0.0014402276937116052,0.004312616276990321,2.8846064317059077,0.0035831495991934035,0.18865462896004442,0.007442068482546708,0.7564934262798999
1229,1229,0.0011628507908732495,0.08068552963026929,0.17377788128254804,0.004898022542591508,0.04596341816420271,0.0021698215392255723,0.0001930333124482394,0.023280707461119,0.023427961967300143,0.0048130640528632395,1.7575926106938353,9.073403417796132e-08,0.09587695381846624,0.01006436166627474,0.09345431379337979
1230,1230,0.568249629192828,1.0360359085555988,0.26115239450770333,0.7327183748632816,0.625518425606987,7.53260183744473e-05,0.0008910641839194382,0.5854125028562364,0.010990129658411976,0.02793920257334526,0.07962735738146355,0.010879783223162166,0.017571745554648036,0.06567874019001026,0.8319460944275955
1231,1231,0.013873526938911319,0.015816228854976657,0.1161573963523304,0.019450924340566805,0.010248929386406428,0.0010837511298985312,0.04078570795061929,0.005561645597628121,0.01118233556958525,0.000990295523013779,0.609590389669711,0.0006830303752807251,0.032892733098931745,0.00020834258009953254,0.028810490783293043
1232,1232,0.028227160571725893,0.035552351229102525,0.20037481408387078,0.04137924329861711,0.030162925898039688,0.003745088753134646,0.01608762559568486,0.010179449598899416,0.03781426339139924,0.009680529652865887,0.4313722535260884,0.025192762567164618,0.020135539981235018,0.059807893456940736,0.0012009461712521252
1233,1233,0.06605806069276697,0.007359456397581387,0.01351208050805533,0.05345282911457734,0.013030938063151663,0.00355189728901962,0.008792787063516973,0.04956693389153487,8.288410898555813e-05,0.0007824701987628624,1.775139323986762,0.0011417360972968936,0.11420155448584947,0.0007101741796072902,0.41360253422627746
1234,1234,0.04342381786119172,0.03188149453513692,0.026206005404466926,0.055496223485035516,0.030989021929294504,0.00032328884675642536,0.03542024150140444,0.023839531770627993,0.029331584724878013,0.008734020486079812,0.04526730094909495,0.007690713094638732,0.004376145957538484,0.03154589918330921,0.07277848147975971
1235,1235,0.12035816890864237,0.062489160287120656,0.05200470728866051,0.13435176701566248,0.0651955849316831,0.0003951596186993417,0.0020956167292490286,0.008710366771015096,0.006466335356372855,0.00029594373541279084,0.04253914452343387,0.011543256842624347,0.005013028328292223,0.013207106670353599,0.11614027543975372
1236,1236,0.04170545145786374,0.05114733658291266,0.17946785940619528,0.11669951768436836,0.01488248751820422,0.025968160045818856,0.2576553774695233,0.0017498607593492508,0.3152542206061571,1.4160271455951659e-05,0.283211419343231,0.009759555286825324,0.012440078585850257,0.011391008617950019,0.0002875477105418187
1237,1237,0.0019240713716441016,0.005260137582174941,0.0035836487968860893,0.003356647731358473,0.005421888008169065,0.03266782656319973,0.02000557630571917,0.009454218836928463,0.002540425091828766,0.0005202770402742545,5.411332386965761e-06,0.01657203823434378,4.125447049599086e-05,0.011449624126497034,0.004973765932946121
1238,1238,0.0009876715807614713,0.031629514870693064,0.01023004617905309,0.0005845991249906313,0.04452887177872512,8.336428214721072e-08,0.010492107640973894,0.09110113374855007,0.011145209671568332,6.544846264802207e-05,0.005096806555832586,0.00017972782529992784,0.0006740719349430815,9.974824445600865e-05,0.01714473085841522
1239,1239,0.08931649111396989,0.011072647385107545,0.039979946350461835,0.10186388744659741,0.012704988873847302,0.002004473247823187,0.0021374982382516582,0.20833110230412746,0.023841593594537903,0.0006713063210205369,1.991731743212121,0.001246487722175192,0.1351068424359117,0.0009611879067169387,0.6222583169479416
1240,1240,0.0023736394093508287,0.01106958463615222,0.16822209390971934,2.58555578246369e-07,0.006020602008913105,0.01147223852649925,0.000929942049983858,0.0018690269115932277,0.004959583179259362,0.004826766455000315,1.9850012695707757,0.0010264086692901397,0.11527397605957572,0.017632178803102742,0.20534992616447062
1241,1241,0.02501524040827817,0.005819587026187825,0.047556807506224825,0.016636641409583455,0.010220566974123027,0.0011148528344749702,0.0038246684548369934,0.003843263988965368,0.0005626475622009415,0.0007282053169342406,0.3145647259496645,0.0008161418491108551,0.019582633189364516,0.00012759713087988957,0.061365600245713546
1242,1242,0.09681076235675186,0.0005055230990345302,0.044220523330921406,0.0917259994434091,0.0005486830806848691,0.015192556182832837,0.06516302009269559,0.006335464465977697,0.0037669459903901994,0.0016650944054236783,0.4807701949501683,0.0007398210956530367,0.032514939393088305,0.0012365938000654453,0.14968461058224541
1243,1243,0.012665144543824784,0.013867147322653314,0.058835614316131386,0.012767721721808649,0.010859508951803865,0.00029933167798590235,0.0026431148421566957,0.09554865116713472,0.004969996196839725,0.00075901173189741,0.03295317391228818,0.009699016619783887,0.0035187136518296316,0.017211654663878306,0.05619421529956051
1244,1244,0.09604199114518222,0.005114690631729342,0.05111075189101911,0.10748625364760159,0.0008142193853167843,0.045115649150332275,0.1743547651880563,0.0012823572880295857,0.3331477655732373,0.010203594265709933,0.382449110743605,0.0001109720439743496,0.026354571015262323,0.006863074015602715,0.15081249409885267
1245,1245,0.06777388085595888,0.01821741619555936,0.011751110555298963,0.08179973839051712,0.017729642508856343,0.0002970483876140369,0.001860949227643891,0.018538453478300555,0.03679572724314111,0.0004937087634296074,1.2354392422685694,0.001173551089242138,0.08103447163423998,0.00043874532294434215,0.3238767149137407
1246,1246,0.019978383512719827,0.0018902999720303649,0.003192799254857991,0.03395424417224656,0.0012031967247997561,0.002666226019465443,0.005726639043167602,0.01300608730519997,0.00030952817972042593,1.1534265791474544e-07,0.7852991639174075,0.010783169444497174,0.04982150094285549,0.0067799506549351095,0.17291038780359516
1247,1247,0.0062959432837067985,0.031993204337699005,0.0007428872202738161,0.0031604377768461992,0.030151301981582702,0.0024073759097669326,1.4005685411499037e-05,0.01566412027634461,3.6215358698371816e-07,0.00183549680873299,0.05022743079858498,0.005150236931826298,0.0021847271744373687,0.014469587502019059,0.0006558232432491935
1248,1248,0.07280699884491539,0.1157491783074523,0.040578413962611075,0.07835984720681326,0.12800833976771425,8.030480058385062e-05,0.0007469859726778246,0.16388562791347516,0.003606573489194001,0.0031929635782428946,0.032745080469024135,0.0035387959551949942,0.005046451947493291,0.015052265508236053,0.14884893752743805
1249,1249,0.03828099309422045,0.10071297531907104,0.2700538909582277,0.0616679186677269,0.07666544139749489,0.004445024455759603,0.008118884675888127,0.0365651534951899,0.0003452640042972807,0.0072100780754784585,0.8774057163991603,0.012087876115111576,0.04279188554628736,0.04432053777241926,0.003569650196601098
1250,1250,0.01132854410894679,0.08294279677671772,0.035224071415592896,0.007457191548909017,0.061440535293248374,0.0023382881259819293,0.0039382772570579,0.035320050180289705,5.697593186500954e-05,0.006969531957177073,0.514865296016665,0.0019475355381284158,0.028844536113030467,0.011301962487394856,0.043426840837480836
1251,1251,0.3846851171959968,0.1980629366886373,0.6345608088497393,0.44628029832065497,0.15921717383157974,2.6455242589782006e-05,0.004206511492734221,0.15824276125089867,0.018160944211872233,0.0015440881166075664,0.04287060948814992,0.00033198111296254667,0.009275799424551326,1.4350989736747059e-05,0.41068750396924286
1252,1252,0.044490331789034526,0.01769108017306233,8.165220147985645e-06,0.06700215079402595,0.009661413601748601,0.0034185391109393193,0.006344658486155819,0.04458414937696842,0.0009176621172849048,0.00023427431838099976,0.925490465939466,0.00114479955465707,0.061840024838750327,3.079751885363181e-05,0.2727033647686348
1253,1253,0.0016590226850634244,0.24313387567080874,0.053738383783513685,0.0007787148392577604,0.24290205523339561,0.022667388969215684,0.06595500635516535,0.19546956240364557,0.029746905848410048,0.00902496396715422,1.9946679315351,0.013317694326767396,0.10252046540558685,0.03308369473926774,0.05646070812230081
1254,1254,0.14024474036543205,0.11272493669728471,0.015042583806804344,0.15912730254651353,0.06916149963593683,8.295128734666843e-05,0.008296637879303783,0.29612087521186947,0.0021206098714116168,0.00022694840477138593,1.716313306997055,0.00013561998468455546,0.12268685647134964,0.001482952058134436,0.7166606264952228
1255,1255,0.03244153780971478,0.2634751934043435,0.2729625827232738,0.05284106070794887,0.1862077948662357,0.017799907852757597,0.060556478466552884,0.07949950096870144,0.012604501452635457,0.0017918884285869018,2.3755551965320993,0.0003244152380421268,0.12124518499601346,0.007625225258225067,0.046790281378134596
1256,1256,0.1939399586137209,0.23246645782311282,0.572795688394176,0.23439279088408996,0.2090856647163754,0.004492362642197099,0.009162693759493737,0.1871191267028672,7.405568355274118e-06,0.004269202615943871,0.3642449344897754,0.0024830247997440344,0.011219561565533397,0.0003097055275184694,0.08309514950177875
1257,1257,0.09393555076080291,0.00121147363144774,0.05602826481975178,0.0542201068034995,0.0031278569773233868,0.0005108175405433052,0.22469142591084007,0.04372512195632228,0.054821399938085776,0.004892268249822601,4.116335570515092,0.0053539566788907205,0.2558592507509301,0.03411879187971084,0.7414288054055457
1258,1258,0.07979415669592331,0.0021089705715149555,0.04091547959534553,0.09050879721330295,0.0025525187964384887,0.01632652164936951,0.05169836234848774,0.145246125895338,0.03719989844656668,0.0015483562701289568,2.0514947549214875,0.012252396414650268,0.13522365714655113,0.013856003141724506,0.5706841067304349
1259,1259,0.012530883437710916,0.004265826120190311,0.0004449464505112439,0.015199116283258174,0.0033219833628391634,0.009975463855381865,0.001303584471018278,0.0361366597903552,0.00042712087000876595,0.0008871686821397152,1.423978708994187,0.0010793198648942257,0.08808487249398882,0.0006830632873208317,0.25015446283579607
1260,1260,0.09107814811096318,0.13763828023303404,0.15626058082210237,0.08501271654365128,0.13800254582013635,0.0007814528708834251,0.00289804408547584,0.032779370594878635,0.10819171391982718,8.04814492047946e-05,2.101543779072305,0.01346951702227549,0.1120704532102684,0.005710063905213942,0.08228608822525675
1261,1261,0.12731527946579335,0.0111006088602603,0.07938641700215444,0.16128199774456184,0.016936870805221934,0.008561597348103987,0.012287857067219349,0.032018482786680305,0.0006616045009896207,0.006900772382709049,3.5414581057426604,0.00028071294478977746,0.2250322279563491,0.002236645277327517,0.7695549830882658
1262,1262,0.12418216375905766,0.04692231230217248,0.3692950938360261,0.16831731534648475,0.040343042779877436,0.0016977247739930008,0.005754852104726329,0.00430101425978299,0.0002308655478611682,0.0017951757510286071,0.1237232773991568,0.0004423903753885301,0.003734732605937835,0.0002910632103960183,0.0318360238184025
1263,1263,0.05860354148251839,0.004609500848780323,0.14560842757327316,0.07672837420788016,0.0026545016795117876,0.009564354352156242,0.002640205787089993,0.005093064877245911,0.007699222061517577,0.00012229314748710547,0.0063913811913732035,0.00016520329268251096,5.0473050701368684e-05,1.3092198121787464e-05,0.01637087519312436
1264,1264,0.016114909971424583,0.04763802208813842,0.002254259747306557,0.018844202930610524,0.04407696325546243,0.0029886168883842706,0.006192050948445977,0.032676443655602565,5.0087757746208814e-05,0.001666292258628055,0.6358922719265397,2.7539452384700025e-05,0.03529409634944639,0.00044109332691030843,0.04190666586429592
1265,1265,0.06053600739298838,0.2641210661604187,0.14957976999782216,0.04630202493314809,0.24655377477495888,0.008529626964709758,0.02105541460812513,0.48894195124616063,0.12753772588741905,0.0010659264252477704,0.15310741989798174,0.000741926546220151,0.003689998260055543,0.000440004015221956,0.08206254894489352
1266,1266,0.08091920723229802,0.06200391477109026,0.0007586003547755563,0.049622622571738724,0.10729678731786217,0.038733494102318876,0.007163125319785284,0.026476421010140375,0.010571915807779816,0.008077288643120132,0.03122116499468658,0.011252733711786575,0.003930080215286872,0.0421909203456591,0.08232699259088642
1267,1267,0.123344425899391,0.25454493295091873,0.09477755459259425,0.1547153899613047,0.15232513705508707,4.585831332073264e-06,0.001092176151233487,0.2989971172175095,0.0037967782785678734,0.00047095179309155624,0.07489849195555959,0.022605605229014662,0.01027879665822577,0.014213769487490854,0.2810923459392933
1268,1268,0.029201692750812774,0.0008332269517697629,0.003952353804868922,0.03745014520392265,0.0012304556138783486,0.010904462783845967,0.028611404555895607,0.0730379178717121,0.08671427544053836,0.002062969486257314,0.03577860362872745,0.000335128624927973,0.0023286724528900084,0.00662231984786912,0.007854084993430958
1269,1269,0.052993804172101665,0.08962629399761167,0.028172187390395387,0.031432477204063974,0.09731710802557368,0.0022587933562057396,0.0060233190680806575,0.04530264710300524,0.002432742791034608,0.0026003494566260504,0.08032026930130327,0.007810864061603765,0.002409960940509349,0.01900087490353863,0.017628727926713883
1270,1270,0.004566490745040637,0.15073264211970264,0.013484630540891074,0.007108770552218983,0.13854948306683199,0.0005015565255947001,0.007337521063426801,0.010387560625130991,0.029496150166770405,0.0003698280722589689,3.573022823902214,0.0016310153928347948,0.20461362524649299,0.0007998077264557384,0.32932047144778404
1271,1271,0.004658801232240382,0.06825946362080663,0.0034133280908522304,0.004062573478314558,0.05874539987042156,0.0005789127275954635,0.003239073491672155,0.13478946776737494,0.0018978118337099374,0.0007379056844081811,0.008589668635558968,0.00040218161049846546,5.1595202166075055e-05,0.0020421153696171023,0.02186692397247369
1272,1272,0.00040836669350321564,0.026494650358992268,0.008826150980043341,0.001073708043231459,0.012570321772681277,0.002907413501119571,0.005779689084710245,0.003032473994706201,0.00030100732320386753,0.0027028731716038095,0.5624429568933221,0.014637191371801613,0.031521557568690156,0.02452656936108082,0.048606772686576656
1273,1273,0.007159271795020521,0.037836334489732434,0.008742244535234358,0.00569221102509331,0.036695377928493,0.0007300558702444835,0.003447060427850777,0.0010897592348799055,0.002323785390703479,0.0010028001092406507,0.03591085190679957,0.0006814505161694612,0.001584651682931229,8.035320068240587e-05,0.0002138493300527339
1274,1274,0.0765017008117019,0.009764286349811439,0.07548131870580299,0.10002118466489883,0.005304322530898912,3.757179301680618e-06,0.0009990724602280375,0.003857482705950627,0.0009656864591637966,0.002058471759325611,0.041600156205084685,0.007850682593245464,0.004117464147567179,0.022038188434991682,0.05883505359786592
1275,1275,0.015163541542315312,0.013175665507618348,0.014704444303088121,0.004177321027150612,0.042139625372397134,0.014002609759956486,0.001566622520704411,0.13918528765809848,0.004554177521548285,0.0008231166600380956,0.6155135599768766,0.0008565405205341938,0.04125570340388231,0.00019180643082222475,0.18430944739791671
1276,1276,0.015926124059663045,0.0036010739987805667,0.00019823266504888072,0.0050340806663915485,0.017237194881409013,0.00871413366962918,0.0021750002643531967,4.752189115268592e-05,0.0020922906479688723,0.001252463646129624,0.004452732258293487,0.0006114962705731003,0.0004769862924595578,0.00020069504144769212,0.008321712775214722
1277,1277,0.0889466112646216,0.03627469769977206,0.15958955297607466,0.1324044019479061,0.014968617349377112,0.0015437076444688262,0.028925139254596055,0.03983691952168041,0.01875572654336615,0.002290785136639485,0.12873404825736803,0.00022640544345836885,0.012018857510430947,0.00015272810551731928,0.16242058360035394
1278,1278,0.0012215421291149942,0.0007990189697454055,0.09801025310310088,0.004138993730764669,7.897861067082607e-05,0.003736548818313871,0.007808661246307076,0.05960443046271368,4.2585614029060086e-07,0.0005912143840565386,1.0537043363498189,0.0009231293481349137,0.06218008870421193,0.00014471795491697453,0.12762526744447375
1279,1279,0.06694796394141486,0.003678499811627217,0.10874812530371639,0.06933896995180203,0.005742694590336515,0.003620055379206899,3.220939760747421e-05,0.036709105526740594,0.009545308227886674,0.002981153268426587,0.3016527912194483,3.384115917810894e-05,0.022735541365868767,0.0015429787526324774,0.16536540952320103
1280,1280,0.07804438048913655,0.02660909738266935,0.016279172800125672,0.07196600519565981,0.017554078768584266,0.004276838765581902,0.009342053405689194,0.008205297740620185,2.1088072092847624e-05,0.002881739280264809,1.7023565728172618,0.0011311520921739261,0.10490732016765308,0.0033136737148308755,0.2928529362257521
1281,1281,0.10186444719953738,0.04190019186438828,0.0024838204200080248,0.06852875784787298,0.0867152277388011,0.022652254811428022,0.014345955859932308,0.13618832863959357,0.012964261385548124,0.0028675967842395934,0.7775498850146045,0.0014556354152730957,0.0567837573307698,0.013684984818864493,0.35014922732642334
1282,1282,0.008790306702042068,0.07445664094833017,0.0004130811885562302,0.01054127690452096,0.06495442063195406,0.023912109013653815,0.012603673746687317,0.0004214620587398651,0.0019136603437108104,3.916879215831303e-05,2.492172370052864,0.0004888597677786685,0.14618210721021926,0.00047876214936805507,0.2909824829215171
1283,1283,3.9988353199085116e-05,0.06333174121674066,0.021159060774180363,0.0003961147453697001,0.05636436641460573,0.03146327581075728,0.006103423922677183,0.015351757774830393,0.06981851774263922,0.0006403421971238969,1.1117223319693519,0.0010538625477288055,0.06199177389683673,0.0005192408799383686,0.07438285811874629
1284,1284,0.031676076512442156,0.020263969707572032,0.016547611691926836,0.04236803304971628,0.012530320934981532,0.00827818154387272,0.060749274757239416,0.015253935011672467,0.002864675037589889,0.0019516524126054566,0.644962897501333,0.003041745733297801,0.039741298689301034,0.014853285982688508,0.10504329504453518
1285,1285,0.02121010129950195,0.03241211691514165,0.20822151407391248,0.02959102467299977,0.028522131191881458,0.004816520796407438,0.004116680504660497,0.019276059039994346,0.017712666395665395,0.013855544914519489,0.4617249882994452,0.02463158451792739,0.02294649527760167,0.08307182838281432,0.0021598603721196563
1286,1286,0.007083307467829318,0.002210192974479245,0.01789111799865954,0.004492870585327528,0.00024744519657037803,0.006665419766795609,0.0011139352371071472,0.0029573280960090926,0.007120133304192135,0.0014294013878141754,0.08417686743113242,0.00059905793356732,0.005608049917829815,0.0004286562723839605,0.023952707517796247
1287,1287,0.0001257612262607828,0.0029185219316259156,0.019273068190965335,1.7763916425960047e-05,0.00275283808882629,0.0005111392002796624,0.002609685193201818,0.017407120345767035,0.002814295358096713,0.0009452629220910532,0.032640496395009586,0.0006542217170900632,0.00216799676285989,7.37541187102106e-05,0.008301429108909391
1288,1288,6.255308273335669e-05,0.04334533826607257,0.003063396004329609,0.0013021773633010768,0.051629562070327165,0.0032778480768866393,0.007345805431023613,0.008051452006695888,4.603265105201107e-05,0.0028012487883642633,0.8193377359043902,0.0010203956106180538,0.046282178762375635,0.011446969913603654,0.0626166573641477
1289,1289,0.026675946928183675,0.009041447200125055,0.12924064179420391,0.061986474632490844,0.00031405385804601495,0.009955150249450963,0.014471765808528115,0.013966260098785401,0.021503350194053705,0.015164593782967766,0.12504742466788343,0.02109704030526998,0.00550309977174961,0.074530550409962,2.9150406880090703e-05
1290,1290,0.011778258072278206,0.0008563084281728271,0.0405600625478286,0.013600595496747645,0.00027519822254592607,0.00044857175607443693,0.002991963894100362,0.004662571523775154,0.0023458789842231475,0.0012546544077012547,0.09061119677565987,0.0006975840794567457,0.006412524441520842,0.00034059991964404947,0.03524463440997917
1291,1291,0.0021338513083982123,0.01492844516735199,0.009678170572887442,0.0027374136070287647,0.011534389196188766,0.056241305421257055,0.004533095446511635,0.04990077939132936,0.0668534868877956,0.001089770658263747,0.17884807072798334,0.0036701770877893653,0.01214670562573721,0.00929404000772896,0.05719979284413355
1292,1292,0.0037745935146528834,0.0014882653700880198,5.977381175307002e-05,0.003558597328443579,0.004098130960091254,3.202532208148629e-05,0.0009259257826207936,0.016612759343446755,0.004373646625978173,6.42666203597874e-06,0.04242655368213025,3.0263041679952656e-05,0.0023803713955910127,2.9512429107833618e-05,0.003383857801317148
1293,1293,0.011249479686924024,0.005280426898373528,0.10510863877436112,0.038933759116002505,0.002292723298086975,0.0021790860325851553,0.023040254993985706,0.005580031908478793,0.061725214732810334,0.00580880003985682,0.05123114765659322,0.04423084112628763,0.002490736637082828,0.08568843018316594,6.893116688077929e-05
1294,1294,0.028870343560582108,0.0008429419621706246,2.033127607069463e-08,0.04377455999771324,0.0011520009438223836,0.0038346222579019153,0.008051515446419308,0.03731157646454789,0.0003640830662859969,0.005386823611853758,1.171603782487169,0.010116882430735259,0.07463359245176313,0.021937183596238037,0.26936466366719786
1295,1295,0.009646183416669155,0.0006325237306515986,0.006284833058793516,0.015695232123831684,0.002241293273339542,0.0018343710035985616,0.0028113070138574637,0.015592220993762696,4.71997211705336e-06,0.011398807346338016,0.5634901093302153,0.0012495148304870374,0.03612146398864289,0.02573468172737065,0.11850214225840541
1296,1296,0.04139527132853244,0.02830040401359873,0.0027084215052304585,0.03440477833910764,0.015067884899444694,0.0027896401656795663,0.05950152942087284,0.010892725425706497,0.014702406765398643,0.0076693466535867625,1.697135769967789,0.006266085738470858,0.10204875393729633,0.03926688440362319,0.23274963863234582
1297,1297,0.22773010654006973,0.22362949131989646,0.054722636088039504,0.23003269035966334,0.19279303247602236,0.00043174728588975253,0.00031699511516779905,0.5543445625109212,0.009477396777249136,0.0020641207870813636,1.5700109206543709,0.00021286005431128742,0.12055082733116308,2.9856397698500942e-05,0.9280730290845698
1298,1298,0.019334133712383787,9.569534422140684e-05,0.020685630549192275,0.01437207506634796,0.00032424730898353337,0.003509819771003373,3.970394773046215e-05,0.07643519025738078,1.3994828426709107e-05,0.0009652159925059234,0.15357611122670162,0.0006354878907249135,0.00894650012961804,9.147636468668409e-05,0.015254078929091855
1299,1299,0.028234332646780592,0.02724073309093461,0.0006612546654269436,0.023342432945742658,0.020080532559982104,0.002854582161349891,0.0065896919769744405,0.10860662444236657,0.0007059286186443326,0.001125561693247419,0.4912762891910275,0.0006760490090510044,0.028260975509642294,0.0003328903687019522,0.04338173439012177
1300,1300,0.0013488643947337146,0.04133504950016233,0.14427598281083923,0.0008406505868587124,0.03188692456355665,0.007647626895996587,0.013045701128682759,0.0008697894884526798,0.0034284026012724573,0.0011324466672674258,3.0947784989163067,0.0034642120495965477,0.17849541821644152,0.004149065802145595,0.30930799449311797
1301,1301,0.0038936295010240482,0.02181456687600957,0.00024543673213787623,0.004662563996131259,0.00769006726877077,0.002804335157350458,0.0069165454645895375,0.00010190927883156972,0.0008290386588120116,0.0009688862007486389,0.589185253581385,0.000853522186532251,0.03474777752776029,0.00041265846911212056,0.07149408946285314
1302,1302,0.24420566695921547,0.17938534551620064,0.04829266654614249,0.2640050443812846,0.12396585483824171,0.06314363152121744,0.0004642013305948471,0.11571952775828169,0.10335586279738812,0.008973771250324126,0.6448521794151046,0.011585177757754563,0.05372936062149022,0.05611098382814379,0.5006348989413422
1303,1303,0.05641614932725126,0.03964810995244532,0.0020472728547192686,0.1082869312689608,0.00813937686495513,0.002923081707317298,0.0064492763285727076,0.07313683545371215,0.0002472181645183121,0.0017997558616296735,1.1808124729524068,0.0009660207896936989,0.07980167190431714,0.0020774032728777298,0.3763432874256919
1304,1304,0.013603712852957058,0.09448911108608025,0.0038043938945780723,0.017513742731942703,0.07468924282594228,0.0019149080564211335,0.005436319577198799,0.01830209521227724,0.0004537136792553922,0.01750579493821572,0.25113612736347213,0.019680105318479052,0.01137035748549141,0.06974279461912075,0.00014523528402770903
1305,1305,0.01162451778122186,0.031435438856264215,0.0008023409427607084,0.01696167090765526,0.016732584229890227,0.00023722482872602063,0.001454790069929912,0.003015008215801459,0.0021404044160299456,0.010694043629167796,0.002532370259115026,0.004552842524158004,0.00039517393224853663,0.0010675415483757031,0.01421972141036421
1306,1306,0.2390328647530119,0.15374747413947268,0.30191939856418126,0.2706140160759368,0.13569728293559036,0.0001542065457560926,0.03914201955482551,0.10639974865282094,0.02482673743381366,0.0026272265699163375,0.018669950456311524,0.0002351635125488716,0.004891880080650609,0.0002898201574043085,0.252025009420542
1307,1307,0.08179961186958622,0.019363101160673923,0.013485777684169942,0.10546827411332439,0.0070298636681480065,0.006464921204762017,0.0024917963825774655,0.00031504587694800284,0.03594819542507083,0.002486275538763918,0.39398062013118773,0.005626831167449171,0.02809538098125855,0.0025483255229683125,0.16360706055738305
1308,1308,0.00432687833511712,0.002368213019468869,0.07631438929002786,0.0005193948678522012,0.0070119163967835,0.0007417428503765938,0.5222996682937147,0.11036254740344913,0.5159317251407916,0.004293076680864211,0.04068346069386933,0.006486156941796129,0.0032804771825272186,0.02924376788476297,0.020420573397448273
1309,1309,0.031147336901725532,0.1199692815381961,0.011865210472134858,0.06652656904497524,0.05523407709301904,0.001709423403837515,0.008407744572475685,0.1961507284333825,0.0007800726638400752,0.003355157890551046,0.19893423057685003,0.002111979163593,0.017290718337809614,1.768811619770595e-06,0.1922132460832014
1310,1310,0.03433536124478225,0.0357837550876825,0.04736032202783889,0.03163822323364762,0.03192114296555942,8.48712455477168e-06,0.0005163166196819602,0.0021347316297941903,0.005365099234871287,0.0017293875958678334,0.2776572570154418,0.0019627118678280267,0.013753103436842527,3.4844305336105806e-05,0.0021550416165345815
1311,1311,0.0454120268279775,0.0004894721625407103,0.011384252325408304,0.049379188829292854,0.001227359947374819,0.10246366109303309,0.07276559916660429,0.13124675571291575,0.1326304620795388,0.003031595456516979,3.2392709190036877,0.0001226922307026479,0.2041255603725399,0.010021954464828524,0.6560412017908948
1312,1312,0.05866039869993732,0.046734573755578115,0.1904419317854508,0.09957302467796356,0.024923248004513118,0.00975079703487802,0.0019562335604892582,0.04166087781223193,0.01105580998180744,0.0017813355150685403,0.002113283804164733,0.0004652207623230835,9.988563284545603e-05,0.0002607437981147124,0.06140819919679181
1313,1313,0.49586713800279575,0.1821336638616237,0.27631091575469274,0.48912977261691587,0.21505671469505275,0.0008614492435769243,0.0029654890565287487,0.17138187077335346,0.0018903374660529512,0.00045315749059116484,0.8898196294630571,0.0042639637721324395,0.07601501492363073,8.764670388956382e-05,0.8240126568949558
1314,1314,0.08309293816449223,0.04657560250890106,0.12248980399710034,0.07387734264965859,0.05606571720502065,0.04086984146708705,0.010906331275659036,0.011930046439111632,0.05528468996381293,0.00025275478951524685,0.055961941190772024,0.010793360824506257,0.0014202425611185715,0.006614257159132489,0.02575240158628727
1315,1315,0.05599826699734772,0.002054547375016792,0.009982215568077078,0.05176129405975047,0.008781896161562802,0.0016207940342390496,0.004290723534244755,0.022665194561721915,0.0003327551683296454,0.0010082263990453452,0.6562585090593761,0.00021610580200189894,0.044202113129521034,2.617646221953553e-05,0.2044672620588401
1316,1316,0.0715234844590082,0.0791750623642386,0.291205841365774,0.08116789005519724,0.06882844053710745,0.0007096081318354509,0.1584209455002846,0.019478921702332008,0.048082924603621915,0.003166397911448327,0.579258651553211,0.004427659708186141,0.02655013979609285,0.015764968498786627,0.00015933779749096282
1317,1317,0.42632171690092674,0.21800935985761175,0.37589677024941864,0.41656964906648586,0.2736736040902843,0.00011204602676198699,0.00021392185057054412,0.0843919700939337,0.006634993952944241,0.01275614650869767,0.006140976632543299,0.003770506527452923,0.0037986470924834094,0.025819770166212893,0.3271901325392438
1318,1318,0.18496322852433583,0.10524437226041009,0.2131730315923343,0.20831673521204347,0.09527505868424294,0.022361556831301227,0.017886725018655382,0.03931579770885385,0.11420252466772987,0.002691825738030182,0.0037118588063041356,0.0003078127344834158,0.0019257405344087456,0.0009317829705461789,0.15345160322619378
1319,1319,0.04948240826263943,0.025097520157535268,0.10850225272572217,0.04619960611018478,0.03361467171285972,0.019112979399409796,0.01028634303064112,0.14721344052972507,0.06280376693099118,0.00014292254368300467,0.1255389556902483,0.005967981415998539,0.011865132244339792,0.0116523750132129,0.15023575839780018
1320,1320,0.00012764414492571281,0.0003229242022583933,0.030002894666089918,0.009298860828669262,0.00829226597887488,0.0019076618361186805,0.0008258533646530689,0.04005044677540698,0.006477595128151636,0.0028294868984192487,0.20094309653707415,0.011945186913858227,0.011978104293060602,0.024078094395935577,0.030351812287086517
1321,1321,0.07158428033317271,3.0262795937337096e-05,0.038319518610109675,0.03746980800269627,0.010246230249212798,0.0007026217163753712,0.0025725286404930095,0.0026099930852133465,0.003937578878818892,0.0007229184916266263,0.07218858411533406,0.0007659785945493977,0.005640308888133694,0.00010219167715696689,0.04802385640655951
1322,1322,0.032115496554838426,0.05788762179217774,0.016237561035432946,0.03902975593407207,0.05238785453402999,0.0006689446908960062,0.008661348307497874,0.0070260575876448395,0.032990567889703795,0.0014043062127469701,0.05854303882109438,5.070765813496091e-06,0.002061779533635868,0.0021638582776853216,0.007913355026717177
1323,1323,0.2948156496990328,0.23824295775260196,0.5444307822259847,0.2828886155092056,0.237608507241312,0.006496153768896636,0.2393030559270912,0.007495043321762398,0.11885677437456063,0.0016294004604623085,1.1307391276546088,0.0004957160694586169,0.0489721640673281,0.0003247903237204788,0.00747278910337392
1324,1324,0.15377029231152997,0.07580958284160773,0.12674492434817103,0.1975485461603457,0.04310424991184259,0.0002720615152902784,0.006917949349834949,0.030011347463674926,0.011206921653844426,0.0005030979900796211,0.17099667494309292,0.006649016544886637,0.015993190181701505,0.006834816429368449,0.22252033587563314
1325,1325,0.0029719936625055604,0.013560383286640323,0.0029956951690589405,0.001961713311098653,0.00438850321592032,0.000742873000203407,0.0019235742599467036,0.0007800712314254039,0.002553036518941919,0.0016384068311348248,0.012688140628198905,4.12645505249359e-06,0.0005983483352742293,0.001734790687194383,4.359130568113007e-05
1326,1326,8.621488798676825e-05,0.07656248398018096,0.02758352290597569,0.00204345094122428,0.053168792025612546,0.00818856914630237,0.015122879356640083,0.009748714421003224,5.377418525964301e-05,0.015911942979028232,2.1648811912780004,0.02857287068261509,0.12268829107644727,0.06997938613440872,0.20186281050209118
1327,1327,0.06213160195574759,0.02886371303853532,0.07856396517330767,0.0830468645184393,0.035136769078669104,0.00010864780945316634,0.00015302485977440006,0.0027577416095913992,0.005303270777895851,0.01181231050402983,0.07811563178286675,0.005470708953979345,0.0030042222394786257,0.03393357988248807,0.00706884982865365
1328,1328,0.020602147186468227,0.03321538031874945,0.0032732154006885603,0.017456388159843995,0.02795435899277279,0.002554711276884673,0.004826909961092391,0.018408017450582705,1.060174771108167e-05,0.005807507624431743,0.7926580390258677,0.0003384414595735072,0.04630395039329609,0.004905589641059717,0.09566286348221072
1329,1329,0.01675351416531835,0.20906386617856515,0.10848092022994026,0.009775294625720575,0.1818857008308238,0.008000128829869283,0.013987437207038067,0.14508375598169615,1.6739872548193882e-06,0.0009010039988921695,1.418771974064058,0.0009574941541566499,0.07110766207987025,0.0006185587086481193,0.01965878836812396
1330,1330,0.00903396030435372,0.0014069907878385712,0.0013135429088801031,0.01152678059059966,0.0008276649367219602,0.001324112347548451,0.004331054847026646,0.03134842475786607,0.0011674903227208663,0.010476826471038276,0.35179007843116045,0.0026852809812096816,0.023540909821230294,0.02845864347346797,0.0941523166961935
1331,1331,0.004348681468650601,0.15320157649999996,0.004076380020791564,0.005596813330532651,0.1423734375091972,0.0002362741881108208,0.008000322233626244,0.2081802807272158,0.00013689700152448123,3.760972755788839e-05,0.19041034464474108,0.001126631401541332,0.007492106488076417,0.0002541394392097051,0.006664989354634274
1332,1332,0.002192689231444299,0.03365858248339841,0.14816659818687816,0.0010175246688298588,0.007668823773400483,0.00048721833805592086,0.016201645377442203,0.0004790538961878495,0.011610416795296025,0.0009882852429882005,2.0094259397458685,0.0011117289559257606,0.11523951760720424,0.0008636066452809815,0.18903403805027896
1333,1333,0.0031879441026720183,0.037051902400960485,0.15837114156359894,0.00491923229445194,0.029024884320273198,0.003234770280183512,0.009991846873439951,0.02017826930444735,4.354448751415416e-05,0.0011363808053255642,0.9787767603632428,0.0009803981728244097,0.05219083055356385,0.0004662439956411665,0.04093576380361244
1334,1334,0.021732381628426497,0.007317565833094387,0.022423657730712768,0.0134262449500188,0.013051920940042316,0.03121569094136307,0.09389293553129742,0.003952437744523059,0.2134752786695101,0.00010210595202753904,0.0015754371843971168,0.0007929805843209649,2.284989705539001e-07,0.0010104248496814621,0.010356998887893152
1335,1335,1.1680423087207218e-05,0.0368927523638306,0.00031616980517528857,0.0036028427307254504,0.06475214212237021,0.0035399557147723863,4.937539402709727e-05,0.09191924190349096,0.017245722809764767,0.0021227722045905205,0.13164296462431296,0.00034548524333902713,0.006311341074305259,0.00016721199191753743,0.0004932914633292498
1336,1336,0.06696007207436173,0.00909997484646959,0.107870395238504,0.0730318166382712,0.008636801763757748,0.022914973656009203,0.039405415384612154,0.01199811584268792,0.1278262976789843,0.0009545577586555534,0.07798151615468202,0.0008365684712419455,0.007259295142239159,0.0005877262305508507,0.091151308420657
1337,1337,0.08797414250277537,0.06950575311619493,0.23839249420632103,0.0956985219029654,0.0622224207122684,0.0006846180271958405,0.004371986678487882,0.09081188349386607,0.0005040758229659657,0.0017776859080459184,0.017661858885581756,0.0004920191494749336,3.96604701597849e-05,0.00021709469419328305,0.0741741118862226
1338,1338,0.36304417425651797,0.16314231337921456,0.3229518041038225,0.45020221392895615,0.12594569605173686,3.603617286941561e-06,0.0004497729957689167,0.06319919745597344,0.0008619932445831894,0.006623469066244866,0.2560317938936643,0.002859599740401721,0.026361755664243876,0.012074580857134101,0.457342224743144
1339,1339,0.012271430541475243,0.07314264646782345,0.015694399559748894,0.0006547863358578374,0.1466107802628565,0.027203454498938507,0.015316827564446427,0.14205241675585562,0.0035124288654649993,0.0010220732732458037,0.25460310225922395,3.745091117429217e-05,0.011079309394818779,0.00012142087691715415,0.0008572230634247106
1340,1340,0.004289209871442345,1.649031273783893e-05,0.06428283822989934,0.002611172625842844,0.0020660588608195354,0.041572140785346726,0.006928930546962945,0.009302489232015527,0.007400957966435823,0.0028867547733631054,0.025071485660372025,0.0021982153212180932,0.0010311970271969931,0.010153444207897606,0.0005430661502236482
1341,1341,8.096065097857159e-06,1.0673001452699387e-06,0.07340301866392086,0.0035247911778104515,0.007049269458610784,0.003357319878259835,0.007948193816416945,0.14180301806401746,1.161649504839029e-07,0.0009882257629819328,1.135102827705191,0.0008392120658347771,0.06954419704949141,0.00045099234758949234,0.1842422750242993
1342,1342,0.036446895269868836,0.02799213702963693,0.14277478347223907,0.03998598585734618,0.028150855499541192,0.002376489187226946,0.005225603964422601,0.008067062235151126,0.0005816170964834472,0.01998480653273869,0.6815855549068502,0.00788735680413568,0.03502477456325943,0.04800103357359383,0.020302655679026532
1343,1343,0.255641447241617,0.004716765131962459,0.03981093713807845,0.24505330339536102,0.001276190300926217,0.02097797706377449,0.04355527718228432,0.026278574272221248,0.2906347771324076,0.0007177451762874289,2.421082188956405,0.0015863371976560423,0.15598860405455742,0.0023201778146471628,0.5618522460427656
1344,1344,0.05784948225406487,0.03036368444043286,0.2087327280110535,0.05766215969596604,0.025260361157666993,0.00020816487871239727,0.0026413595572624448,0.11963669073972213,0.0016219184967124103,0.001330464974678371,0.01642333275851254,0.0005058383240110953,0.0029030577487854123,1.4109994611844438e-05,0.10292795941691613
1345,1345,0.11287744453697071,0.04465988927524765,0.18555030999415356,0.1333804131728173,0.0367581836997196,0.0003807732560957515,0.0027210993538517225,0.009974394841917287,0.0005332351552390704,0.0010942862624177306,0.0002628909879364162,2.6500761439717993e-07,0.0003314572245944786,0.0005744405671322418,0.07308409943258715
1346,1346,0.07481824456632818,0.1852124696133626,0.46993104406555336,0.12894795003084977,0.12728843603829096,0.018875787538564524,0.004547224323280797,0.013668284018329532,0.0028884245447931083,0.0008538716098396407,2.0454168735155625,0.0010311082348703653,0.10252964056377843,0.0004348623606811912,0.027862068085439912
1347,1347,0.1208681954343599,0.07620480439736654,0.427675133602776,0.12597081882941316,0.06790007572049074,0.005788705433151096,0.011120055560710796,0.0150846138401457,0.0015337241680409648,0.00337071575115077,1.476836685317677,0.005847049785605508,0.07468311569404515,0.014197064884494301,0.026645983717926317
1348,1348,0.03641361544171099,0.00031784887118079994,0.02993295204693349,0.05133684439541339,1.525379705467396e-05,0.0003406548285144119,0.0019455548468256822,0.0010843731576747615,0.0005480320039978661,0.01148749815165794,0.17037704612247126,0.0026946526750238607,0.011624068608946596,0.02108089934738669,0.06432117785389957
1349,1349,0.010282610611243175,0.004459795616763415,0.05145339763422514,0.01567822984790311,0.0015037452015413488,0.005728929287226899,0.009140318644754248,0.04626138641208704,0.02468702101876351,0.003009150919228487,0.06644963652132244,0.001068062434137242,0.005352955815715454,0.006879441038164732,0.05146839614312332
1350,1350,4.673277103697703e-05,0.01197527164339135,0.0013672942791301793,0.0006798932413174185,0.008207393137748303,0.00024393829256298826,0.001993288339976501,0.023367560479103513,0.0014155767998239202,0.0043640266348977125,0.00847956242104938,0.0003616652537441191,0.0002489893081498028,0.007019393238650525,0.0014444613018816345
1351,1351,0.012832114662361723,0.0012048265003166921,0.05521929156257172,0.02078703201484632,0.00012068880689949937,0.018001939302162265,0.032407919894081386,0.007474858091895752,0.09757020072179144,0.0013676061943041745,0.025596598255731202,0.000520936346645243,0.0022164819853780653,0.00019622586250265007,0.0266816860122509
1352,1352,0.11714689164414407,0.21626546792051654,0.051707066523665086,0.09061143544860115,0.2163901256264905,0.007366230041150422,0.005627752130747688,0.22524055489978634,0.004958412586943516,0.004811302051757263,4.184981810003943e-08,0.005791047265360018,0.0010547931603297077,0.02212948707870559,0.15224555525927758
1353,1353,0.04676969980529543,0.019021671830825697,0.10858028412535319,0.08625812297831321,0.004656786963126102,0.011956606946225657,0.011603590629105843,0.0012181933920838784,0.05818683699331752,0.006105758920647753,0.003677967735774864,0.008611801341374849,0.0007854559298953298,0.02840229387963433,0.04160910585655837
1354,1354,4.110420530022193e-06,0.002139058567934447,0.052900974542048805,0.002795683331293856,0.00036278222418714663,0.0811087464637823,0.010626094758435527,0.012637698400074107,0.07834444795519449,0.0022561352951572626,0.4205546884466905,0.0014004927325506704,0.02496733581591339,0.010436518815819043,0.046337557412431764
1355,1355,0.01607560904068258,0.005654900379520072,0.04561068701983186,0.020070471683380192,0.006330575645100692,0.009897840620487609,0.0003292699991322385,0.0008129751747185327,0.029069700842205056,1.5786041284539298e-09,0.05907949603786749,5.157135018350172e-06,0.002685602914936819,5.0266096154705884e-05,8.905087178569552e-05
1356,1356,0.3921979070955233,0.36452791934613377,0.7976281225914768,0.38773505728681024,0.3612552527175141,0.0065961184864812405,0.012704878017948219,0.1647870777604957,0.0003439520356716706,0.0009229507500719714,0.6348167207791339,0.0006834713917830271,0.020669360187003036,4.936675487889439e-05,0.11159935075184962
1357,1357,0.07038441454981788,0.1696828449166665,0.06900344397181993,0.06359433979084159,0.16126019904987215,0.004998898703694924,0.009009609774946966,0.007144621799424352,4.608519584538214e-05,0.0016842448554821477,0.8618699922212304,0.0010232382599925068,0.042098502588705185,0.007966886231314627,0.00413078458721729
1358,1358,0.0011637607399366027,0.0003352101989373702,0.051557964284744066,0.0024441844168674115,0.010026421992177195,0.0001003775349056055,0.015750029052731603,0.027941571262194865,0.044715357888311213,0.02491876895246542,0.29113580522571525,0.0008029529628612528,0.018203903856407914,0.040498231416335156,0.04659219025539594
1359,1359,0.004543528569753344,0.025000818123131076,0.07986075969303419,0.00848231233769452,0.021841791266630533,0.04735638932282155,0.011307855072609153,0.029084120026898367,0.0003232518627458897,0.0016224482582914224,0.25848400343152206,4.294103038822182e-05,0.01251950534148454,0.0032134719494801003,0.0014751556568963486
1360,1360,0.1283125784355544,0.06370083357074831,0.006853035757990331,0.11201937249544025,0.10733417900907505,0.0006773821264684539,0.003270562489435479,0.13633946208216766,1.5292181522338338e-05,0.03685183238370205,0.7953002063396813,0.013092087958036808,0.05781443913055755,0.08034244500507326,0.40211527132448893
1361,1361,0.051573281082119546,0.05384849135164595,0.025216935692597704,0.02909386202219524,0.10091563481141617,0.0762417182763883,0.024712068104714612,0.15014163501579514,0.012233682944914798,0.0019527431316089417,0.0426849304955616,0.0005500702778833441,0.005243482478990809,0.0008241142793138609,0.11103786760388226
1362,1362,0.08011296297169436,0.1985104091956684,0.11293526647822194,0.08029984428737054,0.17177719994149582,0.00013911091798227628,0.01707730787579846,0.016058863307262642,0.15885492357877531,0.0009575623220289135,2.2728591103079414,0.0011599342280901764,0.12137157703151973,0.001121643702560817,0.08605857108473265
1363,1363,0.15345691578594184,0.4446649116463192,0.7689248330895763,0.19696591043556783,0.38399991903624686,0.0004966070733687592,0.047319672970035434,0.2347957763649961,0.006088987775716223,0.0012096376227320202,2.668353913086018,0.0009233582588678126,0.12434469819214296,0.001016073509877491,0.0008180241964229167
1364,1364,0.00477949869800036,0.0059872164805194455,2.604472194492455e-07,0.003491482454016529,0.0032371790306915693,0.08790414049544036,0.002717716425187054,0.0012274128917219257,0.0325059606740607,0.001573410899651858,0.22882523156419554,0.00036348928853213345,0.01338524494338667,0.0001257026960688513,0.030087053873732773
1365,1365,0.08539035321235887,0.07120058084875942,2.6047702249054605e-05,0.09419525978722933,0.038116555257074365,0.07802685760666879,0.003967885336604522,0.019349867506834515,0.08521720973291076,0.008853582316737675,0.3792677034575993,6.851627551247754e-07,0.027597119273499688,0.006670729558394676,0.19471590803647343
1366,1366,0.022033409404444156,0.0022823929370835486,0.015766556824436843,0.01541918009263237,0.003166264484372315,0.00010679289083361882,0.0013688453870552165,0.0012690656872050676,0.0014725811969354334,0.00046699755838607363,0.03292379934413345,2.1085363670259426e-05,0.002696138007086083,0.0005587169245362809,0.02541265219904416
1367,1367,0.13247509170702393,0.001762642000218309,0.0033215339268322193,0.16442191837300815,0.003190376202857949,0.007391941352577383,0.013215765690958671,0.0023186019347670858,0.000554524213805149,0.000950497904475601,3.270084202373765,0.0008152639295559298,0.20585152873056933,9.860527695606577e-05,0.6685469475850856
1368,1368,0.2589587823696355,1.8280048540686503e-05,0.064261699128474,0.2998279574394944,0.0002251447245873577,0.0022040040942159266,0.005606947071208622,0.05726866379285926,3.243970818776429e-08,0.0035836512934749815,1.3504855905529793,0.003685457149185842,0.09012666784828875,0.026103169088406427,0.39024260382938347
1369,1369,0.051726286026622784,0.004255107567085982,0.033584472420441554,0.055583396107802975,0.012361062287614627,0.0005065999208654226,0.0023742336536276792,0.0008811160048556117,0.0029936625013724286,0.0010465721805001538,0.09317912241829883,0.0006807616834374637,0.007480104656462252,0.00030897265536246153,0.06744779370199444
1370,1370,0.04972710973393438,0.009611866784047437,0.0875932493511943,0.08660297083239638,0.001001841155007552,0.008439123867975693,0.0053881236789194474,0.019341100948286772,0.042151190060148724,0.00198059966840234,0.2579933333375887,7.65469207475382e-06,0.01972937788973642,0.005002598335410046,0.14118174426468946
1371,1371,0.0019168434205479317,0.021789633257757093,0.009827436816917855,0.005541946437075128,0.025400260051940102,0.08476750407351077,0.02698011054790299,0.0269971825611821,0.03091173711892304,2.0743820919234636e-05,0.10079226991082267,4.382205002761884e-05,0.005594900230899766,5.4366835398040745e-06,0.005556613858716274
1372,1372,0.0068631682109700585,0.03376110238856689,0.004340088725181971,0.012915068914332457,0.03907349404236923,0.0029277982527043693,0.10698290621029916,0.044736327624648325,0.06296304356936466,0.014672191931669857,0.7876380115341621,0.004923388098384691,0.04376850537765972,0.03079842899081787,0.06515107133985851
1373,1373,0.13571347895702798,0.2075528075392123,0.20048552893096638,0.13018608962400408,0.19711886101018541,0.002686405880872143,0.006818185758953629,0.18089848107647052,0.0006914605476259743,0.011005329172901207,0.0995618054475869,0.005923594467578898,0.0019237503763798606,0.0331730091726887,0.0940545144679575
1374,1374,0.02593566305421412,0.008339146865609175,0.04750265576886227,0.011129055216316488,0.032164786716135256,0.01614525936326361,0.024344679220348178,0.08483995941678894,0.011030249000182192,0.00419387732669433,1.1451027728491552,0.00029581818796223946,0.07410573662342985,0.011361970539230656,0.263591628390376
1375,1375,0.030525447051298744,0.010368884023797133,0.0108297410019157,0.029036615772240936,0.014996273651726769,0.05227111789106455,0.049289846939062895,0.003041697696107705,0.00042820254554032085,0.009415089365258448,0.0038300152786395914,0.00016720690048125007,3.1699935234243736e-05,0.012380263826310035,0.006603379077508857
1376,1376,0.22854231806593706,0.00017775267784770433,0.013168578776069185,0.2642017905218199,6.762707686793062e-05,0.0070178014752267205,0.012270992922029163,0.009108770885547224,4.643410081425311e-05,0.0001332616066698172,2.8891508203259395,0.002578218007066383,0.1848172814179918,0.00011710613674245589,0.6604526726294185
1377,1377,0.10119740085681111,0.14867410109452758,0.3736701455974036,0.13246843508118006,0.12777394964933225,0.043159693112915794,0.0744988296683545,0.03959723975536771,0.08713089314290574,0.002349616462896045,0.8448429276352475,0.0004016271595298365,0.03773336263332775,0.001060392877326599,0.0009785561358675078
1378,1378,0.0009121169390690372,0.003185096094592352,0.028137726751142404,0.0002729558560209679,0.016721324432487406,0.0005553673713715961,0.003957461727768211,0.0170430387706953,2.7178166691580508e-05,0.00613918772344423,0.07284396667104012,0.00537207349269541,0.004856087321227706,0.024171082277389552,0.017540153776511073
1379,1379,0.1083855896842471,0.014770328559042168,0.08228221559248491,0.09310996345365015,0.027682025035557504,0.010596015196828895,0.015857147417335522,7.917824443334838e-05,0.04762704494399447,0.00040961299361823295,0.030326195054156627,0.0016698272133394809,0.0036081128622060675,0.006209263377989574,0.07461809719172631
1380,1380,0.010871049827135004,9.788003092265462e-05,0.07712366392046352,0.007443675362874003,0.001366467517079815,0.005048726699766255,0.008882724586804802,0.07429321297730589,0.0013986360673792933,0.0015259242835291536,2.231718039193668,0.00020436679345913386,0.13638767967625956,0.00044465519664910056,0.36721272369629554
1381,1381,0.0029064676200796697,0.008066557361928716,2.2145204649584714e-06,0.005128753500392069,0.00490743322760952,0.0010663791664598115,0.0004864125893678568,0.006889210908430763,0.0022744582814602427,0.002088039968930354,0.014232105490229316,0.00040003452886657994,0.0011591522672573526,0.000565073761309469,0.011805694152800545
1382,1382,0.15505025427889868,0.18293189420917053,0.24662525463500198,0.14058761885445134,0.1732547315458613,0.005847613016358081,0.01775528638718045,0.0096884037352295,0.034021650351245665,0.0017953543504821247,1.7503347701862042,6.632558612029223e-06,0.08844758616301401,0.0004963220647822845,0.025575542665647003
1383,1383,0.045417989829312035,0.09281192908896052,0.2856940759429901,0.06661758357354004,0.05180718467488319,0.00020961142392933576,0.04329510346849545,0.10907023802671391,0.005878909308248115,0.0014734602985123483,0.24085653406180849,0.0005659282495420728,0.008921984455108356,0.00027657577388523935,0.016910068699279503
1384,1384,0.007783739612718682,0.0018403632686939304,0.02398813923193835,0.003498524908988337,0.011024522810531073,0.0499916703038676,0.0007819904292388317,0.19139322081065502,0.12758832739628964,0.00011715414705291312,1.543948976882284,0.006121742792747304,0.0990759908598545,0.015028172062815696,0.328284636215542
1385,1385,0.0017750047928138184,0.14920683461203943,0.02393063837724909,0.0022034362106506614,0.14297184450682118,0.00759192796297957,0.012974071061094107,0.07118471825782248,0.000940825532841236,0.0013683547101952782,2.249900008404589,0.0005568359448709098,0.123877741930259,0.0005530672632606417,0.14429561436626606
1386,1386,0.01253691885262907,0.026898388714849415,0.11716956321071656,0.012904430437554279,0.021551017983450823,0.004969675608689727,0.010189381530817816,0.053663058053451895,0.0011334235674950724,0.01993103975821014,1.823842388962951,0.011566861550578376,0.10538968396448593,0.07578099634268602,0.16311946063223198
1387,1387,0.23481919572250937,0.02890242060739174,0.17029169227206498,0.3093049704797481,0.01321789602857143,0.020327974395977798,0.04723787575571849,0.000617003908501902,0.018720867969131593,0.017415623744432045,0.66999182959398,0.017856484203413896,0.04968857526956394,0.053046516818041206,0.37198310778754573
1388,1388,0.001403689872453441,0.000361928020513667,0.00018623706148523822,0.0005368495412610495,1.432761836356802e-06,0.002977489391092386,0.026406902430468785,0.0007468874379072663,0.008160347457830903,0.0006342874186500819,0.018520064346900865,0.0006326239630959002,0.0011137977331302556,8.491083523686354e-07,0.0026131244637695628
1389,1389,0.0651489028885811,0.06048894376512384,0.13648502939557222,0.09432101402484024,0.030555770128974095,0.00056649908158416,0.01068707149031554,0.027050378282677565,0.00024898032082956066,0.0008969979835377588,0.6056025274854235,0.0008207645859338927,0.030632470952720415,0.0001020862161862059,0.008752000072655643
1390,1390,0.04101263293463364,0.04585161212457625,0.1596511378387517,0.07721769297756022,0.015896987853412623,0.00039223923924503016,0.005442935472652485,0.024572021884846213,0.0030749736915529698,0.025764647472687478,0.6926875516142127,0.023637043383955333,0.03521561563872802,0.09258226659853623,0.01855973555349299
1391,1391,0.027470131791968014,0.03638438536452128,0.21586870830125962,0.04659314858698976,0.021167115930249135,0.001657148676709373,0.005358582788448543,0.03811504884357571,0.00033412174493003757,0.0009419915847939769,0.17774559378425567,0.0006876297098475575,0.007109611908750578,5.278609833051699e-05,0.005149734516435232
1392,1392,0.034650139991357146,0.1235720931101351,0.0007944199575515566,0.01563996060410635,0.20308535383689208,0.005809802785793564,0.05170803670981607,0.09121897002723364,0.053954213073597226,0.0010451100865730483,0.08364044778578196,0.0018432391193042112,0.0026756620950545346,0.005902846858442826,0.017512633536436256
1393,1393,0.004936764043687553,0.010506261411210705,0.003787634445366943,0.007702483142807199,0.005260937455142232,0.00010926879779665556,0.0018553572965140947,0.0007889779034230773,0.004681153971433727,0.0008488267920434545,0.025767520408786028,0.0006442790488292803,0.0018976377778404025,4.356013507542272e-06,0.01307007701715425
1394,1394,0.010244354838007888,0.0011870045542410885,0.015094611982695494,0.008097565191920494,0.0001985249020123447,0.0002678845590741712,0.0011676657381583517,0.001147690306001227,0.001692453313043491,0.030110021852611697,0.01510442252346858,0.007842742308377955,0.0009910865904661967,0.0667253353945816,0.007924224239420078
1395,1395,0.04686020633481482,0.003092998237536159,2.0743018995718137e-06,0.04577759502990766,0.0038578902655546396,0.001826450886074407,0.22389892234060102,0.0008887834420858269,0.3432259524844944,0.0001074926650269814,0.35104623501911886,0.005627725026798242,0.023350257384828134,0.001020213959499792,0.10060667055699475
1396,1396,0.004975850688111956,0.0051897358562424745,0.1365051673826356,0.011042455962332788,8.761412536367072e-05,0.0042392133057045905,0.009048856074455365,0.060440914424772306,2.935825011993202e-06,0.0006251169544373086,1.1555324079341813,0.0009565766802894549,0.06699277035730032,0.00014604997374316416,0.1196753128316199
1397,1397,0.10085997550690262,0.05153244338937966,0.03710444660883298,0.10933424007089669,0.039640469850581034,5.5198492266719896e-05,0.00020246216545016194,0.16476792053799613,0.009152081296586553,0.0012397926180221102,0.9227516294441036,0.00023890166457577171,0.06708948321459927,8.764983423987888e-05,0.4227282072865654
1398,1398,0.012073400881265114,0.0008759412702822187,0.10313698154291226,0.02506559270601568,0.012642113941855685,0.0005882357448490605,0.0032201495930995433,0.050402905661238055,0.0010907573999483326,0.011061545592550803,0.07801762782309099,0.0029598210309711584,0.004481375350272643,0.02513982053115123,0.005119578574614146
1399,1399,0.004028104166086501,0.026294864285026334,0.0068535325204911336,0.002320676266485511,0.025520287564154864,0.06317819016147841,0.004507489052558333,0.26916118815553314,0.007521983062173886,1.850508833259332e-05,0.7256725081782492,0.008217190773038306,0.04912517084974647,0.010372853242595476,0.22450259237236847
1400,1400,0.26469488041301925,0.042815177054889596,0.10453197386505281,0.2597279198421057,0.06403933050885414,0.0008856324163234392,0.004051526305908897,0.010393509652754719,0.0017792174378212697,0.0009371798361746251,0.6012441949255776,0.001040079605401726,0.04675783293301304,0.0006983473648502852,0.38243446165548095
1401,1401,0.07279296031941272,0.025811311264388136,0.10556310990130421,0.11699485832923065,0.009191453416295632,0.018316886912504236,0.00030909271857273264,0.019375323720826006,0.018694109141514478,0.0014114637878154684,0.16031015011811478,0.0004297489523895502,0.013467468107369934,8.321481365182337e-06,0.14200120711674913
1402,1402,0.10250092923450922,0.00358770749783074,0.039527731672079375,0.15704249231126047,5.101090605022986e-05,0.1556233312776179,0.0025540988674614944,0.02387524751910898,0.03872321158467084,0.012888114973819588,1.7713444126523252,0.008604955815455641,0.11741406143858046,0.05873520745117101,0.48265461243758634
1403,1403,0.006140303632000319,0.01384920965572397,0.03403101774372305,0.018353343086413586,0.032358285619420016,0.0007545340159601034,4.592306491458185e-06,0.0008293460151617535,0.002517177926656628,0.009446260088800342,0.3811246871167227,2.8016036806887947e-06,0.02348931432577838,0.013451787776228847,0.05917962727825839
1404,1404,0.06584736181650772,0.039340670945825475,0.18277739678183152,0.10289645716349029,0.018686357451100827,0.0011147873770899896,0.00017562644393129005,0.03826693888856922,0.00016369869402601436,0.0012738563107619017,0.005156459474419303,0.0005709109650468934,0.0015038683075070554,7.797127165576035e-06,0.08190399934751665
1405,1405,0.09047583427618076,0.004987092923863772,0.0072069652183095545,0.09969042964082606,0.003165761428566354,0.002305223236562805,0.005527717018494481,0.05048180000782254,0.00014315833190632266,0.0005363195609366748,0.8283287261699054,0.00028929037273396884,0.051615791575680414,0.00013478953309475363,0.1629402680802097
1406,1406,0.1448669839539153,0.2000674554020001,0.027673867561265168,0.10708987994558548,0.1996598544931611,0.001618754200290375,0.0002402355320613057,0.006998942175373188,0.048522809029430264,0.0007932842799672107,0.7118267340510368,0.0008787463999195712,0.03410204707681377,0.00025103277089359385,0.0009066471939737452
1407,1407,0.041106997501885595,0.01770257246000804,0.16331003196363827,0.06939499911357049,0.0026420006717871015,0.010324206930566491,0.00015286181438307493,0.0015355882883425248,0.019855145726516834,0.0011117051223827506,0.018084854030526634,0.0005545546290906909,0.0003414510158884748,6.547486182157669e-05,0.017420813606946802
1408,1408,0.05112906358317367,0.10407848384599175,0.04855640102971585,0.05907664769567427,0.08965960377761605,0.00022120998238146637,0.001605604328362661,0.06338046423206306,0.00018867801817055256,2.0770695695849988e-05,0.0392677521985133,0.0058318537334695175,0.0006964807740341017,0.006475002814737329,0.03703355519543879
1409,1409,0.0017226320894839172,0.01592037661357415,0.020422954515827346,0.004279952051376384,0.004399062908391118,0.0013206930552528257,0.004672434516804782,0.001456798060379715,0.00035585218003414404,0.0010079980828990476,0.2935559482140497,0.0007332104252829651,0.016241156275066514,0.00020373747182188845,0.018666277723958208
1410,1410,0.12489118245502079,0.016715912855154905,3.480726768095967e-05,0.15586056288069092,0.002864980196837222,0.027038828459457837,0.06675055050045932,0.012005507160775048,0.04212172373473375,0.006073420514173938,0.9650438949969343,0.0025048208610750785,0.06300319030218333,0.008522248899842913,0.26566057854996633
1411,1411,0.03410321404059685,0.004629528778468991,0.03704781265694204,0.014440584255050536,0.0010900063345665857,0.0016106497457711478,0.0054715816614446374,0.045190973682671935,0.0005080010846571096,0.0005931600465419671,0.4352290645217626,0.0010186695414187259,0.025410830499700013,8.46435864458028e-05,0.052455943585382296
1412,1412,0.018621621732984334,0.005732792428380917,0.03865328961509246,0.03715246944434081,0.00023918243118503833,0.00018460449240064773,0.002243974339476832,0.011711880368425862,0.0007471661885796402,0.00011621946731275897,0.015607155976209128,0.00021171080072825786,0.0005570666472415959,0.0008351974128371864,0.0014762819841452912
1413,1413,8.07412155556801e-05,0.0019023612342857488,0.003339130950965033,2.3430888915117514e-07,0.0012848016180807484,0.01037852959807192,0.0014474464230013727,0.006971497219873742,0.007077785621254514,0.005162297922875296,0.022759708305270143,0.004769404385861889,0.0014441791169982352,0.018952482677370572,0.006066951717051635
1414,1414,0.0051072573720706985,0.01548526057600461,0.00900815329119203,0.006667490311685425,0.01223377248188658,0.0031431246782158335,0.014093234791644586,0.005507459651906062,2.456448844965008e-06,0.0010795802671872568,0.20248799438300827,0.0007946505197288527,0.012012256003799756,0.0003109037636026327,0.02482158403574086
1415,1415,0.0005754117495464862,0.004324931215943169,0.004407125827007355,0.0005595763261696789,0.002817376342801728,0.0020646379588670784,0.0060978195965605345,0.03167179423961245,0.00216135101687091,0.0026329246542848668,0.3430135998924706,0.016624357487113176,0.021022740262770283,0.028422069061045947,0.06226064039232197
1416,1416,3.744852586403236e-05,0.0024558128139007024,0.07219763189810766,0.001511676911193027,0.0005796946432876658,3.7003579892515294e-07,0.0031127939759551903,0.007210099538700566,2.1801556503282523e-05,0.0012804601420425032,0.12538423884454866,0.013405971446366956,0.00662584512847435,0.007390130669502123,0.004481737336699739
1417,1417,0.008987636340712719,0.018956497107719295,0.1418232558628499,0.01677184016718947,0.00721738693531643,0.0006700212910254609,0.14695868932974157,0.002123189564067679,0.07296168748624718,4.626894828811903e-05,0.7369517517756381,0.0007693129226970897,0.03994632814792347,0.0016899093442705995,0.03762265143634888
1418,1418,0.04590321114235493,0.05469982704850202,0.01595328119933114,0.02825886071242283,0.10544194633023082,0.06583414393684985,0.020591434920360006,0.03485048822103305,0.0028767943221958605,0.00010361586545492306,0.04026448975524205,5.448953201829083e-06,0.000994818337774015,0.00021223801908214936,0.019163769561049777
1419,1419,0.008048318782266662,0.020317392356660424,0.11907234682462478,0.022691347825838596,0.007225631807698082,0.0013795228899983818,0.01278597836543278,0.008249177325327694,0.00012139589847035626,0.0026357419094244637,0.7360603866529098,0.0012082324081791602,0.04051096757381466,0.009972808670719204,0.041751889639777585
1420,1420,0.00725551187053953,0.0872849046594818,0.03200706290308145,0.0029800556036071054,0.10215255917120976,0.004130188034706901,0.007616738961323968,0.03626862467634757,1.678903650317143e-05,0.00024084337461701614,0.8548756809441298,0.007221250446408524,0.04430955673002865,0.006478335401569649,0.024918660682732813
1421,1421,0.0009773802286421273,0.0009216666563590146,0.029302596034456233,0.0005998877397001698,0.01576155349691063,0.0015711463704535865,0.006223421776134999,0.12944775996313057,0.00016346699363595468,0.001137105117875905,0.6559103693248067,0.0008543480786672874,0.04161788228025678,0.0003460038394822643,0.1360730615932157
1422,1422,0.07185269686345906,0.002972555742131637,0.06774175476119765,0.12439841789416471,0.0007741394105046982,0.0006264731983850722,3.166767475482562e-05,0.000948253390568546,0.0035327019014579613,0.002743020127913243,0.6159379389855079,0.007305214591741237,0.042603612801244015,0.02763151905328245,0.2078915960087908
1423,1423,0.07403494848882852,0.06867926495155516,0.23330397118785592,0.10674360892097896,0.04549952295492264,0.001111402291211243,0.0008594737196158472,0.016826653418010273,0.012162202135360973,0.0008258881344955029,0.17655582086506955,0.0008580280056755779,0.006343483774589224,0.0030256325563971878,0.01570091164505544
1424,1424,0.21933590090033028,0.11059466855891938,0.31930921708370924,0.2747761362208947,0.09317927461381975,0.002014812948877857,0.005723186126209105,1.876020725117452e-06,1.2235227693621353e-05,0.038741120902123304,0.13826950363384444,0.04718926590321433,0.003406009893787476,0.1775454620999853,0.05336573109980589
1425,1425,0.00045211415546009184,3.839298490936024e-05,0.10148295198455076,0.007831261433287882,0.0035418034993647345,0.04162758922282221,0.009475153431764853,0.0073072943881580124,0.03453098918864141,1.3947730212188901e-05,0.2381533531230141,0.0007538458259692144,0.013529698861407589,0.0001958862100986786,0.019474417268597395
1426,1426,0.0033045329736786297,0.007144294955248395,0.05804611994155525,0.00959243782825988,0.001717426695269259,0.001394667627676655,0.004574154553158547,0.01876591939116662,2.4184672385729737e-05,0.004338231722150942,0.5089114895212983,0.009530393105661701,0.029241316853158724,0.031037859986971415,0.04267030892935288
1427,1427,0.08108374417306688,0.2835452988226385,0.2406009768198256,0.07680237203196234,0.2677425638856055,0.007414819209065527,0.0012159634344287005,0.013108174750711066,0.28140080475648344,1.2949747770271533e-06,20.8329255389232,0.0038759155916742345,1.2281391699134185,0.0030905190008054485,2.5162766296637007
1428,1428,0.10495996678285778,0.07326624482191817,0.3288370474055148,0.11882458885492567,0.053999834034551775,0.005433981973693971,0.01082137274159651,0.012182961489506714,0.00014206304724423944,0.0009176738579779549,1.0540682451693097,0.0007736148111326452,0.05280946102544298,0.00021319247459904766,0.012967672417794665
1429,1429,0.02825007731257201,0.028846957246456525,0.001271440870167115,0.010128122878071839,0.0690821241054659,2.6528953387041054e-05,0.0008458516554581734,0.08275738169560316,0.0009097314649627504,0.005515963484206459,0.04851526774828279,0.0035222259195278357,0.004797162374998418,0.01926898290697051,0.06731455145789378
1430,1430,0.01480889049231199,0.030209532179344873,0.13421615806718162,0.03524313941521985,0.01308240869797844,0.003840552521146243,0.008925403468654856,0.023844075438255966,6.140254152119412e-05,0.000997787445720795,1.0287224950157625,0.0008238069179230781,0.05663785904083219,0.00037358123706145814,0.06179130269485186
1431,1431,0.0002706425281301938,0.0068840397639342195,0.1454796327821312,0.005393580530632344,0.00021579848296451022,0.0017945368065363648,0.005168859783755066,0.0016612096228839348,4.668287986188005e-08,0.0003606339991235154,0.5122274003043599,0.0010307573485236108,0.028056080511626683,0.001516117193667014,0.033009137843842476
1432,1432,0.014538991843360152,0.028794332459773878,0.08906997364529973,0.005230794305361023,0.037333807520852996,0.002303301035882679,0.018905404518356227,0.0254457700567027,0.00014420408002493334,0.0009158617939763692,1.6491687643514175,0.0008813497933435283,0.09361139257819293,0.0006293902519972002,0.13677451805446994
1433,1433,0.004223052591590981,0.01178802530174838,0.045497335419801256,0.020988154698850105,0.0009298588213593131,4.317713978591265e-05,0.0010476773111989383,0.02403883189275926,0.0006700485625409813,0.00509358234788317,0.002388233468381679,0.002013817653390017,0.0005311599374594167,0.014776785871008797,0.01949881455069522
1434,1434,0.0172115803414898,0.05782371703489478,0.1956732733890321,0.029197606344049623,0.028730823333297007,0.008885554761775548,0.009831860982396457,0.05161672754148855,0.014042730645383425,0.0012305433936747213,0.38654127212534084,0.0007316886488623561,0.01788293813752983,0.0003776137157867271,9.82982470791199e-06
1435,1435,0.05487221177319867,0.00012505807253137172,0.045547069894629325,0.10329847318059586,0.00373143771318727,0.031002213126243804,0.00346804589620967,0.000889141424940822,0.022499813756058758,0.012443352715918439,0.6071027584852602,0.017510616309757976,0.03934269985718203,0.049548739694032104,0.1684900359500271
1436,1436,0.0877363542777537,0.039921674373680646,0.266374100193797,0.08311748794468356,0.039205142995262586,0.004547466362338195,0.010448584032172963,0.03204943625476019,0.00011198073631933636,0.0009668486613496223,1.035166403865128,0.0008265802179344435,0.05382958602912784,0.0002248617119844165,0.02696163121875973
1437,1437,0.0006481501903510543,0.00569908119361624,0.030257915592315072,0.0075040749794458555,0.00018850793730732543,0.00234987128490899,0.1235179463029416,0.010486922773225136,0.07810965260651231,0.0026266662502543066,0.008441972050789509,0.00027244061596748783,0.0002504865531891016,0.0007305020746520915,0.0022408059820984553
1438,1438,0.00042169485587330275,0.016027327266582275,0.02974276914373671,0.00023130155858745746,0.02164948232657786,0.00280058216751721,0.009358022377703792,0.033195189535109186,0.0012485217419980629,0.0026979654374477188,0.2027138543024782,0.0025886198832142143,0.010105237924585763,0.00865500221038885,0.0033872227426673582
1439,1439,0.0025829122517615796,0.0011385403299138412,0.030779838859205443,5.043897859179697e-05,0.008116351726293403,0.0006402670574164441,0.0028419498450701834,0.028768421991523963,4.641395643708526e-07,0.0013193022537413507,0.34659395956937195,0.0016697990053768093,0.021767585455068055,0.007834673645958067,0.06532294041420603
1440,1440,0.005041720102342413,0.05280013098323538,5.283075001596179e-05,0.003205114692874381,0.03637527086358892,0.0007073779494904674,0.015378134454110617,0.019623922217988515,0.0007932741202231089,0.001618254556222721,0.7132157312708101,0.0020730753686583744,0.04013255338689645,0.004085113393880554,0.05897219163903002
1441,1441,0.048451006264841764,1.8397374014274585e-05,0.03825747134575384,0.05030698468177817,0.0002405893107276829,0.03590187442764255,0.03260251762991033,0.026275447987962813,0.00015833562146135282,2.3850850938648653e-05,0.02261865737922631,5.307768017476558e-05,0.0019004852520549704,7.231429389112099e-06,0.019463117889271134
1442,1442,0.10185663842534401,0.000704809441698804,0.00012991099235839626,0.11258787025170364,0.001484253421309382,0.006895675808616849,0.010935463198639124,0.0058135051288417585,0.0003774824683468975,0.0003827495452582081,2.7307528086759305,0.024944306138701126,0.17127364244624285,0.008958617584257016,0.5505376946541374
1443,1443,0.04506979617615932,0.0145881928899116,0.029870842971994476,0.04789399936244714,0.018016671325184513,0.0009421421119627822,0.01142918807639,0.000648403117991824,0.015546028283861856,0.0007556594421406683,0.007207675947998903,0.0007836539624351369,0.0011000986677049008,9.643592041660203e-05,0.03357979560028258
1444,1444,0.008265650433601123,0.008518896575214005,0.16428570386137606,0.014600105818277555,0.003616776585446069,0.0005756027942179357,0.000183486470892782,0.0035402381716066267,0.021187857552600428,0.0008989646224803132,0.669512424019425,0.0008547923626982772,0.036663044934721584,0.00028405718241734473,0.037417616507876714
1445,1445,0.15579809386062582,0.1507108213101169,0.3614605801632403,0.2176565235169752,0.11391752863468352,0.0033604826713949155,0.0006746625446810886,0.052696450183596186,0.001617241299569832,2.9012591524347184e-05,0.1688307710320847,0.009089076153266932,0.004476053286655355,0.008317318044944327,0.06438975387295104
1446,1446,0.004010263049426521,0.06217187440415679,0.03475955509598102,2.459073737988092e-05,0.06618293439967225,0.0002967507196739389,0.004258625895388943,0.032148883444342406,0.004454742220841653,0.003960420481920388,0.8321742805374281,5.800431782419608e-06,0.04427197852545282,0.0015044580550985845,0.035070709189102295
1447,1447,0.005804322868817136,0.0005444539664038829,0.00100892957500388,0.004475682665798882,0.0006658173562745799,0.0002126195825574293,0.0018359518575858573,0.00011988534603075975,0.00447414933362146,0.0012290362065292687,0.012434507380133054,0.0004893237452433897,0.0009092692397231646,5.09989288866641e-05,0.006238223259339355
1448,1448,0.012103139255344876,0.0020052106501799506,0.02030077474833435,0.01185630889985718,0.0011780544113524263,0.001057924480776261,0.004050449973834494,0.0027178755232265587,0.00205067997055474,0.002672159555010625,0.1961762202339101,0.006963516868104132,0.012592120770086526,0.015251551099302334,0.04951937070217316
1449,1449,0.054082416313648046,0.020313593508077887,0.13667067671969632,0.07953582427405899,0.011372668651930916,0.0005337366275489972,0.0024382478776982662,7.884090997405553e-08,0.00018145029978241639,0.00358240061136282,0.03304759836355538,0.00365486685470379,0.0007968246037107038,0.01565740171516232,0.014897306213646835
1450,1450,0.07522200782568143,0.00027138820539692626,0.0029103750008456406,0.09578959152461039,9.808409869003502e-05,0.03507798190402555,0.0005283228704995295,0.18102484973000674,0.03114426243521236,0.0065349900146424705,0.025725574647836487,0.029816536715533942,0.001660385667909566,0.05706871035209613,0.010470604048125077
1451,1451,2.0181721981620226e-05,0.034633716948717995,0.00017352637283770124,0.001797117908216701,0.05675326670895938,0.06914066513567352,0.011652573580795727,0.10389667380982334,0.011214599158959398,0.0026177496865501847,0.0676456115227341,0.00027514459307867163,0.002810329218709253,0.0007167342229996102,0.000401279116513927
1452,1452,0.07838445833402694,0.010050492597547202,0.028272872907804076,0.07668088338856671,0.0137755643461521,0.002508703959493911,0.006738126188932408,0.0824841030127363,0.0008321523980603335,0.000643587987823908,0.9902242090178136,0.0011229200285150635,0.06821787559529825,0.00034842122096089467,0.34338506198663615
1453,1453,0.06338609746974713,0.055608838525004076,0.17189080119660802,0.11406869241000281,0.024440684647307177,0.0032859868390157383,0.008844906534736477,0.0414697346893345,2.936782614173545e-07,0.0012160921370792184,0.7036295778255102,0.0007361733878324323,0.03603767703296045,0.00028022519305671015,0.013528228469694158
1454,1454,0.10244997326457647,0.008654954792249666,0.013240032224599588,0.10413587680279249,0.008515709911347685,0.016933493949155703,0.03667288657634018,0.06276454499479739,0.03243728511701649,0.0005802438269804923,1.6334829066024577,0.0011860000856271544,0.10871050363377115,0.00039370027175716693,0.4720334863009584
1455,1455,0.004339350667213287,0.008991983633186838,0.07632339159030412,0.01563341636894758,0.00046796365938165405,0.030796167016859867,0.021702057499148848,0.009496289125183195,0.016155713070365323,0.0012077277697018403,0.363773259614084,0.0043739120504483996,0.020324330422282023,0.012589372626990603,0.021878842776128046
1456,1456,0.07117244777934675,0.02868685809938835,0.08463918924864385,0.06926447549779748,0.043303166834760216,0.02158480420239953,0.0023894790887423988,0.00041397156405109696,0.017619198351716426,0.001674576445996035,0.04455218686876647,0.000517228845558991,0.001195979537800745,0.0005418443161741718,0.016113346204363853
1457,1457,0.0018957258981027534,0.005402258400895346,0.08322236475699583,0.009024133450873507,0.0008255101328767154,0.0017686524554387708,0.005536072068593418,0.00015931065338665415,0.0011968732331407027,0.0010755839684525815,0.23294046866853618,0.0006906147423756551,0.012311163686818437,0.0001645303993363716,0.008638797234784555
1458,1458,0.011739746345872782,0.7954193492352382,1.2187622589491638,0.0011602343833010652,0.6771581905666333,0.12426511473647742,0.14830107371966428,0.15485191159265907,0.07562000684145165,0.00041284653557740705,47.53684855065135,0.006009197064322,2.7553982160793957,0.0033269840582567543,4.970686848491057
1459,1459,0.032942715827622024,0.03027898462779391,0.09772413821760073,0.02227066405252082,0.03965851003053564,0.028473793940986907,0.009288317451499552,0.08643826171436882,0.04811902384801856,0.004730203773195031,0.00809499876235892,0.00253148516149755,5.5794385505930744e-06,0.01593287260720669,0.03543301668016002
1460,1460,0.1273347623327099,0.003409425364185341,8.632832657288418e-05,0.11339288774481869,0.0009149949294666447,0.004103522905769427,0.009117097035763763,0.06222009023289245,0.0003388704307018421,0.0005219796672223699,1.2894490114929398,0.0012799216210837598,0.07986518785299779,0.0004263858494341295,0.23986893996264175
1461,1461,0.005606858751412057,0.0018040934818101422,0.0039489775406282394,0.0002977920318494642,0.015940580343443454,4.323921800212438e-05,0.014839441821453175,0.005599657959707916,0.01067183720601872,0.0019422958164319818,0.019499352101376023,0.0004619848944167283,0.0014525409817489274,0.0005051797507488323,0.00999691089148198
1462,1462,0.29588192443417094,0.7870320442682947,0.7124085626496723,0.2809593516814618,0.729837467438181,0.03535544830728888,0.04797680407127018,0.0006387812830635764,0.010553486896667382,0.00018204013066753627,8.792395154108151,0.001909935704278878,0.45819399327563537,0.0006234213669574062,0.24620193782679772
1463,1463,0.08491442052037632,0.05147306692492215,0.00018166383842270698,0.07576375074360124,0.02621363535259444,0.01514247220546839,0.02415929524831354,0.05599360510880215,0.0030540144586661917,0.000135384250283205,6.335332046506834,0.002125988458621364,0.3879738865103058,0.000830480606302252,1.0421512921109113
1464,1464,0.005996022694247734,0.015081108823153498,0.010304237484906114,0.0027954212878200666,0.00502548607555351,0.00046617299377597134,0.00034607477352130184,0.023213365288680725,0.0004948159415628364,0.0016713699311081296,0.019007873908879973,0.002285462193501935,0.0010267700553759326,2.6778974495740897e-09,0.0009297581236766902
1465,1465,8.134663428110911e-05,0.24452896458876375,0.0717306483947074,8.426678584893211e-06,0.215627985634063,0.014423544597025639,0.023886120210588734,0.034365679139870056,0.0023198729966433223,0.0016912093266845238,4.360933487015812,0.010098753640977528,0.24152566724673166,0.008685613302064027,0.2994201744131706
1466,1466,0.009270311630857625,0.008082954408799062,0.029715841348321784,0.024400820635918332,0.0006019052415296135,0.03273960603544419,0.0007301988842943598,0.002702263093204814,0.026944254204747338,0.001969777945722601,0.003740957999559616,0.0004724840519723891,0.0005384073861382299,0.0046560025918674815,0.015055620798856981
1467,1467,0.0032675024167205173,0.0003182186636040833,0.03765406669716862,0.004374516172444981,0.0013001715180527224,0.0021859388926848884,0.03920397963689788,0.023069862843298584,0.0897807654768584,7.827527082458774e-05,0.11695288185270404,5.142818922327785e-07,0.006895956828480945,3.2742676795375694e-06,0.013131331749827654
1468,1468,0.11428115973372946,0.2822084713021097,0.13920645943678503,0.12259157824280124,0.2497226164249997,0.002878250905421901,0.006616368079848532,0.16507582673544155,3.998427299311482e-05,0.0007200866577411714,0.30996748513818867,0.001231795231347125,0.010442115812779427,0.0047824995025333855,0.046771287625086415
1469,1469,0.0016183462198728518,0.053096253118457504,0.07122875973845645,0.0017208564639589067,0.06576897543120812,0.011128830584010502,0.01856113746848546,0.08754461661816965,0.026040279192456446,0.0022988534890137527,0.5462978796500455,0.00020129860585397727,0.0272670793417328,0.00017000774163296347,0.008011815504533176
1470,1470,0.05320910719638371,0.06414155108333813,0.24208520243075243,0.07663172845215395,0.0453376423705678,0.046890339092796905,0.0031398732516961852,0.01957218060942677,0.08307412966046383,0.00011908680715681248,0.34219407766994875,0.0016248391093251022,0.014837945402946626,0.001601611485390172,0.002327859138442422
1471,1471,0.005546717536743763,0.16130452540477147,0.046986859615485245,0.0062195502857118334,0.13679500727144384,0.002410966296917925,0.004121952785170473,0.00010267672645953446,0.021701150931098236,0.00040287882867589024,2.7908059391548514,0.0015191013704707167,0.15533017029526222,0.000427343622312126,0.18993744200180654
1472,1472,0.02499606224579228,0.07834316802746591,0.01579503141595504,0.038717458724732576,0.05085859901154445,0.0008315659328941851,1.85909568932848e-05,0.00583761576252942,0.011051146527629563,0.004333815312181623,0.14084268258238963,0.003652198970878495,0.00605136516838136,0.00017378124173223034,0.001620087229869346
1473,1473,0.0023109773466150813,0.05591864239565606,0.004435522025034573,0.006398598352756229,0.029431540205215833,0.0035780868820941064,0.03606595129568222,0.0013878782668110675,0.021750927955783636,0.004109757276361374,0.39009559469308575,0.017226974036318052,0.020377064237091118,0.03489177799610233,0.015593037365430032
1474,1474,0.25054961875485593,0.4019629844783561,0.3030032759450932,0.24709031897628847,0.34428318522774093,0.008179009983026174,0.012485753422220741,0.0873615608878907,1.500046422336879e-05,0.0048097772756864575,0.7935199571282016,0.008653054441451199,0.030637742468674196,0.02355831425881253,0.03440588003829322
1475,1475,0.023080945292813848,0.011545241712516774,0.0005403375035840742,0.020825904570074293,0.004053195882843665,0.0035316859961280343,0.008310881476190454,0.0030389056169262104,6.143436489827842e-09,0.000292551760681747,1.2968233408149021,0.0005292757884717287,0.0793483450303947,0.004740299656350651,0.20965541964121212
1476,1476,0.06631969352514794,0.04985996150561943,0.294366694664409,0.101020216894795,0.029602295124675018,0.0021736149470876244,0.0029327366388836934,0.05689326083920693,0.000564592672588454,0.00636927278385945,0.040976732233844126,0.003676403433364464,0.0005872521504201209,0.02120972249070994,0.04759701019250636
1477,1477,0.11832161564662319,0.003264524606085578,0.10823127214766629,0.15859982376591444,9.274986341695267e-05,0.005264160922534735,0.005726176766006106,0.0013508186024119243,0.0038737612919414596,0.002521234260715221,0.45687613050656417,0.00020614489208559087,0.03253008783392505,6.727265894959459e-05,0.19531898665173697
1478,1478,0.0031097928834173667,0.054479861430092855,0.2265557229467671,0.005531557147845488,0.03834010474569788,0.010451689780641519,3.5502800467675562e-06,0.04708783827526361,0.041926299180817646,0.0016472124789261532,4.1336753312135945,0.0031918150024535944,0.23885647916366337,0.020450480072886877,0.4038341842445573
1479,1479,0.018835998065898037,0.005904968314575446,0.0388318052733829,0.019944443976635154,0.005942236830092979,0.04759327350379838,0.005222979519992385,0.011928538285372279,0.08139101311500467,0.004985429092451357,0.008397767757340118,0.0005836157628980851,0.00106983698248178,0.006924532598739238,0.025687574081625038
1480,1480,0.07826972755609544,0.011328656443563562,0.01178857431252407,0.06135666217424258,0.0030666787518359713,0.002095245966879889,0.005117450810812077,0.010686022521516987,2.7297276345684403e-05,0.00505703843821958,1.0012704617430892,0.004578447059824001,0.06306122734460551,0.028664306768287247,0.19427480623331542
1481,1481,0.0009008424825459067,0.00033161647979417343,0.020507842968937248,0.0010250212400480232,0.0010724757259449385,0.018095637821828544,0.07058072236785781,0.05541015023706964,0.08507226143749863,0.0008975183697318863,0.685384575811107,0.0006592944734305258,0.04234785900169621,0.00018677423024607943,0.12184273255227225
1482,1482,0.013251147994349436,0.0032265115573830625,0.06621718931427127,0.02792798367540246,6.03414540509266e-05,0.0019615106212704236,0.013689466412902028,0.008712894120003796,0.011925982280590613,0.0014519219366108305,0.07024344339158274,0.0004925199707352387,0.003381575088837791,0.0001849927175764936,0.00022174955288159075
1483,1483,0.03262759724705489,0.018529788839508985,0.00018734436615038173,0.0229546825617829,0.006522186408729136,0.01884931094799702,0.055681073336528,0.029657394170521073,0.07044731881292116,0.0019403232194014196,0.662367708444338,0.0004194173609583777,0.0392770319867836,0.006602657494040021,0.08664719685306696
1484,1484,0.0006700067721846659,0.009117086877204486,0.12361461354049687,1.8399909334245138e-05,0.0011957232547292849,0.006043492008642319,0.011846542216606089,0.05207696398866298,0.0010083970417227174,0.0018593089785320393,2.298398950685007,0.013076169394955301,0.13540765038630065,0.016148657040260684,0.28981151011812756
1485,1485,0.0023198862838184993,0.04900553955622272,0.031336391481105966,0.00940437507999549,0.022638354036161178,9.54804122847792e-06,0.00616802900247327,0.028704305796477078,0.01047613134014631,0.0012815308281488107,1.3736025885139806,0.000676167302331383,0.07853235948228197,0.001334890340150117,0.12580188840484102
1486,1486,0.08336385251235079,0.02072439714152697,0.022236911097781475,0.07508616622128354,0.030375551859050404,0.0017972374436728512,0.002889692594973275,0.16056267191699738,0.04328514767814236,0.0005651102826311964,1.1552852254053592,0.0011962540564358609,0.0807216560070645,0.0005099765133903439,0.4254070243382924
1487,1487,0.20169135342578892,0.14568746310179553,0.22099050935059875,0.22717914196759045,0.1281923173426304,0.04977307648541331,0.0004430956748285541,0.12680298936692322,0.05683869341018265,0.001828352636430364,0.05821009063964865,0.00040343981251604453,0.008602646246617439,0.00014921125305843128,0.26477147938239504
1488,1488,0.013233597518940526,0.030743314631615604,0.18421552558183724,0.029329240717594886,0.017162503933103153,0.0022585183573445955,0.005657563762823822,0.010350388485133354,1.1497013179918818e-05,8.532598712855538e-05,0.4716760410818154,0.004608919636411247,0.02323057965601168,0.004550629713683547,0.005167382846681314
1489,1489,0.2917871477979917,0.1550467362266595,0.31941204061563366,0.3142275700225238,0.15040238901794312,2.7490497864630276e-05,0.00016012275348738122,0.008723975401081887,0.00739948153447767,0.006181919414283742,0.05384854576399645,0.006127524576379688,0.0005500681527576017,0.022805070282669666,0.11770441947941686
1490,1490,0.010019713025683004,0.001905437480760729,0.00013978597582777223,0.010274866230945694,0.002483990692255767,0.0032221556471107335,0.007828132191267457,0.02767791233127438,0.0004816496888697305,0.009298135826430548,0.8941798429885762,0.010100917979887776,0.05504273927207536,0.03082102695357161,0.16520321596641105
1491,1491,0.003731361586158808,0.0038873087118041416,0.002514355528471142,0.0020068490289841595,0.0008749220089701524,0.0009598921855310501,0.004371155186727339,0.014075820514920644,6.99847956068189e-05,0.029284962120362936,0.5870717965486766,0.031953662896181914,0.03486197373001703,0.11146280615495825,0.0926098888960258
1492,1492,0.04220082470475278,0.03870005570436967,0.2561206628488874,0.05813113115831097,0.022722207567860444,8.200527322611445e-05,0.006858520170481468,0.005369575447352527,0.06885896283269462,0.0036250138583103597,0.9111589471278322,0.018742355039885996,0.04693497528253631,0.03188524648407221,0.02481526421534527
1493,1493,0.03662733351247596,8.51017747369133e-05,0.04900575043769019,0.04490787139743431,0.00015537716132947194,0.0014293191547590392,0.01035693981382226,0.028612249888805032,0.014973339110692643,0.00012928234409673135,9.065850891681385e-05,7.621615688539816e-05,1.53436973107669e-05,0.00010726755091522037,0.005837104858948509
1494,1494,0.13969476991969007,0.001179749097279274,0.0951787418231051,0.12428462897599214,0.006961172125965377,9.881545077936786e-05,0.002641306630993882,0.00915453040405464,0.0016057963629155145,0.0007105078527527658,0.739525690070317,0.001177339968034709,0.052018130204019984,0.0004768408972338346,0.28738639609061345
1495,1495,0.0022020160354649493,0.004807909631609754,0.0737362239300284,0.00012735229504691554,0.01400745942879385,0.0015792305551699994,0.04008698000806022,0.03358339962245126,0.0214992943360122,0.003290455730032128,0.4757580608251964,0.010277649432807382,0.02900285945335566,0.022850146863743905,0.08485256230468942
1496,1496,0.04109863414009969,0.17969696939368182,0.049764100195013,0.0700172242521778,0.13143357192543656,0.004084906178468172,0.007736763075808181,0.04130910327270908,0.00037339709109768287,0.0008891132081512045,0.4181059519612021,0.000692979347438242,0.018293063299825732,0.00018980431996202098,0.0018991595522860562
1497,1497,0.10284489828428821,0.010269986220140671,0.13813271540635397,0.15420607955259402,0.0009336468243471603,4.7408173764928814e-05,0.0013455091142293364,0.003594315673251588,0.005486710111975423,0.00030392573798016534,0.35801739529258253,0.003192379879870307,0.027182788081057837,0.009942230242265364,0.19554078494737137
1498,1498,0.0013559973581259489,0.01323660962573666,0.0013622372892043745,3.911024705252532e-06,0.002927381523486913,0.006479087634509455,0.009393200792137318,0.1947487886405361,0.00027062551650788614,8.329973329894199e-07,2.067184602484848,0.012993957331987287,0.12697249350612422,0.006824016225565004,0.34875558193398554
1499,1499,0.0028166224656389115,0.018571365288732083,0.051122732851367814,0.0007698554419753191,0.032282850017455456,0.0035118393634184114,0.005600499822398858,0.01194464614180392,9.73101228537265e-06,0.0008291244537505354,0.6803442631418695,0.0004877048844881099,0.03709155361862745,0.0011177811686362612,0.03951760620705069
1500,1500,0.19394225266042278,0.059595526076242154,0.00618162485248157,0.21145759453182444,0.06351764614360557,0.0020950977548056583,0.004845556230120836,0.004060183866422657,0.0016680668427849026,0.0003684795367312539,0.7428378745713974,0.00113334124112984,0.05396621011703677,0.00015027158508532613,0.3497103133322675
1501,1501,0.3268834050124271,0.1633376709403815,0.3879358878084171,0.3935340372711082,0.13742571895359576,0.0019901332554745116,0.007390767031430576,0.01278246249162729,0.0016937683120643494,0.006780068247813451,0.00833361686879769,0.0056857322842774295,0.00021128593805264952,5.422661545791173e-05,0.18110741847392015
1502,1502,0.03944740960791918,0.0004517196580326021,0.09276312578821283,0.06091242659868333,0.004563887914137391,9.729523511417647e-06,0.000691967337597555,0.01817578967399492,0.001099475521577617,0.0007916414258807862,0.04381973038169332,0.0003244097598196173,0.0034434149205601703,0.0036251020347443,0.027532440643045435
1503,1503,0.17298498607831714,0.20525132083755954,0.26380496021564753,0.16762889727052047,0.20732060215105313,0.00047070092749737356,0.00229112352047979,0.055034889984337046,0.008021923096773067,0.010087637193799529,0.44473248784711605,0.002053632604470505,0.01707155092493681,0.02372381752372511,0.0285803681269275
1504,1504,0.002036079468484519,0.00450521652274215,0.013569763733218075,0.0009117948756939624,0.0007439491663387021,0.0026910177894771225,0.02630525629532956,0.003908092843566648,0.013336587990719951,0.0010321874503201934,0.0003112827181540415,0.02293011335255422,2.1950653026428923e-05,0.014713608866720938,1.4593042265040259e-05
1505,1505,0.5138743521913386,0.08968939730245451,0.1172614512577737,0.44842040723417276,0.1479629089491625,0.006905519957538483,0.0012182594191360596,0.017310358815190656,0.039340853690847735,0.0027250219514747386,1.208377526114843,0.005206935766990468,0.09233850770987438,0.006524706412448841,0.7252474283748966
1506,1506,0.02191075815577475,0.002083985453241732,0.02388076786729168,0.04332279944762219,0.002206493506847757,0.0007214672777416146,0.0021819897365896314,0.2433036084979067,0.0015756307961067475,0.0002285024886475306,0.045734324714784266,0.0008859557103997433,0.0021752558273632474,0.00291969404824944,0.0003157590196471483
1507,1507,0.0002480391366375202,0.0034627318956754398,0.0003572305738651141,0.004757621984612701,0.0016054235203557035,0.00118098746003651,0.029348832011575902,0.001995376457944165,0.03678336932809869,0.001187304203503688,0.0070621176728996255,0.0005184673694951576,0.0003423827795544421,0.00024360024667903967,8.508367679589503e-05
1508,1508,1.2854833105512178e-05,0.0008322817422827655,0.03492142933408058,0.00033760634913252314,0.0055188717161238675,0.0002282364798305867,0.002650947562321308,0.001007245413738422,0.0012188591557637121,0.0012363747850584412,0.04405418546026299,0.0006361370518437845,0.00256950959382324,0.0001330446169611649,0.004973594099541353
1509,1509,0.02578228621164596,0.025017510844746554,0.02747214080477501,0.028229676513825252,0.007356121572569575,0.010802167372561747,0.017352347310662125,0.02844493492101689,0.00046001115492963837,0.00033734662653197835,3.566321255413934,0.0015020030738396265,0.21572222260065432,0.0005861288008153513,0.5351011426842501
1510,1510,0.006496488194461461,0.14698330346257796,0.0400864455050249,0.004393592393091,0.11127330692266696,0.006951769076548707,0.006158580500999968,0.010976891766014624,0.016771873879517285,0.004932163471291996,3.8391553793319915,0.004347128193151878,0.21857611454439888,0.007640159484148547,0.3514402996636595
1511,1511,0.05741345180903437,0.023668258474281594,0.16703265633309478,0.07301242889678747,0.012111989354051066,0.005680157749962303,3.606034403249003e-05,0.05597840358737876,0.005007919578932658,0.004612961280932785,0.6419382743262176,0.00766425030135721,0.03426690314017871,0.02780767792121598,0.021226600727940432
1512,1512,0.024752634339694133,0.02747109247343433,4.9918011252707396e-05,0.010066725130086078,0.05500429719933924,5.541191977465292e-05,0.0004448765969018833,0.009564956946895147,0.0016786685688307665,0.004941669897368627,0.002621448475016622,0.004526019073073695,1.8542901180195412e-06,0.018762167598190563,0.012115125193880525
1513,1513,0.3185747958229087,0.3101167319419001,0.48612393925930936,0.3616153996458238,0.28318838635200105,0.006426853584589568,0.01253404393013616,0.019681653289988815,0.000313405884163725,0.0007038839784812889,0.8038634411520729,0.0007987738771978209,0.03153364139368468,1.7095401528529303e-05,0.03451020548213364
1514,1514,0.00027400058775830095,0.002677907042195887,0.08402570675265136,0.006867365736059299,0.0012189090583889191,0.0002283014868240412,0.0028914838937665853,0.014297383243861409,0.0009694365973724378,0.0007304595233823787,0.027899659396351095,0.001782657934981857,0.0010874119552099506,0.0048519126621006685,0.0005526391505390598
1515,1515,0.023620272748159386,0.04672754612570005,0.23120464969517696,0.040011973751344534,0.027432465544219728,0.004126591922895939,0.0005044083738362134,0.048845128379346923,0.0008135782658139388,0.00020228863157465898,0.3038868913128952,0.0009770313147753904,0.013196267236757842,0.0014627133604105157,0.0010515584216886484
1516,1516,0.11701266654195618,0.06030374764637813,0.18877569190922303,0.15636571053931383,0.03843974698648602,8.189306887234905e-05,0.0015515542042043545,0.08811206928197267,0.0025091337523845013,0.0012540248336998711,0.15274948981134917,0.00037400446747265476,0.01495938460824147,7.639747754503572e-06,0.22273337792979486
1517,1517,0.14976285712522341,0.017986603698414944,0.15424267465806302,0.1956421003931212,0.00888200309975951,0.000267255059979563,0.0004540308126815885,0.02477180728171616,0.004678709014700304,0.00968001114196414,0.6539829294564095,0.0468360062831455,0.04958420219678035,0.12030233258526608,0.33477820542020154
1518,1518,0.0025584788204043815,0.011331227317459785,0.1137517358432086,0.00038848230838471257,0.00392277829051685,0.006949694078827963,3.015220077323988e-06,0.017325957841449656,0.016081182923616228,0.0019087627649667577,2.1374075855059034,0.0015258546587003984,0.12539128679896658,0.0024403736066370566,0.2560487433387305
1519,1519,0.010223901507457582,0.019590825659421614,0.10075199932799746,0.018093625661451,0.010215778814659637,0.04746966325371642,0.0043222231992638875,0.009308616945262985,0.020922527247885573,0.010397792297324071,0.7338643308358311,0.024081568543564705,0.03938898631858916,0.06103155582442423,0.04301087701671757
1520,1520,0.03413546964840778,0.006863481944178166,0.0001443386833663848,0.041965957083315575,0.005646960784368813,3.757274443994471e-06,5.1214085969541586e-05,1.438432457558573e-06,0.0019310941462383254,0.0007900870287816355,0.22682366006127921,0.00020161218841336707,0.01559058874265247,0.003362618665993781,0.07701850170891635
1521,1521,0.015155956066465298,0.004877294923235133,0.10603590232670929,0.02329607680092525,0.000428562607999863,5.736448538182784e-05,0.003534139488620039,0.017807772326407206,0.0008186207826013237,0.008963690399926014,0.3067296118266586,0.005214463491118506,0.016198867832072368,0.0258749574969995,0.013833541984175605
1522,1522,0.0002590408101416184,0.0005598011361156924,0.0018599843149724156,0.00028060220632920076,0.0002559409786342112,3.307635095331686e-05,0.0005219941672470601,0.00017091698543466295,0.003674212607984305,0.009054050620745631,0.04414030426354276,0.017586488823498583,0.0024183579544552938,0.04947504185073888,0.004821079195932914
1523,1523,0.07418525835745379,0.009132128919476465,0.1196337782513086,0.11276409277090414,0.0019538085623785387,8.038775673897753e-05,0.0018323748529372901,0.004759651694208374,0.0014784170121509743,0.007146089292871292,0.019701703977962462,0.01422904052507187,0.002476838461989283,0.04765521541384575,0.05096825388637244
1524,1524,0.0888573050940746,0.03316444739110679,0.15990953520306303,0.12552702106787153,0.016602396550388067,0.005124490059538946,0.0025276329818111347,0.05019455327507045,0.01278688619561002,0.006103398859804683,0.15909035229898874,0.005230335606298207,0.01456265631456357,0.027512247404141276,0.17546928156963934
1525,1525,5.8888506996515574e-05,0.06845355332556041,0.01218303358730237,0.0014453295303777243,0.04054693729620682,0.0060982907447726655,0.011061450583427192,0.005180448620298211,1.739258658535434e-05,0.0003902217148607812,1.5876081412916319,0.010002695217300735,0.09079926444311225,0.0027762261577054187,0.14847291865357473
1526,1526,0.07274983343862891,0.006865185010431145,0.00803890924134539,0.08354330369076046,0.0057691073257424026,0.00013329965227878426,0.02601567344623203,0.004168090467097794,0.0041271708210525795,0.0008806879572685987,0.6544844931891635,0.0009270090468731559,0.04428511957884498,0.00045006334038701567,0.2070188771869554
1527,1527,0.012218417069282459,0.02179257766420426,0.30179318089312374,0.024495896089765833,0.0044811147238954475,0.004709929520885085,0.011089128542708195,0.0012997452094312466,1.584271471068044e-05,0.0007763913353221794,1.1631279156928132,0.000993186502923078,0.06299222703390359,0.0001786109641748006,0.05957452693949349
1528,1528,0.005950118361968081,0.0004054460110282875,0.009930738572750744,0.007807240547627431,0.0007131492814007384,0.10749932439006565,0.021526367330883565,0.0006633874740449596,0.02644232113919767,0.002179446345725943,0.037117269035010586,0.00011424228179972193,0.0023609198569119923,0.0027800382619645957,0.010972908045940229
1529,1529,0.05090912004639986,4.217839828501999e-07,0.0035372122556589975,0.044689321143626885,0.0011682981520482582,0.0029220059816530658,0.0009845097638968364,0.01530151602965561,0.03178863208203807,0.00012160694048790465,1.5131081586294153,0.001892495858229583,0.09559688518514962,0.00039395596133145604,0.31295553471114657
1530,1530,0.030548757696189956,0.008305135905358623,0.038113586216521805,0.025688003500371894,0.013543016168386988,0.010384051059423393,0.0001303769005120634,0.0007735768521727976,0.014665611003132444,0.0012232707855850883,0.0029911027310746074,0.000586179797093913,1.0164513404900144e-05,0.00013408617754268986,0.011728940712269015
1531,1531,0.0045826651920788065,0.0029116481033352203,0.00021642971287808742,0.005373898825165922,0.005014668561692086,0.002655783616507915,0.006960457026273107,0.00669562641293586,0.0011400757409342037,0.0007534799516518063,0.5728354215437622,0.0009523368008410027,0.03491938762956034,0.00019558842489645243,0.09031992009845977
1532,1532,0.014329007676907904,0.29322399422685164,0.08566014358567042,0.01757089411211845,0.24882902958853456,0.01795415436321071,0.02715565482673559,0.008013892621734664,0.0049106337424765145,0.012160012723940005,5.667848803637813,0.018025953938982753,0.3157215996292003,0.03739846850331477,0.4162590559445557
1533,1533,0.11317216903973853,0.0027842095890493485,0.021925486692236637,0.09962183193398316,6.0842725993742646e-05,0.000543069037155014,0.050037068301508884,0.004561732914457311,0.002089831174542155,5.047945861346777e-05,1.709199374508324,0.008509227831253042,0.10974865536503094,0.004153823267211187,0.40117135460808234
1534,1534,0.021726664689296602,0.08872710806356088,0.03295467690586739,0.017937728501562306,0.06149110456392876,0.007774696646684091,0.014058812456095719,0.04454168313177317,0.0009834327532359571,0.0006325985044144037,2.665205617198568,0.0015158512741456865,0.15286357037774567,0.003029582415604054,0.25664822977957424
1535,1535,0.09263892960474594,0.004837324653678057,3.395716338982321e-05,0.0795952819237929,0.0006590726078968533,0.0009904659447171641,0.02841539487271053,0.01596980058848708,0.002726856336989948,1.5383489294575285e-06,1.385933036160752,2.179393665569102e-05,0.08596592718617263,0.0006641934504473141,0.2571473234908601
1536,1536,0.00586857416421446,0.045309705022270615,0.2561065044824152,0.011240743965625459,0.029664825585000915,3.738330329245661e-05,0.005377330589564488,0.0005997915719730501,0.0910750500453769,0.00015255701274353338,1.902683462903273,0.0011883331929140467,0.10502373706996604,0.006442686635272402,0.116296317032361
1537,1537,0.02875988366265812,0.016401002671094223,0.0009657594746942088,0.02574343576507659,0.0054028873865339935,0.0010160308778262264,0.021378197037283015,0.00048699847451766625,0.0008190290605035778,0.0009249655746974265,1.186349576971207,0.0009786881185576489,0.07278187577377501,0.0007752026851676844,0.19559897497164333
1538,1538,0.08634148518583346,0.06049760301784747,0.001872623997695584,0.06372416778870459,0.09980950274073636,0.001679541443527919,0.005535043704082046,0.186861824934423,0.000190143893352478,0.0005844311578647228,1.0219963378530763,0.001103399834559944,0.0723370106234055,0.00021988107815504074,0.4117367672068325
1539,1539,0.009121270437903214,0.00035713376732616727,0.006578726485138675,0.01593678592037263,1.700213085971147e-05,0.013119612172935837,0.07070735118265496,0.019575250527017453,0.10159816599132232,0.001165086734200285,0.31321074496024787,0.0009946269465827668,0.020662616798602356,0.005295688861088849,0.08364226064212735
1540,1540,0.08769247840490482,0.018555801303792353,0.1508359883324697,0.09992675936995156,0.016897801572585625,0.0002500513330112221,0.02843089684132965,5.085224856835751e-05,0.053640619726150675,2.6157768164727293e-06,0.003351221971754005,0.003010251245079651,8.175880486440359e-06,0.0030534228857671234,0.03567225066946262
1541,1541,0.0038176090502695767,0.00036975960229979895,0.05838528494455381,0.0011410518406369053,0.005537008694848738,0.0004208419214826302,0.0034855750378391327,0.010184613056456349,0.0012562259406327598,0.0010275998296108676,0.08614079221851528,0.0007686702871654868,0.004861946861477489,8.318653293112998e-05,0.007792204214963454
1542,1542,0.008938208744664675,0.0004536392683794594,4.496091066610197e-06,0.016800534063967414,0.0038227462665990112,8.128993381595512e-06,0.001146835295022382,0.04951209104031448,0.030615469804279198,0.000209312942335994,1.2217150948842201,0.0013669934659409605,0.07655783369440342,6.47880556409968e-05,0.23227435578632183
1543,1543,0.0053333058848966,0.09675871678118747,0.007622295564830253,0.0021796252091700967,0.1098689030970655,0.0037078057248813383,0.008341328720572855,0.0007623800140146038,0.11405427028066646,0.00028354074329992566,1.3692047653280641,0.0013094201327610946,0.07593269591721095,0.0002219004560795642,0.08600398721197633
1544,1544,0.0020847356919014948,0.0007385299565936407,0.001506936883987955,0.0001252955711097509,0.004066877087288577,0.0009738628341169277,0.004949599844883307,0.00021073058537223756,0.01516897541498231,0.0005644770826636038,0.012385281268993124,0.0008127348778126371,0.0006181180534632652,5.2469589338544984e-08,7.480758860257223e-05
1545,1545,0.004557298163718717,0.016604261633693124,0.0013722768760657262,0.004889534928618642,0.014872719424628,0.014345963558735327,0.002202346455316197,3.432289848996685e-06,0.013251878638996368,8.129180238522579e-05,0.08868620309402256,0.001931581820582271,0.004447699139400185,0.0010203756601621157,0.0014881239888047816
1546,1546,0.06014349361453344,0.1973622499506581,0.00020073684951579595,0.07576386840532619,0.15089189613600948,0.009888531714126994,0.0293207648360219,0.08487678155413737,0.051825934934363674,0.0013947585303834625,0.0003712116714919151,0.0005949494436028833,0.0003651014284018153,0.00040593161612176954,0.07920013161759538
1547,1547,0.008458766315101597,0.0004572722580527312,0.01769112962933157,0.006110008667545772,0.0013883385245099613,0.0007440139029959654,0.0025489680571085865,0.06631214732915822,0.000546043576544607,1.1376887769654274e-07,0.26260504107060295,0.0017136050402309679,0.01814014393625824,0.0028715288059633372,0.08895525775340694
1548,1548,0.21768397654737232,0.004091061730374952,0.040042745443982355,0.1901642504058194,0.013090588070959195,0.0055903071086608885,0.00980894725658234,0.05238829253886433,4.2707578951623895e-05,0.017277555216041417,2.609830891539965,0.014121325072410302,0.17237753048451515,0.04224074817673862,0.7546341448025702
1549,1549,0.0652374947423838,0.5028332051354512,0.1955741823625102,0.05715980914425604,0.43723921534246685,0.001663287648051551,0.003449513962699674,0.046581378273875894,0.15047504992468405,0.00043696406172659576,4.812436766131965,2.0179456450122712e-05,0.2536430720538174,0.0008479719441134985,0.16091285668334268
1550,1550,0.06146049533921268,0.14503900348276483,0.27107189038603613,0.06410211181473609,0.13967737024436852,0.004171104086019539,0.009108081934978416,0.0854145929770383,0.0005607663160014389,7.011051514464748e-05,0.8687393122141498,0.0030790129822941326,0.03981841128283576,0.0023983634858237585,7.831980937067365e-06
1551,1551,0.021496356696974722,0.002702102229916294,0.09415134767796253,0.025355708098624953,0.0022188036897500636,0.001061771848090358,0.00419325002827855,0.018852779147885648,0.00015817012487652536,6.448301647148116e-06,0.22877516526136168,0.0022737837083912733,0.011971826228343158,0.0021502099951679113,0.007394408435208726
1552,1552,0.2964346553774489,0.06904238750719538,0.12080971440643293,0.21440100036468507,0.12646291693030431,5.537416784818407e-05,5.711503215500298e-06,0.7230542391954404,0.036486881225741764,0.001638991717904944,3.789362087568483,0.00015798052207369032,0.2674599090572687,0.0007723485872472567,1.4859487203065431
1553,1553,0.06718603313793306,0.00023928172073088848,3.881724467027934e-05,0.07718499176885583,1.4612518128016001e-05,0.005444975581754879,0.001746013588559558,4.5156125189000456e-07,0.00034392827139916645,0.0002897513148171925,1.2061595466663493,0.005295985743972944,0.0763494761092043,0.003515582538210398,0.26191921232327
1554,1554,0.03996038494130113,0.03382285691212606,0.03762815516003434,0.05891615660293527,0.020708111625572748,4.337400750126255e-06,0.0002914847623110726,4.342435226090624e-06,0.0037485471080819627,0.0019848047975950583,0.018399300422234283,0.0006757484521170372,0.0004298694009482057,0.004894420057556303,0.01262739393771093
1555,1555,0.00038252819335788643,0.02096177889086804,0.005522462863925887,0.004134801096208448,0.03873646550386029,0.0005075829059453755,8.08687653802806e-06,0.004295776472956232,0.004364526879215017,0.01394713450620359,0.33857352899786225,0.001236839776338034,0.019079149247823182,0.018614255875585305,0.0310367226701859
1556,1556,0.20416978370615363,0.02409913165757968,0.048217872006890455,0.2052602170601011,0.02512962224328922,0.001715088435127821,0.006043778355646423,0.003486035080193083,0.0011139339656948202,0.0006877930058701783,0.8917542379722393,0.0012303905637475177,0.0634940250880763,0.0004692532851603677,0.3755570725404623
1557,1557,0.0333991569260071,0.05090731662651917,0.03275244422778198,0.02386505989681195,0.05398520929800759,0.00040238150581826314,0.0014392021055569062,0.14005584453836403,0.0025373542458060126,0.013791579122205038,0.038509706288570256,0.0013537563043233677,0.004682608833832079,0.026433204456906147,0.09302745752197704
1558,1558,0.001957931983121756,0.09508533463848927,0.02241581855226834,0.0013538606587579108,0.06925816516319186,0.002175482111306974,0.00527878773655959,1.1812174365941537e-07,0.046852437555446734,0.0006133769947348997,2.6864039797773756,0.0013450470408831222,0.15496336009475017,0.0009433631439677264,0.26180348528133945
1559,1559,0.013337210365416706,0.05138359422051843,0.31667847062576354,0.02171736515520432,0.029225945971019657,0.003457626890623316,0.0003661685274641151,0.06388080706627748,0.143220682205939,0.015557165094034322,3.7549059669570175,0.005785102664179983,0.21312655179320528,0.02469663639330239,0.33037971893177426
1560,1560,0.0009653780777431738,0.026136156609276685,0.005445617206202832,1.4078697828987837e-06,0.015455263842669171,0.0056234322850038446,0.014136895203497828,0.05424755927606856,0.00013825071877992577,0.0015651384895254204,1.6826422300830801,0.013529143894635944,0.10034522803533084,0.0024054297914940055,0.22499228440429225
1561,1561,0.0027473123979949252,0.044873504382900206,0.012378458249884322,0.0009340580541540899,0.03897440697755293,0.005028728545456604,0.003318998323520459,0.00020680112154794987,0.002345512534715075,0.0006367189932433732,1.457278628119627,0.0011006350848367314,0.08402214120220393,0.00045933377979660346,0.14437999651773528
1562,1562,0.05044102766475597,0.17954267911384053,0.2533858256471359,0.05589423265878504,0.17172015406172797,0.008907467607771781,0.014121464795903281,0.009942163900862269,0.002681796917290471,0.014349126088995735,2.4279802912735957,0.008369665638979938,0.12790124882548098,0.05856244216375408,0.07180262571683535
1563,1563,0.09951840195463252,0.03539330049704436,0.024500110101865015,0.08582634553835655,0.06589486996053595,0.0019212352366626934,1.0023932183532248e-05,0.028322602746793848,0.004367284587260117,0.0002712554096772787,0.1671684971127018,0.001091858596050769,0.014246041684307244,1.4200995331930387e-07,0.1526734506934896
1564,1564,0.014928434642833192,0.005155142222901843,0.0008118650920469349,0.01918447818499616,0.009830804541202873,0.0009242638930451442,0.00015692201852195576,0.025883994965423297,0.01894487174721292,5.700749868760733e-05,1.388194891143337,0.016474954984776514,0.08552293844465265,0.010802476206564163,0.24382825021720178
1565,1565,0.3129477457461652,0.32997453628587603,0.5311507648643786,0.3550765901416705,0.30422390005974387,0.003847917424833138,0.009113197839308588,0.16209229251520496,2.07645766801348e-05,0.0011179342869316602,0.2533654418813329,0.0005973477183077208,0.005836859043733261,4.9018651019515915e-05,0.15136666661629028
1566,1566,0.011598326376201817,0.00678504902783108,0.13764288921339532,0.0062981882398507015,0.0006420322080137587,0.0010934989394782784,0.0027567699372522147,0.0440274098423662,0.11637392904099596,0.000538293318624113,3.280661821882234,0.0014446829798977167,0.19713935407530123,0.0010223091489422681,0.45962899579266236
