run_id,timestamp,actual_label_offline_only,phase,model_risk,t2,q_spe,ewma_alert,cusum_alert,mspc_alert,top_contributing_anonymous_variables,review_priority,review_priority_score
0,2008-07-19 11:55:00,0,phase_i,0.0949030594655223,4.36528781706624,0.1939942517424021,False,False,False,sensor_030; sensor_345; sensor_059,routine,0.6949585194639438
1,2008-07-19 12:32:00,0,phase_i,0.0974854737756373,1.464461335226051,0.4032569542828791,False,False,False,sensor_014; sensor_030; sensor_029,medium,0.7070835992342055
2,2008-07-19 13:17:00,1,phase_i,0.6608826349862239,2.978133436265519,1.423779356806638,False,False,False,sensor_059; sensor_345; sensor_014,high,0.971282705807275
3,2008-07-19 14:43:00,0,phase_i,0.0847425253192516,468.32535097490864,0.6902354749063457,True,True,True,sensor_556; sensor_553; sensor_059,routine,0.6426292278238672
4,2008-07-19 15:22:00,0,phase_i,0.1332622567784181,7.519256245498539,1.9293409765749383,True,True,False,sensor_059; sensor_345; sensor_285,medium,0.8353541799617102
5,2008-07-19 17:53:00,0,phase_i,0.1276587537978277,6.453831529833019,3.211009608098564,True,True,False,sensor_059; sensor_345; sensor_029,medium,0.8162093171665603
6,2008-07-19 19:44:00,0,phase_i,0.0860945331214925,2.926906204874405,0.6995733565751953,True,True,False,sensor_030; sensor_029; sensor_553,routine,0.6509253350350989
7,2008-07-19 19:45:00,0,phase_i,0.1726822791559414,13.681341882968969,3.0433018054777548,True,True,False,sensor_014; sensor_059; sensor_345,medium,0.8921506062539886
8,2008-07-19 20:24:00,0,phase_i,0.2496265795281559,10.824637233434249,2.520195188409442,True,True,False,sensor_014; sensor_059; sensor_345,high,0.9368219527760051
9,2008-07-19 21:35:00,0,phase_i,0.1319475507404455,5.387499259923212,1.904143462142302,True,True,False,sensor_059; sensor_345; sensor_150,medium,0.8296107211231653
10,2008-07-19 21:57:00,1,phase_i,0.6951191026494793,30.78537571797299,1.047313570934299,True,True,False,sensor_059; sensor_345; sensor_150,high,0.9859604339502234
11,2008-07-19 22:52:00,1,phase_i,0.7067685705676504,3.802678921275931,2.147727250144309,True,True,False,sensor_059; sensor_345; sensor_014,high,0.9891512444160817
12,2008-07-20 03:35:00,0,phase_i,0.1343195230553853,3.4538796354201184,0.5903877649404063,True,True,False,sensor_059; sensor_345; sensor_014,medium,0.8366305041480536
13,2008-07-21 08:21:00,0,phase_i,0.0590856956372058,2.981514840232587,0.9975547286796176,False,True,False,sensor_014; sensor_030; sensor_029,routine,0.46649649010848754
14,2008-07-21 11:53:00,1,phase_i,0.7350588075996406,52.520501621719255,0.3982848226991887,True,True,False,sensor_014; sensor_150; sensor_059,high,0.99617102744097
15,2008-07-22 00:03:00,0,phase_i,0.170854254912493,27.99057041818713,2.145355631258564,True,True,False,sensor_014; sensor_285; sensor_150,medium,0.8915124441608169
16,2008-07-22 02:59:00,0,phase_i,0.0595760077884345,2.036907099173674,2.024672396973255,True,True,False,sensor_014; sensor_059; sensor_345,routine,0.47032546266751757
17,2008-07-22 08:41:00,0,phase_i,0.0344690247914269,1.33922541944643,0.8914117257358737,True,True,False,sensor_030; sensor_345; sensor_059,routine,0.29738353541799617
18,2008-07-22 11:47:00,0,phase_i,0.0316047388017574,3.8737669062782656,0.1869797430098887,True,True,False,sensor_059; sensor_345; sensor_553,routine,0.29419272495213783
19,2008-07-22 14:00:00,0,phase_i,0.156451349019134,3.598966588785173,1.230919428663665,True,True,False,sensor_059; sensor_345; sensor_014,medium,0.8704530950861519
20,2008-07-22 15:30:00,0,phase_i,0.0826990312046712,2.1941649421475447,1.4007529045545977,False,True,False,sensor_014; sensor_150; sensor_285,routine,0.6266751754945756
21,2008-07-23 05:15:00,0,phase_i,0.0557943093168668,5.4984018159325165,0.947752590641766,False,True,False,sensor_014; sensor_030; sensor_345,routine,0.4403318442884493
22,2008-07-23 19:22:00,0,phase_i,0.0917738711582578,11.004751840542845,0.7509566547967733,True,True,False,sensor_059; sensor_345; sensor_030,routine,0.6828334396936822
23,2008-07-25 15:23:00,1,phase_i,0.7253035623315829,28.643548187305928,1.7796246617049003,True,True,False,sensor_014; sensor_150; sensor_285,high,0.9948947032546267
24,2008-07-27 04:18:00,0,phase_i,0.1583870275668298,29.832242242823163,0.4987148859062763,True,True,False,sensor_014; sensor_285; sensor_345,medium,0.8730057434588385
25,2008-07-27 09:37:00,0,phase_i,0.1242902319843132,26.846451804627847,0.444434530713033,True,True,False,sensor_059; sensor_345; sensor_014,medium,0.8066368857689853
26,2008-07-27 11:10:00,0,phase_i,0.0472565483443328,5.266609026213143,0.6055904921829871,True,True,False,sensor_059; sensor_345; sensor_014,routine,0.37396298659859606
27,2008-07-27 15:46:00,0,phase_i,0.1772224018054754,5.943243249431081,0.8195355237887281,True,True,False,sensor_059; sensor_345; sensor_014,medium,0.8972559029993619
28,2008-07-27 16:06:00,0,phase_i,0.1825134578919343,5.009931897237346,0.4374329611528119,True,True,False,sensor_014; sensor_059; sensor_345,high,0.9029993618379069
29,2008-07-27 16:49:00,0,phase_i,0.1620979250434742,2.683917272143772,0.562310014764974,True,True,False,sensor_059; sensor_345; sensor_029,medium,0.8793873643905552
30,2008-07-27 20:24:00,0,phase_i,0.1069362880303874,3.083746032565773,3.242696444075482,True,True,False,sensor_059; sensor_345; sensor_014,medium,0.7562220804084238
31,2008-07-27 22:28:00,0,phase_i,0.1256693854204952,4.244808387725564,0.3045122880975597,False,True,False,sensor_059; sensor_345; sensor_553,medium,0.811104020421187
32,2008-07-27 22:28:00,0,phase_i,0.0832159020162382,7.059258255218258,0.6556076877906901,False,True,False,sensor_059; sensor_345; sensor_014,routine,0.6324186343331206
33,2008-07-27 23:14:00,0,phase_i,0.1161519947410893,28.696034620275583,0.8366128084222831,True,True,False,sensor_014; sensor_150; sensor_553,medium,0.7855775366943204
34,2008-07-28 03:31:00,0,phase_i,0.2453437073116381,2.1936370989469034,1.2777659628100773,True,True,False,sensor_029; sensor_059; sensor_345,high,0.9349074664964901
35,2008-07-28 03:48:00,0,phase_i,0.1028236215789535,4.958178530408306,0.9676760878981592,False,True,False,sensor_059; sensor_345; sensor_014,medium,0.7364390555201021
36,2008-07-28 04:37:00,0,phase_i,0.1805564555669533,54.49555402157178,0.258787845013421,True,True,False,sensor_030; sensor_029; sensor_553,high,0.9004467134652202
37,2008-07-28 05:36:00,0,phase_i,0.1393995977341338,2.166576020164695,0.6277404392800987,True,True,False,sensor_014; sensor_059; sensor_345,medium,0.8481174218251436
38,2008-07-28 06:45:00,1,phase_i,0.6847008706583559,183.1334495063113,0.8971801180847626,True,True,True,sensor_014; sensor_059; sensor_345,high,0.9808551372048501
39,2008-07-28 08:36:00,0,phase_i,0.0988368877155881,4.347889649098706,2.651810505877216,True,True,False,sensor_059; sensor_345; sensor_014,medium,0.7153797064454371
40,2008-07-28 15:11:00,1,phase_i,0.7039238234060987,1.732970688843731,1.510821774660741,True,True,False,sensor_014; sensor_059; sensor_345,high,0.9878749202297383
41,2008-07-28 23:57:00,0,phase_i,0.0566940859912516,3.173302811834493,0.3778518055305875,True,True,False,sensor_030; sensor_029; sensor_059,routine,0.4454371410338226
42,2008-07-29 04:08:00,0,phase_i,0.0872069679841913,1.412706910423133,1.6592130760426158,True,True,False,sensor_014; sensor_285; sensor_030,routine,0.6566687938736439
43,2008-07-29 05:16:00,0,phase_i,0.1255142597418811,2.7843265708302165,1.0593435706660677,True,True,False,sensor_059; sensor_345; sensor_014,medium,0.8091895341416719
44,2008-07-29 06:19:00,0,phase_i,0.208419153774806,8.771741497426461,0.8479995312968883,True,True,False,sensor_014; sensor_029; sensor_030,high,0.9176770899808552
45,2008-07-29 08:23:00,1,phase_i,0.6810731851321643,2.2512866812219325,0.6575216407690417,True,True,False,sensor_014; sensor_285; sensor_553,high,0.9795788130185067
46,2008-07-29 11:47:00,0,phase_i,0.2217631846532874,32.19810351916572,1.687343356406568,True,True,False,sensor_014; sensor_150; sensor_553,high,0.9259731971920868
47,2008-07-29 15:41:00,0,phase_i,0.2013402243108144,9.243673437441265,2.572627619225394,True,True,False,sensor_014; sensor_285; sensor_059,high,0.9125717932354818
48,2008-07-29 15:49:00,1,phase_i,0.690431819120616,2.9643038430265416,2.9133831366124565,True,True,False,sensor_059; sensor_345; sensor_030,high,0.9840459476707084
49,2008-07-29 17:05:00,1,phase_i,0.6568878602988774,2.417235046039376,2.7527288692704683,False,True,False,sensor_014; sensor_059; sensor_345,high,0.9700063816209317
50,2008-07-29 18:08:00,1,phase_i,0.6175673180660602,2.9126935893459205,2.613312538056939,False,True,False,sensor_059; sensor_345; sensor_014,high,0.9540523292916401
51,2008-07-29 21:07:00,0,phase_i,0.2150255289993403,41.03261101500934,0.4758597082853245,True,True,False,sensor_150; sensor_059; sensor_345,high,0.9234205488194002
52,2008-07-29 23:14:00,0,phase_i,0.1448118188513695,5.163130813555288,1.2220673659494377,True,True,False,sensor_014; sensor_285; sensor_150,medium,0.8570516911295469
53,2008-07-29 23:19:00,0,phase_i,0.0286093967898955,7.1603619339576685,0.5498140810930748,True,True,False,sensor_014; sensor_285; sensor_059,routine,0.43714103382259095
54,2008-07-30 06:30:00,0,phase_i,0.2510350379595241,10.312343417403412,0.9808991746362088,True,True,False,sensor_014; sensor_059; sensor_345,high,0.9374601148691768
55,2008-07-30 07:08:00,0,phase_i,0.2185148884139052,4.370007346921459,0.8361679744416339,True,True,False,sensor_059; sensor_345; sensor_014,high,0.9240587109125717
56,2008-07-30 12:02:00,0,phase_i,0.0771604835358834,4.42891964738383,2.4308840567633747,False,True,False,sensor_059; sensor_345; sensor_014,routine,0.5998723675813656
57,2008-07-30 12:29:00,1,phase_i,0.6754823858389689,57.64150641780911,1.242672670301882,True,True,False,sensor_059; sensor_345; sensor_014,high,0.97702616464582
58,2008-07-30 21:16:00,1,phase_i,0.6310528109913061,12.05508470243773,0.7016832910420779,True,True,False,sensor_029; sensor_059; sensor_345,high,0.9591576260370134
59,2008-07-31 13:57:00,0,phase_i,0.0965406765240563,1.8572785674618733,1.143962688725069,True,True,False,sensor_014; sensor_285; sensor_150,medium,0.7019783024888322
60,2008-07-31 15:36:00,0,phase_i,0.2707638819592403,1.7952704893261693,2.3247916510129074,True,True,False,sensor_014; sensor_285; sensor_150,high,0.9393746011486918
61,2008-07-31 17:07:00,0,phase_i,0.2199812349713067,29.769170433201523,0.2302871408441179,True,True,False,sensor_014; sensor_029; sensor_030,high,0.9246968730057434
62,2008-07-31 20:18:00,1,phase_i,0.6850944880492594,3.265728801401878,1.1539339019186936,True,True,False,sensor_059; sensor_345; sensor_014,high,0.9821314613911933
63,2008-08-01 02:02:00,0,phase_i,0.0762604114507055,6.785655100769395,0.5346836743358191,True,True,False,sensor_014; sensor_150; sensor_059,routine,0.5947670708359923
64,2008-08-01 05:52:00,1,phase_i,0.6482829809807376,2.0507863723363005,1.3018372037592083,True,True,False,sensor_014; sensor_285; sensor_150,high,0.967453733248245
65,2008-08-01 10:20:00,0,phase_i,0.084000653170383,1.7239481173808904,0.6649863189073975,True,True,False,sensor_059; sensor_345; sensor_285,routine,0.6368857689853222
66,2008-08-01 10:26:00,0,phase_i,0.0963644198229016,4.508280029847935,1.984619039328385,False,True,False,sensor_014; sensor_059; sensor_150,medium,0.7007019783024888
67,2008-08-01 11:28:00,0,phase_i,0.1377217207221437,9.68149370475697,2.11995591528932,True,True,False,sensor_014; sensor_150; sensor_285,medium,0.8436502871729419
68,2008-08-01 12:29:00,0,phase_i,0.115426959912776,9.9096545938382,0.7313420514549007,True,True,False,sensor_014; sensor_150; sensor_059,medium,0.7830248883216337
69,2008-08-01 14:07:00,0,phase_i,0.1267462591848718,4.732309175581103,0.870539890713695,True,True,False,sensor_014; sensor_150; sensor_030,medium,0.8136566687938737
70,2008-08-01 15:10:00,0,phase_i,0.2034220096065516,6.621261024350267,1.598275618596491,True,True,False,sensor_014; sensor_059; sensor_345,high,0.9151244416081685
71,2008-08-02 03:39:00,0,phase_i,0.2055869363733044,3.7898198876195446,1.8547840904968813,True,True,False,sensor_059; sensor_345; sensor_014,high,0.9164007657945118
72,2008-08-03 13:09:00,0,phase_i,0.123393288385913,29.818735068535247,0.4695553352927054,True,True,False,sensor_059; sensor_345; sensor_014,medium,0.8040842373962986
73,2008-08-03 14:06:00,0,phase_i,0.1991833252855734,2.6311954463979497,1.9033431357846975,True,True,False,sensor_014; sensor_059; sensor_345,high,0.9112954690491385
74,2008-08-03 14:25:00,0,phase_i,0.1111925244468958,5.164681665787049,3.175579797565579,True,True,False,sensor_014; sensor_285; sensor_059,medium,0.7715379706445438
75,2008-08-03 15:03:00,0,phase_i,0.084777936167196,3.34318824251813,0.5562108745662995,True,True,False,sensor_059; sensor_345; sensor_553,routine,0.6432673899170389
76,2008-08-03 15:27:00,0,phase_i,0.1281451477156194,6.719803572507789,2.5511136410993576,True,True,False,sensor_014; sensor_059; sensor_345,medium,0.8181238034460753
77,2008-08-03 16:00:00,0,phase_i,0.1761509852436745,2.184628326975394,2.6176628224083487,True,True,False,sensor_014; sensor_150; sensor_285,medium,0.8966177409061902
78,2008-08-03 17:00:00,0,phase_i,0.1439798724681644,2.1334547777551043,2.7722481867087105,False,True,False,sensor_029; sensor_030; sensor_021,medium,0.8551372048500319
79,2008-08-03 17:58:00,0,phase_i,0.0872200188764834,2.831149704212282,2.395462488518754,True,True,False,sensor_014; sensor_059; sensor_345,routine,0.6573069559668155
80,2008-08-03 20:23:00,0,phase_i,0.1707809224574085,3.0015630357257788,0.3271661016465887,False,True,False,sensor_014; sensor_150; sensor_553,medium,0.8908742820676452
81,2008-08-03 22:52:00,0,phase_i,0.2134961630897713,3.3422917769373623,0.5071473891815235,False,True,False,sensor_014; sensor_059; sensor_345,high,0.9227823867262285
82,2008-08-04 00:39:00,1,phase_i,0.7304853242469828,1.9453465639118463,1.3663315481219305,False,True,False,sensor_014; sensor_150; sensor_285,high,0.9955328653477984
83,2008-08-04 03:45:00,0,phase_i,0.1329303489622072,4.606710051651156,2.1213527236026293,False,True,False,sensor_059; sensor_345; sensor_014,medium,0.8321633694958519
84,2008-08-04 03:49:00,0,phase_i,0.2343752747459754,8.830912382677218,0.1387016700060341,False,True,False,sensor_029; sensor_030; sensor_553,high,0.9310784939374601
85,2008-08-04 13:19:00,0,phase_i,0.0329875241864177,6.309653226687713,2.2512415350110437,False,True,False,sensor_014; sensor_059; sensor_030,routine,0.46139119336311424
86,2008-08-04 14:04:00,0,phase_i,0.0492852718579747,6.032654001153898,1.6174186673249449,True,True,False,sensor_059; sensor_345; sensor_030,routine,0.4588385449904276
87,2008-08-04 14:31:00,0,phase_i,0.1330354237032744,3.4612572236923778,3.883105584529925,False,True,False,sensor_014; sensor_059; sensor_345,medium,0.8334396936821953
88,2008-08-04 15:29:00,0,phase_i,0.075131882772605,6.484880279971427,3.1655567891360032,False,True,False,sensor_014; sensor_059; sensor_345,routine,0.5851946394384173
89,2008-08-04 16:15:00,0,phase_i,0.0822477074873656,3.1335023065506635,0.672911719698438,False,True,False,sensor_059; sensor_345; sensor_029,routine,0.6234843650287173
90,2008-08-04 16:31:00,0,phase_i,0.1092786286555252,3.383314929724352,2.476830601741591,False,True,False,sensor_014; sensor_059; sensor_345,medium,0.767070835992342
91,2008-08-04 17:11:00,0,phase_i,0.1090674812868806,31.36767592836521,0.0729267956080126,True,True,False,sensor_014; sensor_553; sensor_285,medium,0.7645181876196554
92,2008-08-04 17:46:00,0,phase_i,0.1329875971639124,4.8327566919979805,0.3030409052764345,False,True,False,sensor_030; sensor_014; sensor_029,medium,0.8328015315890236
93,2008-08-04 18:24:00,0,phase_i,0.124279513013733,7.982490855238133,2.0154889492371386,True,True,False,sensor_059; sensor_345; sensor_030,medium,0.8059987236758137
94,2008-08-04 19:58:00,0,phase_i,0.068076498139598,236.3387591557931,1.448595340991486,True,True,True,sensor_014; sensor_285; sensor_059,routine,0.5341416719846841
95,2008-08-04 20:32:00,0,phase_i,0.1083396798454706,5.918115862973967,1.1149164467414243,True,True,False,sensor_059; sensor_345; sensor_285,medium,0.7626037013401404
96,2008-08-04 20:58:00,1,phase_i,0.6884760200408617,31.498637969704863,0.4630694293194101,True,True,False,sensor_014; sensor_150; sensor_285,high,0.982769623484365
97,2008-08-04 21:43:00,0,phase_i,0.1084483449203148,5.629863700859205,3.229122391782157,True,True,False,sensor_014; sensor_059; sensor_345,medium,0.763241863433312
98,2008-08-04 22:51:00,0,phase_i,0.1291687299763593,3.0605650349446605,1.5298012750577572,True,True,False,sensor_059; sensor_345; sensor_014,medium,0.8213146139119336
99,2008-08-04 23:33:00,0,phase_i,0.1659979033448768,50.54503197136677,0.7118696750646283,True,True,False,sensor_059; sensor_345; sensor_150,medium,0.8838544990427568
100,2008-08-05 00:04:00,0,phase_i,0.0545381594109803,5.382668417440246,2.087563180873515,True,True,False,sensor_014; sensor_059; sensor_345,routine,0.49840459476707083
101,2008-08-05 01:12:00,0,phase_i,0.0600864077328054,11.6897441807627,1.409857336732905,True,True,False,sensor_059; sensor_345; sensor_014,routine,0.4971282705807275
102,2008-08-05 02:15:00,0,phase_i,0.1075536210100358,16.844484694240087,0.3639045540123228,True,True,False,sensor_059; sensor_345; sensor_029,medium,0.757498404594767
103,2008-08-05 02:36:00,0,phase_i,0.0715777500004408,5.798439578050038,1.868467910258412,True,True,False,sensor_059; sensor_345; sensor_014,routine,0.5603063178047224
104,2008-08-05 02:45:00,0,phase_i,0.1612332373406272,4.77377675693235,2.2854234323546856,True,True,False,sensor_059; sensor_345; sensor_014,medium,0.8781110402042118
105,2008-08-05 03:17:00,0,phase_i,0.1596577634198858,3.0153911854029958,2.1463623026894214,True,True,False,sensor_059; sensor_345; sensor_029,medium,0.8761965539246969
106,2008-08-05 03:36:00,0,phase_i,0.1569477930133333,8.750156119246444,0.6726945824423188,True,True,False,sensor_059; sensor_345; sensor_014,medium,0.8710912571793236
107,2008-08-05 03:54:00,0,phase_i,0.0978596085624743,6.71109941629329,1.8211728112074317,True,True,False,sensor_059; sensor_345; sensor_014,medium,0.7115507338864071
108,2008-08-05 04:32:00,0,phase_i,0.1367996530029255,6.057765308436126,1.392493503356851,True,True,False,sensor_059; sensor_345; sensor_285,medium,0.8417358008934269
109,2008-08-05 04:35:00,0,phase_i,0.1153617363491899,6.043240581647156,1.029963113640859,True,True,False,sensor_059; sensor_345; sensor_014,medium,0.7817485641352904
110,2008-08-05 05:11:00,0,phase_i,0.1948422330199152,5.208365143530288,1.2925868063060992,True,True,False,sensor_059; sensor_345; sensor_014,high,0.9074664964901085
111,2008-08-05 06:10:00,0,phase_i,0.0881075749787508,6.711634465905937,1.7337948965826293,True,True,False,sensor_059; sensor_345; sensor_030,routine,0.6611359285258456
112,2008-08-05 06:11:00,0,phase_i,0.1459280651326132,2.2142246694482868,2.5767123509925804,True,True,False,sensor_014; sensor_059; sensor_345,medium,0.8589661774090619
113,2008-08-05 06:21:00,0,phase_i,0.0860605586281882,1.9180984611851333,2.4706688481549754,True,True,False,sensor_014; sensor_285; sensor_059,routine,0.6502871729419273
114,2008-08-05 07:12:00,0,phase_i,0.189306052237913,4.461604983474677,1.2486754670008948,True,True,False,sensor_059; sensor_345; sensor_014,high,0.9061901723037652
115,2008-08-05 07:12:00,1,phase_i,0.6885365929936327,71.10614142108075,1.6139112695030493,True,True,False,sensor_059; sensor_345; sensor_553,high,0.9834077855775367
116,2008-08-05 07:48:00,0,phase_i,0.1380027049098258,9.961268436278331,3.3404039537418573,True,True,False,sensor_014; sensor_150; sensor_030,medium,0.8449266113592853
117,2008-08-05 08:50:00,0,phase_i,0.1826798673058177,3.195385067530779,3.384417652446112,True,True,False,sensor_014; sensor_059; sensor_345,high,0.9036375239310785
118,2008-08-05 09:48:00,0,phase_i,0.1185000887621871,3.041039913172775,1.8118153105367651,True,True,False,sensor_059; sensor_345; sensor_014,medium,0.7932354818123803
119,2008-08-05 14:17:00,0,phase_i,0.2414953460360288,3.8346519788000464,0.2167938177292148,True,True,False,sensor_030; sensor_029; sensor_014,high,0.9342693044033185
120,2008-08-05 14:45:00,0,phase_i,0.0819638167046023,17.498971415148286,1.4564718985219038,True,True,False,sensor_285; sensor_150; sensor_014,routine,0.6228462029355456
121,2008-08-05 15:45:00,0,phase_i,0.2025919560173878,1.826174494293892,0.504338370540913,True,True,False,sensor_014; sensor_030; sensor_029,high,0.9144862795149968
122,2008-08-05 20:04:00,0,phase_i,0.0598043092448687,1.7242456102510006,0.6566505187615436,False,True,False,sensor_059; sensor_345; sensor_553,routine,0.4728781110402042
123,2008-08-05 21:07:00,0,phase_i,0.1241388244298955,3.456843472736829,3.7198702104845207,False,True,False,sensor_014; sensor_285; sensor_150,medium,0.805360561582642
124,2008-08-05 21:22:00,0,phase_i,0.118885566423917,10.456338053598843,2.1826426569751254,True,True,False,sensor_014; sensor_059; sensor_345,medium,0.793873643905552
125,2008-08-05 23:02:00,0,phase_i,0.2277737168169029,7.854969123748729,1.4611799046342695,True,True,False,sensor_014; sensor_150; sensor_030,high,0.9291640076579452
126,2008-08-05 23:06:00,0,phase_i,0.1190613991479709,5.411603889338234,0.2468597757236809,True,True,False,sensor_030; sensor_014; sensor_285,medium,0.7951499680918953
127,2008-08-05 23:38:00,0,phase_i,0.2240972619424661,4.574725438385407,2.9502931164319746,False,True,False,sensor_014; sensor_059; sensor_345,high,0.9266113592852585
128,2008-08-06 00:04:00,0,phase_i,0.1466751886156765,7.378518107000094,2.050970147809121,False,True,False,sensor_014; sensor_030; sensor_059,medium,0.8602425015954053
129,2008-08-06 02:20:00,0,phase_i,0.2085764250107087,2.840343252428157,0.9175691157016368,False,True,False,sensor_014; sensor_059; sensor_345,high,0.9189534141671984
130,2008-08-06 03:22:00,0,phase_i,0.0624396705263057,1.6860181468090447,2.641347053907692,False,True,False,sensor_014; sensor_345; sensor_059,routine,0.49393746011486916
131,2008-08-06 05:40:00,1,phase_i,0.7070069267849106,1.3834599024629706,1.244656427999944,False,True,False,sensor_030; sensor_014; sensor_029,high,0.9897894065092534
132,2008-08-06 09:56:00,0,phase_i,0.1275857683716746,2.8761261081757583,0.4032807585079981,False,True,False,sensor_014; sensor_285; sensor_029,medium,0.8155711550733886
133,2008-08-06 09:57:00,0,phase_i,0.0812678243079448,4.80658889191644,2.034745466037827,False,True,False,sensor_059; sensor_345; sensor_030,routine,0.6196553924696873
134,2008-08-06 12:33:00,0,phase_i,0.1206318756541935,2.256740352813952,2.5717868017387064,False,True,False,sensor_014; sensor_059; sensor_345,medium,0.797702616464582
135,2008-08-06 13:35:00,0,phase_i,0.1584406752898731,3.1690328512095096,1.560101393920168,False,True,False,sensor_059; sensor_345; sensor_014,medium,0.8736439055520102
136,2008-08-06 17:35:00,0,phase_i,0.1423614278386101,5.528207615078355,1.9386502076252572,False,True,False,sensor_059; sensor_345; sensor_014,medium,0.8532227185705169
137,2008-08-06 18:00:00,0,phase_i,0.2100947949650345,6.579220723187721,2.879903863859546,False,True,False,sensor_014; sensor_150; sensor_059,high,0.9208679004467135
138,2008-08-06 18:34:00,0,phase_i,0.1280116810632836,3.839192891642128,2.832852315973412,True,True,False,sensor_014; sensor_059; sensor_345,medium,0.816847479259732
139,2008-08-06 19:13:00,0,phase_i,0.1298716232882673,5.5637093738045005,0.9334653869827134,True,True,False,sensor_059; sensor_345; sensor_030,medium,0.822590938098277
140,2008-08-06 19:24:00,0,phase_i,0.1178412921655156,2.90650052085657,2.352901344448112,True,True,False,sensor_014; sensor_059; sensor_345,medium,0.7925973197192087
141,2008-08-06 20:00:00,0,phase_i,0.1289578677199256,5.026981580102114,2.987647795032776,True,True,False,sensor_059; sensor_345; sensor_014,medium,0.8200382897255903
142,2008-08-06 20:17:00,0,phase_i,0.1224441550742555,10.177175357826671,1.762561773917407,True,True,False,sensor_014; sensor_150; sensor_345,medium,0.8002552648372687
143,2008-08-06 21:15:00,0,phase_i,0.1365620604269984,22.892717602076065,1.6939366138712435,True,True,False,sensor_059; sensor_345; sensor_030,medium,0.8404594767070837
144,2008-08-06 22:27:00,0,phase_i,0.2816325592282641,44.19092226074598,3.579486293995077,True,True,False,sensor_014; sensor_150; sensor_285,high,0.9412890874282067
145,2008-08-06 23:40:00,0,phase_i,0.2130954835784979,4.7617249760599005,0.9335566518270852,True,True,False,sensor_059; sensor_345; sensor_285,high,0.9221442246330568
146,2008-08-06 23:45:00,0,phase_i,0.1061549918761272,5.533883822664505,2.4240169103174853,True,True,False,sensor_014; sensor_059; sensor_345,medium,0.7530312699425654
147,2008-08-07 00:51:00,0,phase_i,0.1063744150822775,4.5730135745316165,1.787529809198954,False,True,False,sensor_014; sensor_029; sensor_059,medium,0.7543075941289088
148,2008-08-07 07:30:00,0,phase_i,0.1612148572131254,3.212370007977245,2.1660460954039062,False,True,False,sensor_059; sensor_345; sensor_029,medium,0.8774728781110402
149,2008-08-07 08:21:00,0,phase_i,0.1153676442731824,4.3832819035393005,3.750488119081981,False,True,False,sensor_059; sensor_345; sensor_014,medium,0.7823867262284621
150,2008-08-07 08:45:00,0,phase_i,0.0663784127813864,4.7521785851817455,0.858332073593973,False,True,False,sensor_059; sensor_345; sensor_285,routine,0.5220165922144224
151,2008-08-07 08:55:00,0,phase_i,0.0847833761292739,5.634170524372114,0.3790310149811937,True,True,False,sensor_014; sensor_150; sensor_285,routine,0.6439055520102106
152,2008-08-07 10:12:00,0,phase_i,0.0949604113836141,6.958882394855077,1.6422323192088988,False,True,False,sensor_059; sensor_345; sensor_014,routine,0.6962348436502872
153,2008-08-07 11:10:00,0,phase_i,0.1107534536969223,2.0564555032023093,1.746928098370288,False,True,False,sensor_014; sensor_345; sensor_059,medium,0.7702616464582004
154,2008-08-07 11:40:00,1,phase_i,0.6219416817938247,7.034145535356043,1.7414296818808876,False,True,False,sensor_014; sensor_059; sensor_345,high,0.9553286534779835
155,2008-08-08 04:55:00,0,phase_i,0.0755506745476551,4.499240692393521,1.3126719701452214,False,True,False,sensor_014; sensor_059; sensor_285,routine,0.5883854499042757
156,2008-08-08 07:26:00,0,phase_i,0.14957854948447,3.4607880752919487,1.876013871287683,False,True,False,sensor_014; sensor_285; sensor_150,medium,0.8634333120612636
157,2008-08-08 08:44:00,1,phase_i,0.6622968946303548,6.605305150180609,2.736852990346413,True,True,False,sensor_014; sensor_059; sensor_345,high,0.9719208679004467
158,2008-08-08 12:37:00,1,phase_i,0.5876473967671915,6.271186118305086,2.385317286246473,False,True,False,sensor_014; sensor_059; sensor_345,high,0.9470325462667517
159,2008-08-08 20:21:00,0,phase_i,0.1396177022536355,4.246879734187239,1.17718907137079,False,True,False,sensor_014; sensor_285; sensor_150,medium,0.8493937460114869
160,2008-08-08 21:22:00,0,phase_i,0.1311162742633347,23.32136414251205,0.6679379696129254,True,True,False,sensor_030; sensor_029; sensor_014,medium,0.8270580727504786
161,2008-08-08 21:53:00,0,phase_i,0.3726069858662034,1.8195823236580269,1.7287608193576054,False,True,False,sensor_014; sensor_285; sensor_150,high,0.9444798978940651
162,2008-08-08 22:06:00,0,phase_i,0.0882803228888419,2.962384133899626,0.236041442388341,False,True,False,sensor_014; sensor_553; sensor_285,routine,0.6630504148053605
163,2008-08-08 22:25:00,0,phase_i,0.1028507056705037,13.43860879989947,1.616822615713043,True,True,False,sensor_059; sensor_345; sensor_150,medium,0.7370772176132737
164,2008-08-09 02:15:00,0,phase_i,0.100973831229589,6.5721088515357815,0.8902120240688027,False,True,False,sensor_059; sensor_345; sensor_014,medium,0.7281429483088705
165,2008-08-09 02:37:00,0,phase_i,0.1455068516939584,1.6328702722731558,1.562355693479016,False,True,False,sensor_014; sensor_285; sensor_059,medium,0.8583280153158902
166,2008-08-09 06:05:00,0,phase_i,0.0992581226196234,3.2103542448789457,0.5353290244923496,False,True,False,sensor_030; sensor_059; sensor_345,medium,0.7192086790044672
167,2008-08-09 09:16:00,1,phase_i,0.7783922390031704,3.9517629919778106,1.1430319167255918,False,True,False,sensor_014; sensor_285; sensor_029,high,0.9974473516273133
168,2008-08-09 09:22:00,0,phase_i,0.1441877420657941,3.3781585905946887,1.374871187838568,False,True,False,sensor_014; sensor_150; sensor_059,medium,0.8557753669432036
169,2008-08-09 11:42:00,1,phase_i,0.7142896539514455,13.695398731328746,10.27773058013695,False,True,False,sensor_059; sensor_345; sensor_014,high,0.99234205488194
170,2008-08-09 17:34:00,0,phase_i,0.31324845679788,5.00254173036107,0.3956431962446003,False,True,False,sensor_014; sensor_285; sensor_059,high,0.9432035737077218
171,2008-08-09 19:03:00,0,phase_i,0.1556749496235032,2.641839492130336,1.3411540715070398,False,True,False,sensor_059; sensor_345; sensor_014,medium,0.8698149329929802
172,2008-08-09 20:04:00,0,phase_i,0.1502080836780796,8.203642942973888,1.57144261114106,False,True,False,sensor_014; sensor_029; sensor_030,medium,0.8653477983407786
173,2008-08-09 21:07:00,0,phase_i,0.1524790114945317,6.066369060779779,1.930371577207904,True,True,False,sensor_059; sensor_345; sensor_014,medium,0.8685386088066369
174,2008-08-09 22:15:00,0,phase_i,0.2347674869194142,5.3940652881144615,1.5080086671392994,True,True,False,sensor_014; sensor_285; sensor_150,high,0.9317166560306318
175,2008-08-09 22:37:00,0,phase_i,0.0992318768183875,4.5058286667394585,2.9059870853723173,True,True,False,sensor_014; sensor_059; sensor_345,medium,0.7185705169112955
176,2008-08-09 23:17:00,0,phase_i,0.0896420684034114,3.823482960461692,2.066307234950961,True,True,False,sensor_014; sensor_059; sensor_345,routine,0.6687938736439055
177,2008-08-09 23:34:00,0,phase_i,0.066819937106787,4.824569444999865,1.7895455490519008,True,True,False,sensor_014; sensor_059; sensor_345,routine,0.5264837268666241
178,2008-08-10 00:09:00,0,phase_i,0.0945351034395676,4.543974791933177,2.680945395741164,False,True,False,sensor_014; sensor_059; sensor_345,routine,0.6924058710912572
179,2008-08-10 00:46:00,0,phase_i,0.0870720776307936,5.182531735407896,0.9603272343992656,False,True,False,sensor_014; sensor_285; sensor_150,routine,0.6553924696873006
180,2008-08-10 06:00:00,1,phase_i,0.6771855102384089,3.919100235616993,0.1482334427537097,False,True,False,sensor_030; sensor_029; sensor_285,high,0.9776643267389917
181,2008-08-10 06:41:00,0,phase_i,0.0432678203485843,2.10489062513421,1.862594679822294,False,True,False,sensor_014; sensor_150; sensor_030,routine,0.3395022335673261
182,2008-08-10 07:01:00,1,phase_i,0.7789767421228254,4.895113970327157,1.8368072936239856,False,True,False,sensor_059; sensor_345; sensor_014,high,0.998085513720485
183,2008-08-10 11:16:00,0,phase_i,0.1283848829691524,30.103279631412548,1.929994424815065,False,True,False,sensor_059; sensor_345; sensor_014,medium,0.818761965539247
184,2008-08-10 11:49:00,0,phase_i,0.0537041357061766,4.936180535460891,0.4828888541526551,False,True,False,sensor_059; sensor_345; sensor_030,routine,0.4211869814932993
185,2008-08-10 12:22:00,0,phase_i,0.0678345597517025,5.599316657915818,0.3164292452450059,False,True,False,sensor_029; sensor_030; sensor_285,routine,0.5328653477983408
186,2008-08-10 15:59:00,1,phase_i,0.8097507113135147,54.945780901619386,0.3708379268720886,True,True,False,sensor_014; sensor_285; sensor_029,high,1.0
187,2008-08-10 19:07:00,0,phase_i,0.1625662012577131,0.864823299390284,0.4136259878061635,True,True,False,sensor_014; sensor_553; sensor_150,medium,0.8800255264837269
188,2008-08-10 20:07:00,1,phase_i,0.7059027208315234,3.2160528277665548,0.2484492132315872,True,True,False,sensor_059; sensor_345; sensor_014,high,0.98851308232291
189,2008-08-10 22:26:00,1,phase_i,0.6456294848207599,8.19178749110477,1.6622561425968865,False,True,False,sensor_014; sensor_059; sensor_345,high,0.9642629227823867
190,2008-08-11 03:06:00,0,phase_i,0.1307724110265839,2.812200145284959,2.4133398402201864,False,True,False,sensor_014; sensor_285; sensor_150,medium,0.8251435864709636
191,2008-08-11 04:09:00,0,phase_i,0.0676894131800161,2.9525085825837367,0.3107037705325606,False,True,False,sensor_030; sensor_029; sensor_059,routine,0.5322271857051691
192,2008-08-11 05:15:00,0,phase_i,0.1393979604061156,3.858640765354196,0.1858015647018304,False,True,False,sensor_030; sensor_029; sensor_059,medium,0.8474792597319719
193,2008-08-11 11:35:00,0,phase_i,0.1309372254814448,1.874192600975812,1.4897499692818557,False,True,False,sensor_059; sensor_345; sensor_014,medium,0.8264199106573069
194,2008-08-11 12:38:00,0,phase_i,0.0989035652987826,4.796534346590875,0.0968466867483698,False,True,False,sensor_059; sensor_345; sensor_150,medium,0.7160178685386088
195,2008-08-12 04:23:00,0,phase_i,0.1125102352174396,358.4732542833232,0.6330160166405778,True,True,True,sensor_059; sensor_345; sensor_030,medium,0.7740906190172304
196,2008-08-12 06:16:00,0,phase_i,0.1280502031112262,32.16642829972176,2.6608002156664234,True,True,False,sensor_059; sensor_345; sensor_014,medium,0.8174856413529037
197,2008-08-12 10:54:00,0,phase_i,0.0803342183971197,4.449749299069656,2.6123351145396803,True,True,False,sensor_014; sensor_059; sensor_345,routine,0.6158264199106573
198,2008-08-12 11:29:00,0,phase_i,0.0489831487489324,3.734185824744306,0.7394093561354944,True,True,False,sensor_059; sensor_345; sensor_029,routine,0.395022335673261
199,2008-08-12 12:04:00,0,phase_i,0.1303861862185988,4.268228842257253,0.4802658029094779,True,True,False,sensor_014; sensor_030; sensor_029,medium,0.8238672622846203
200,2008-08-13 02:48:00,0,phase_i,0.1229585838291971,2.321978815213497,1.363875554980034,True,True,False,sensor_014; sensor_285; sensor_150,medium,0.8021697511167837
201,2008-08-15 03:26:00,0,phase_i,0.0793023922969518,4.364119122745768,2.181314275956237,False,True,False,sensor_059; sensor_345; sensor_014,routine,0.6107211231652839
202,2008-08-15 04:14:00,0,phase_i,0.1752901529194857,11.409922641850214,2.3163092767640148,False,True,False,sensor_014; sensor_029; sensor_285,medium,0.8953414167198468
203,2008-08-15 05:13:00,0,phase_i,0.129575573577724,4.831758805189837,0.7340980698782757,True,True,False,sensor_059; sensor_345; sensor_014,medium,0.8219527760051053
204,2008-08-15 09:38:00,0,phase_i,0.0634338076641642,3.152221050760448,0.722660067236456,False,True,False,sensor_014; sensor_150; sensor_285,routine,0.5009572431397575
205,2008-08-15 10:14:00,0,phase_i,0.0855233965983089,7.457355840341657,1.2557064889709653,False,True,False,sensor_014; sensor_285; sensor_150,routine,0.6470963624760689
206,2008-08-15 11:42:00,0,phase_i,0.0828783298118375,5.098636788700024,0.1461737862464519,False,True,False,sensor_150; sensor_553; sensor_550,routine,0.6279514996809189
207,2008-08-15 18:19:00,0,phase_i,0.1374725286978562,3.0240266749365445,1.4646264943047664,False,True,False,sensor_059; sensor_345; sensor_014,medium,0.8423739629865986
208,2008-08-15 19:19:00,0,phase_i,0.0538315605736664,2.890121568614033,0.6931885202171895,False,True,False,sensor_014; sensor_150; sensor_285,routine,0.42246330567964263
209,2008-08-15 20:00:00,0,phase_i,0.2332131373680259,3.3315858565454484,0.9523340686142328,False,True,False,sensor_059; sensor_345; sensor_014,high,0.9304403318442884
210,2008-08-15 20:03:00,0,phase_i,0.1023749205282522,5.495321795123071,1.6770111075163512,False,True,False,sensor_059; sensor_345; sensor_014,medium,0.7351627313337588
211,2008-08-15 23:31:00,0,phase_i,0.0437513930094639,5.381087096109618,0.6075027671766992,False,True,False,sensor_014; sensor_285; sensor_553,routine,0.3497128270580728
212,2008-08-16 02:21:00,0,phase_i,0.1314956714605394,2.5330488754934266,2.834067879129706,False,True,False,sensor_059; sensor_345; sensor_029,medium,0.828334396936822
213,2008-08-16 05:47:00,0,phase_i,0.0627778960262877,5.319686296879786,2.2040563697363824,False,True,False,sensor_014; sensor_150; sensor_059,routine,0.4958519463943842
214,2008-08-16 06:52:00,0,phase_i,0.1143227334748931,2.4140312404865045,2.3859788495780325,False,True,False,sensor_059; sensor_345; sensor_029,medium,0.7798340778557754
215,2008-08-16 07:33:00,0,phase_i,0.0667816767375587,2.414007931207177,0.6492735250199594,False,True,False,sensor_059; sensor_345; sensor_030,routine,0.5258455647734525
216,2008-08-16 08:39:00,0,phase_i,0.3008266002208584,4.789792419981736,0.4697484068118837,False,True,False,sensor_059; sensor_345; sensor_029,high,0.9425654116145501
217,2008-08-16 08:41:00,0,phase_i,0.1479302788686759,3.488659617119246,0.2872939071985554,False,True,False,sensor_553; sensor_059; sensor_029,medium,0.8621569878749202
218,2008-08-16 09:44:00,1,phase_i,0.647384018081021,6.365299591390971,2.499669991990399,False,True,False,sensor_059; sensor_345; sensor_014,high,0.9668155711550734
219,2008-08-16 13:51:00,0,phase_i,0.102548475804692,2.5010809177335096,0.5022055817492632,False,True,False,sensor_014; sensor_285; sensor_150,medium,0.7358008934269304
220,2008-08-16 14:30:00,0,phase_i,0.0460558521421044,3.414854614451849,0.1481079951643999,False,True,False,sensor_014; sensor_285; sensor_150,routine,0.3503509891512444
221,2008-08-16 15:16:00,0,phase_i,0.1474844950006307,2.052865973366865,0.3923519081836668,False,True,False,sensor_014; sensor_285; sensor_150,medium,0.8608806636885769
222,2008-08-16 15:19:00,1,phase_i,0.6969034084901615,3.4090052078889665,0.9863043400259212,False,True,False,sensor_059; sensor_345; sensor_029,high,0.9865985960433951
223,2008-08-16 23:48:00,0,phase_i,0.1646375324250165,5.0558709128798975,1.6025316288197449,False,True,False,sensor_059; sensor_345; sensor_014,medium,0.8825781748564135
224,2008-08-17 00:52:00,0,phase_i,0.0802123145518853,2.4776874933877537,0.107146428489972,False,True,False,sensor_014; sensor_150; sensor_059,routine,0.6151882578174857
225,2008-08-17 01:53:00,0,phase_i,0.1331389535822277,3.4601141379851508,0.2583503946265282,False,True,False,sensor_059; sensor_345; sensor_030,medium,0.8347160178685387
226,2008-08-17 03:17:00,0,phase_i,0.1832947280367615,1.9893509423285207,0.1258389945329086,False,True,False,sensor_029; sensor_030; sensor_059,high,0.9042756860242501
227,2008-08-17 03:18:00,0,phase_i,0.2737623268920161,7.203436346404772,1.0514665755806474,False,True,False,sensor_059; sensor_345; sensor_014,high,0.9400127632418634
228,2008-08-17 03:46:00,0,phase_i,0.1502826341938258,6.292353384085485,0.2726738725700893,False,True,False,sensor_059; sensor_345; sensor_014,medium,0.8659859604339503
229,2008-08-17 04:19:00,0,phase_i,0.2106734278577962,5.402734391089535,1.6041758529841224,False,True,False,sensor_059; sensor_345; sensor_553,high,0.9215060625398851
230,2008-08-17 05:21:00,0,phase_i,0.1090752871689449,4.357617990340296,1.1690326269827251,False,False,False,sensor_059; sensor_345; sensor_014,medium,0.7651563497128271
231,2008-08-17 12:16:00,1,phase_i,0.6795890948959826,5.162253661698768,0.4366724614071616,False,False,False,sensor_029; sensor_030; sensor_059,high,0.9783024888321634
232,2008-08-17 13:34:00,0,phase_i,0.0516380620815611,3.177604314767833,1.1618908613617558,False,False,False,sensor_059; sensor_345; sensor_029,routine,0.40587109125717935
233,2008-08-17 14:21:00,0,phase_i,0.0508987181150797,8.636621878329978,0.7813093863973036,False,False,False,sensor_014; sensor_059; sensor_345,routine,0.398851308232291
234,2008-08-17 15:25:00,0,phase_i,0.0501775189669271,5.7645841254135455,1.245232915893036,False,False,False,sensor_014; sensor_059; sensor_345,routine,0.39246968730057435
235,2008-08-17 21:26:00,1,phase_i,0.6465047476752751,2.4739880020305067,1.4545096531975856,False,False,False,sensor_059; sensor_345; sensor_014,high,0.9655392469687301
236,2008-08-17 22:03:00,1,phase_i,0.7205547770995331,2.1695403741059294,0.105325655954814,False,False,False,sensor_059; sensor_345; sensor_014,high,0.9936183790682833
237,2008-08-17 22:21:00,0,phase_i,0.1757915619327777,6.857775535033663,0.5001658769998054,False,False,False,sensor_059; sensor_345; sensor_553,medium,0.8959795788130185
238,2008-08-17 23:04:00,1,phase_i,0.781070302008201,3.00325852396883,0.0667084753189577,False,False,False,sensor_150; sensor_285; sensor_029,high,0.9987236758136566
239,2008-08-17 23:20:00,0,phase_i,0.0477497581272557,4.144285014738163,0.2070839056203192,False,True,False,sensor_030; sensor_029; sensor_553,routine,0.36821952776005107
240,2008-08-17 23:55:00,1,phase_i,0.664621309403598,8.34448793681284,0.1684621814215124,False,False,False,sensor_553; sensor_556; sensor_014,high,0.9725590299936184
241,2008-08-18 00:02:00,1,phase_i,0.7991799900004843,4.218496894433699,0.8519907043675136,False,False,False,sensor_014; sensor_150; sensor_285,high,0.9993618379068283
242,2008-08-18 00:20:00,0,phase_i,0.2084799831787954,2.2633199092598617,0.2018998228615094,False,False,False,sensor_014; sensor_059; sensor_345,high,0.9183152520740268
243,2008-08-18 01:23:00,1,phase_i,0.7359754374950542,4.077606459130923,0.5136707949515303,False,False,False,sensor_059; sensor_345; sensor_014,high,0.9968091895341417
244,2008-08-18 04:01:00,1,phase_i,0.716880708533,8.033803261735212,0.7745233982139397,False,False,False,sensor_059; sensor_345; sensor_014,high,0.9929802169751116
245,2008-08-18 04:12:00,0,phase_i,0.0977370861059522,3.1543039480788337,0.0513950434335376,False,False,False,sensor_285; sensor_014; sensor_029,medium,0.7109125717932355
246,2008-08-18 04:35:00,0,phase_i,0.1955040438201025,2.897265311685361,0.9521453987630192,False,False,False,sensor_014; sensor_150; sensor_285,high,0.9087428206764518
247,2008-08-18 05:03:00,0,phase_i,0.1345436690333172,4.750031427186216,0.5264998180732411,False,False,False,sensor_059; sensor_345; sensor_014,medium,0.8379068283343969
248,2008-08-18 05:25:00,0,phase_i,0.1672585844470855,2.710799974947545,1.9092851134751376,False,False,False,sensor_014; sensor_059; sensor_345,medium,0.8851308232291002
249,2008-08-18 06:07:00,0,phase_i,0.1209704534802848,9.048872293225704,2.8996014760623776,False,False,False,sensor_014; sensor_059; sensor_345,medium,0.7983407785577536
250,2008-08-18 06:11:00,0,phase_i,0.0473867610016437,6.20891824653762,1.160250746848871,False,False,False,sensor_014; sensor_029; sensor_030,routine,0.36566687938736436
251,2008-08-18 06:26:00,0,phase_i,0.1039054095926881,7.376838604802383,0.7902197286922589,False,False,False,sensor_059; sensor_345; sensor_030,medium,0.7453733248245055
252,2008-08-18 07:11:00,0,phase_i,0.056277164564468,2.289274050647149,0.5848857987957111,False,False,False,sensor_014; sensor_285; sensor_150,routine,0.44224633056796425
253,2008-08-18 07:23:00,0,phase_i,0.1097195709198429,4.673572652337212,1.394434082395436,False,False,False,sensor_059; sensor_345; sensor_014,medium,0.7677089980855137
254,2008-08-18 07:29:00,0,phase_i,0.0990215812080869,3.33942844844734,0.8500489810142001,False,False,False,sensor_059; sensor_345; sensor_030,medium,0.7166560306317805
255,2008-08-18 08:18:00,0,phase_i,0.1006484709864074,3.1732362649618016,0.7546529153247944,False,False,False,sensor_059; sensor_345; sensor_014,medium,0.7249521378430122
256,2008-08-18 08:31:00,0,phase_i,0.0866146769530861,3.877678453395904,2.8788719544651467,False,False,False,sensor_059; sensor_345; sensor_030,routine,0.6534779834077856
257,2008-08-18 10:13:00,0,phase_i,0.1012692694744737,5.339104105417588,2.200103650701515,False,False,False,sensor_059; sensor_345; sensor_025,medium,0.7300574345883855
258,2008-08-18 11:04:00,0,phase_i,0.0385365066141424,2.577101445353992,1.160639365986062,False,False,False,sensor_014; sensor_029; sensor_030,routine,0.2724952137843012
259,2008-08-18 12:00:00,0,phase_i,0.0503732726600191,2.062322458311524,0.7889876225189179,False,False,False,sensor_014; sensor_029; sensor_150,routine,0.395022335673261
260,2008-08-18 12:06:00,0,phase_i,0.0798618059196728,3.990721271287631,0.0929107134851571,False,False,False,sensor_150; sensor_285; sensor_014,routine,0.612635609444799
261,2008-08-18 12:22:00,0,phase_i,0.1307833446170418,2.6590293469019555,0.4501493820448133,False,False,False,sensor_014; sensor_059; sensor_150,medium,0.8257817485641353
262,2008-08-18 12:49:00,0,phase_i,0.1128738444757684,5.846338367240574,1.0219877231484242,False,False,False,sensor_059; sensor_345; sensor_029,medium,0.7753669432035737
263,2008-08-18 13:07:00,0,phase_i,0.0570337431748665,6.621505287983275,0.3912580340040746,False,False,False,sensor_014; sensor_150; sensor_059,routine,0.44798978940650924
264,2008-08-18 14:01:00,0,phase_i,0.0704446438052005,7.545037756333145,0.213053150555854,False,False,False,sensor_059; sensor_345; sensor_553,routine,0.5526483726866624
265,2008-08-18 14:04:00,0,phase_i,0.0845078205129799,5.047810682472506,1.4086206627273454,False,False,False,sensor_059; sensor_345; sensor_014,routine,0.6419910657306956
266,2008-08-18 14:45:00,0,phase_i,0.139168583577867,3.4554741770280595,0.9720443136559348,False,False,False,sensor_059; sensor_345; sensor_553,medium,0.8468410976388002
267,2008-08-18 15:00:00,0,phase_i,0.1501055974876819,2.853441629962161,0.5789571139969696,False,False,False,sensor_029; sensor_059; sensor_345,medium,0.8647096362476069
268,2008-08-18 15:26:00,0,phase_i,0.1672617668266516,1.413549283034375,0.7313316799950251,False,False,False,sensor_014; sensor_059; sensor_345,medium,0.8857689853222719
269,2008-08-18 15:30:00,0,phase_i,0.1034970610672792,5.250773623142391,1.340630350464491,False,False,False,sensor_059; sensor_345; sensor_030,medium,0.7409061901723037
270,2008-08-18 15:33:00,0,phase_i,0.0872670364249274,4.868971914618547,0.9209716985971252,False,False,False,sensor_059; sensor_345; sensor_030,routine,0.6579451180599872
271,2008-08-18 15:41:00,0,phase_i,0.0563347245359714,4.4085312880910665,0.1489350019796315,False,False,False,sensor_029; sensor_030; sensor_553,routine,0.4435226547543076
272,2008-08-18 16:19:00,0,phase_i,0.0984895085068881,3.6560825307547473,0.0404302293057332,False,False,False,sensor_059; sensor_345; sensor_014,medium,0.7147415443522654
273,2008-08-18 17:13:00,1,phase_i,0.6921409832336408,4.31191277837857,0.7680592372545838,False,False,False,sensor_059; sensor_345; sensor_029,high,0.98468410976388
274,2008-08-18 17:16:00,0,phase_i,0.0757636586007657,1.322612940356098,0.7344996728812703,False,False,False,sensor_014; sensor_029; sensor_030,routine,0.5909380982769623
275,2008-08-18 17:37:00,0,phase_i,0.2994911461345635,92.69099696016708,1.9035229259584328,True,True,True,sensor_059; sensor_345; sensor_029,high,0.9419272495213784
276,2008-08-18 19:24:00,0,phase_i,0.0471404380312485,4.662410504202004,0.3658109691197977,True,True,False,sensor_150; sensor_014; sensor_059,routine,0.36056158264199106
277,2008-08-18 19:54:00,1,phase_i,0.7119879304789224,2.49718054080347,0.4700905514582124,True,True,False,sensor_014; sensor_059; sensor_345,high,0.9910657306955967
278,2008-08-18 23:00:00,0,phase_i,0.1012968704794613,2.8838632986762467,0.6710714258327509,False,True,False,sensor_150; sensor_059; sensor_345,medium,0.7306955966815571
279,2008-08-18 23:03:00,0,phase_i,0.1572472758439753,4.842036715090982,0.4471262990429173,False,True,False,sensor_059; sensor_345; sensor_029,medium,0.8717294192724953
280,2008-08-18 23:47:00,0,phase_i,0.1610289349148349,4.686021080241114,1.0425592074444916,False,True,False,sensor_014; sensor_150; sensor_285,medium,0.8768347160178686
281,2008-08-19 01:10:00,0,phase_i,0.0880582063402759,7.493872913000916,1.4938783403054217,False,True,False,sensor_014; sensor_150; sensor_285,routine,0.6604977664326739
282,2008-08-19 03:59:00,1,phase_i,0.627389429155431,3.461408083983073,2.0793772209953536,False,True,False,sensor_059; sensor_345; sensor_014,high,0.9578813018506701
283,2008-08-19 04:58:00,0,phase_i,0.0746948209665364,1.4714885253793204,1.9708278328491664,False,True,False,sensor_059; sensor_345; sensor_014,routine,0.5807275047862157
284,2008-08-19 05:09:00,0,phase_i,0.0923585111769666,2.684461139030216,0.373772487944727,False,True,False,sensor_014; sensor_285; sensor_029,routine,0.6847479259731972
285,2008-08-19 05:11:00,0,phase_i,0.0413507085890398,6.927984812659576,0.4456481046703258,False,True,False,sensor_014; sensor_059; sensor_345,routine,0.3075941289087428
286,2008-08-19 05:11:00,0,phase_i,0.0796594540337241,7.599076898857705,0.7960413082662331,False,False,False,sensor_059; sensor_345; sensor_014,routine,0.6113592852584556
287,2008-08-19 05:40:00,0,phase_i,0.0908744022517224,3.9337775078184665,1.4505254799457756,False,True,False,sensor_059; sensor_345; sensor_030,routine,0.6770899808551372
288,2008-08-19 05:41:00,0,phase_i,0.0861717608047726,3.4507568879200887,1.0342493957730732,False,True,False,sensor_059; sensor_345; sensor_014,routine,0.6515634971282706
289,2008-08-19 05:53:00,0,phase_i,0.1632559361615095,2.267254860434581,0.7188351528107734,False,True,False,sensor_059; sensor_345; sensor_014,medium,0.8806636885768986
290,2008-08-19 05:54:00,0,phase_i,0.1374913949328726,3.846568141162524,0.3989016786895985,False,True,False,sensor_059; sensor_345; sensor_553,medium,0.8430121250797703
291,2008-08-19 05:56:00,1,phase_i,0.630916346698653,3.15049659194468,0.427889013660066,False,True,False,sensor_030; sensor_029; sensor_059,high,0.9585194639438417
292,2008-08-19 06:24:00,0,phase_i,0.0671443287176462,2.6590206260943288,1.4057443401686172,False,True,False,sensor_014; sensor_150; sensor_285,routine,0.5277600510529674
293,2008-08-19 07:43:00,0,phase_i,0.0728307043729521,0.9388481179118862,0.671867647536318,False,False,False,sensor_029; sensor_030; sensor_150,routine,0.5692405871091257
294,2008-08-19 07:58:00,1,phase_i,0.6542140033585168,2.0617092165736866,1.3862792361655252,False,True,False,sensor_059; sensor_345; sensor_029,high,0.9693682195277601
295,2008-08-19 08:01:00,0,phase_i,0.1619089324902791,4.767927101260919,0.5609945301202532,False,True,False,sensor_030; sensor_059; sensor_029,medium,0.8787492022973835
296,2008-08-19 08:07:00,0,phase_i,0.0964635797235064,3.2746775464332964,0.2338300121807496,False,True,False,sensor_029; sensor_030; sensor_021,medium,0.7013401403956605
297,2008-08-19 08:33:00,0,phase_i,0.0743884045865359,6.134299103756173,2.4490792665852696,False,False,False,sensor_059; sensor_345; sensor_030,routine,0.5781748564135291
298,2008-08-19 09:04:00,0,phase_i,0.0715544689863057,3.675887175412666,2.582377793833825,False,False,False,sensor_059; sensor_345; sensor_030,routine,0.5596681557115507
299,2008-08-19 09:05:00,0,phase_i,0.0332860954310471,1.865485790716366,0.4593332009106479,False,False,False,sensor_014; sensor_150; sensor_553,routine,0.204211869814933
300,2008-08-19 10:46:00,0,phase_i,0.1988285306772388,6.971842290562962,0.3289984411524835,False,False,False,sensor_059; sensor_345; sensor_285,high,0.9106573069559668
301,2008-08-19 11:11:00,0,phase_i,0.2461687741654065,4.104193594805891,1.0012698366284596,False,False,False,sensor_014; sensor_059; sensor_345,high,0.9361837906828334
302,2008-08-19 11:13:00,0,phase_i,0.1636621718224523,5.986190710043337,1.5883927647826133,False,True,False,sensor_014; sensor_059; sensor_345,medium,0.8813018506700702
303,2008-08-19 11:13:00,0,phase_i,0.1379265171590104,8.30478210304442,1.295370500353047,False,True,False,sensor_059; sensor_345; sensor_029,medium,0.8442884492661136
304,2008-08-19 11:28:00,0,phase_i,0.2083146737018659,5.03515329709841,0.5949707263901097,False,True,False,sensor_014; sensor_150; sensor_029,high,0.9170389278876835
305,2008-08-19 11:44:00,0,phase_i,0.0910403039706176,2.191945703873117,0.2022977684785269,False,True,False,sensor_553; sensor_556; sensor_029,routine,0.6783663050414805
306,2008-08-19 11:46:00,0,phase_i,0.0982033717491236,2.794099248155622,0.8909882673522072,False,True,False,sensor_059; sensor_345; sensor_030,medium,0.7128270580727505
307,2008-08-19 11:57:00,0,phase_i,0.11594970274873,4.896798746927185,0.5789757055246602,False,False,False,sensor_059; sensor_345; sensor_030,medium,0.7836630504148053
308,2008-08-19 11:58:00,0,phase_i,0.0645858737821268,4.213665235300013,0.7833721068127669,False,False,False,sensor_014; sensor_150; sensor_059,routine,0.5105296745373324
309,2008-08-19 12:30:00,0,phase_i,0.1286784456362049,2.696788411500286,0.080980562921335,False,False,False,sensor_014; sensor_150; sensor_030,medium,0.8194001276324187
310,2008-08-19 15:33:00,0,phase_i,0.0591685833093958,3.907736677644035,2.2956403048472307,False,False,False,sensor_014; sensor_059; sensor_345,routine,0.46713465220165923
311,2008-08-19 18:12:00,0,phase_i,0.0755524283126557,5.926029628416528,0.6403666474207415,False,False,False,sensor_014; sensor_150; sensor_030,routine,0.5890236119974473
312,2008-08-19 18:12:00,0,phase_i,0.1035275746527926,4.936752644508418,0.8605788257007565,False,False,False,sensor_059; sensor_345; sensor_014,medium,0.7415443522654754
313,2008-08-19 18:30:00,0,phase_i,0.0582951888384663,4.07174822897368,0.0542300211914275,False,False,False,sensor_059; sensor_345; sensor_014,routine,0.4582003828972559
314,2008-08-19 18:30:00,0,phase_i,0.0876291181053409,2.0945380164694782,0.3204852098208631,False,False,False,sensor_059; sensor_345; sensor_030,routine,0.6592214422463306
315,2008-08-19 19:38:00,0,phase_i,0.093157787090765,7.249694862537607,2.4685755211559117,False,False,False,sensor_059; sensor_345; sensor_030,routine,0.6866624122527122
316,2008-08-19 20:53:00,0,phase_i,0.1707303694738443,1.452013236767525,0.0880945621604158,False,False,False,sensor_150; sensor_030; sensor_029,medium,0.8895979578813018
317,2008-08-20 00:05:00,0,phase_i,0.1270218481159314,1.4618097362062876,0.4777689075478326,False,False,False,sensor_014; sensor_150; sensor_285,medium,0.8142948308870454
318,2008-08-20 01:33:00,0,phase_i,0.0735744698772046,3.015599463729812,0.5319298749528258,False,False,False,sensor_014; sensor_059; sensor_345,routine,0.5737077217613273
319,2008-08-20 01:42:00,0,phase_i,0.0399459359950915,3.1063766211475072,1.205898344103936,False,False,False,sensor_014; sensor_150; sensor_553,routine,0.28972559029993616
320,2008-08-20 02:13:00,0,phase_i,0.1316802682084105,4.927326127230384,0.5812049200128582,False,False,False,sensor_014; sensor_285; sensor_030,medium,0.8289725590299937
321,2008-08-20 02:27:00,1,phase_i,0.701114880877576,7.800330520397813,1.2626913192741978,False,False,False,sensor_014; sensor_059; sensor_345,high,0.9872367581365666
322,2008-08-20 03:00:00,0,phase_i,0.054779956274002,1.5727474475640852,0.007098166447956,False,False,False,sensor_285; sensor_059; sensor_030,routine,0.43075941289087427
323,2008-08-20 03:12:00,1,phase_i,0.6709244155018571,3.6426090719258,1.2585753592403082,False,False,False,sensor_014; sensor_285; sensor_059,high,0.9757498404594767
324,2008-08-20 06:36:00,0,phase_i,0.1091105407626558,6.114054518410326,2.121305897953006,False,False,False,sensor_059; sensor_345; sensor_014,medium,0.7657945118059988
325,2008-08-20 07:12:00,0,phase_i,0.1505695412979149,2.85478468036395,0.728887797840896,False,False,False,sensor_014; sensor_150; sensor_285,medium,0.8666241225271218
326,2008-08-20 08:40:00,1,phase_i,0.6697391273218269,2.525909416290395,0.5831362836897844,False,False,False,sensor_014; sensor_059; sensor_345,high,0.9751116783663051
327,2008-08-20 09:17:00,1,phase_i,0.6161575815638038,1.9345579861037372,0.1071574590043448,False,False,False,sensor_059; sensor_345; sensor_150,high,0.9527760051052967
328,2008-08-20 10:26:00,0,phase_i,0.0500821713876771,2.932757259329793,0.2276763492693161,False,False,False,sensor_150; sensor_014; sensor_030,routine,0.39119336311423103
329,2008-08-20 16:08:00,0,phase_i,0.0377557556817474,5.296829546670917,0.3231417428032027,False,False,False,sensor_014; sensor_150; sensor_285,routine,0.26292278238672623
330,2008-08-20 16:16:00,0,phase_i,0.1783750551779799,4.126801357838784,1.4628820308715773,False,False,False,sensor_014; sensor_059; sensor_345,medium,0.8985322271857051
331,2008-08-20 17:09:00,0,phase_i,0.1266214772764344,3.6012978036609398,0.1101144522493768,False,False,False,sensor_014; sensor_285; sensor_150,medium,0.813018506700702
332,2008-08-20 17:35:00,0,phase_i,0.1038576483853333,2.6822427863036684,0.4878216638992647,False,False,False,sensor_029; sensor_030; sensor_059,medium,0.7447351627313338
333,2008-08-20 17:36:00,0,phase_i,0.0842598562809938,3.640911006427108,0.440171294797803,False,False,False,sensor_014; sensor_285; sensor_150,routine,0.6394384173580089
334,2008-08-20 18:29:00,0,phase_i,0.0786186124501083,31.467355897373924,0.4688181062310735,False,False,False,sensor_029; sensor_059; sensor_345,routine,0.606892150606254
335,2008-08-20 18:35:00,0,phase_i,0.0734608728450506,1.4963895249270585,2.5472967185045614,False,False,False,sensor_059; sensor_345; sensor_029,routine,0.5730695596681558
336,2008-08-20 19:20:00,1,phase_i,0.6250242373983919,1.6605471179959117,0.3426553137878371,False,False,False,sensor_014; sensor_150; sensor_553,high,0.9572431397574984
337,2008-08-20 20:19:00,0,phase_i,0.0292060300217867,32.25316257508404,0.3414782616631275,True,True,False,sensor_014; sensor_285; sensor_059,routine,0.25909380982769625
338,2008-08-20 21:33:00,0,phase_i,0.03200355841085,2.123447031224132,1.1377209288161685,True,True,False,sensor_014; sensor_150; sensor_285,routine,0.2431397574984046
339,2008-08-20 21:41:00,0,phase_i,0.0316073242675361,4.668258295876141,0.0943717501811631,False,True,False,sensor_029; sensor_030; sensor_553,routine,0.23867262284620294
340,2008-08-20 21:58:00,0,phase_i,0.0178323178665855,1.6421880350221367,1.093718208405048,False,True,False,sensor_014; sensor_150; sensor_285,routine,0.2227185705169113
341,2008-08-20 22:13:00,0,phase_i,0.0119748117363234,24.629125772568923,23.82491588566837,True,True,True,sensor_059; sensor_345; sensor_030,routine,0.2839821314613912
342,2008-08-20 22:45:00,0,phase_i,0.0779288411520953,6.988781907803305,0.0665211912479016,True,True,False,sensor_059; sensor_345; sensor_550,routine,0.6037013401403957
343,2008-08-20 23:18:00,0,phase_i,0.1452874993352329,2.683072112094663,0.1711231861239306,False,True,False,sensor_150; sensor_014; sensor_553,medium,0.8576898532227186
344,2008-08-20 23:43:00,1,phase_i,0.6849253811348459,2.2353265813783656,0.3066863994242008,False,False,False,sensor_059; sensor_345; sensor_150,high,0.9814932992980216
345,2008-08-21 02:11:00,0,phase_i,0.0709700223669064,3.2277729461678017,0.7735594196001593,False,False,False,sensor_059; sensor_345; sensor_030,routine,0.5558391831525208
346,2008-08-21 02:46:00,0,phase_i,0.1080138146260173,1.17391039145613,0.2849223215709061,False,False,False,sensor_029; sensor_030; sensor_059,medium,0.7606892150606254
347,2008-08-21 04:22:00,0,phase_i,0.0996532843721817,31.776542229682416,16.771349388539132,True,True,True,sensor_059; sensor_345; sensor_553,medium,0.7204850031908104
348,2008-08-21 04:29:00,0,phase_i,0.0395186467877097,23.896078893542544,1.2016039737904325,True,True,False,sensor_150; sensor_014; sensor_059,routine,0.2865347798340779
349,2008-08-21 05:06:00,0,phase_i,0.1037232720078242,2.630563536384704,0.6747703071991795,True,True,False,sensor_014; sensor_285; sensor_059,medium,0.7434588385449904
350,2008-08-21 05:15:00,0,phase_i,0.0948007238736064,2.609998360969176,0.9233527213344368,False,True,False,sensor_014; sensor_150; sensor_285,routine,0.6943203573707721
351,2008-08-21 06:10:00,1,phase_i,0.7246304388526,2.232824365598464,0.1709196225834887,False,True,False,sensor_030; sensor_029; sensor_150,high,0.994256541161455
352,2008-08-21 11:22:00,0,phase_i,0.0700372439120712,1.9889045888778172,0.2255891962309591,False,True,False,sensor_030; sensor_029; sensor_345,routine,0.5488194001276324
353,2008-08-21 12:00:00,0,phase_i,0.0852450600882469,5.692154881100673,0.1751288305279078,False,True,False,sensor_030; sensor_029; sensor_553,routine,0.6451818761965539
354,2008-08-21 12:31:00,0,phase_i,0.2307110296325078,5.19858462994608,1.7598855933574116,False,True,False,sensor_059; sensor_345; sensor_014,high,0.9298021697511167
355,2008-08-21 12:33:00,0,phase_i,0.1229491909799277,3.3093307435100514,0.5463487141920776,False,True,False,sensor_014; sensor_030; sensor_029,medium,0.801531589023612
356,2008-08-21 12:43:00,0,phase_i,0.0771209993652067,5.204447518275823,0.9784728258538572,False,True,False,sensor_059; sensor_345; sensor_553,routine,0.599234205488194
357,2008-08-21 12:52:00,0,phase_i,0.0953177978819139,8.659637228726075,0.3153845246287261,False,False,False,sensor_553; sensor_059; sensor_345,routine,0.6981493299298022
358,2008-08-21 13:11:00,0,phase_i,0.0490679358012753,2.289579672270257,1.0896279179806243,False,False,False,sensor_059; sensor_345; sensor_014,routine,0.3828972559029994
359,2008-08-21 13:19:00,0,phase_i,0.035633700574466,4.478083309353271,0.2666554112982628,False,False,False,sensor_014; sensor_029; sensor_150,routine,0.23484365028717294
360,2008-08-21 13:29:00,0,phase_i,0.1307522557676474,2.4073572374020578,2.050994016095862,False,False,False,sensor_014; sensor_285; sensor_150,medium,0.824505424377792
361,2008-08-21 13:45:00,0,phase_i,0.0300384653696124,4.671217674801209,0.8328158411115678,False,False,False,sensor_285; sensor_059; sensor_014,routine,0.1633694958519464
362,2008-08-21 14:47:00,0,phase_i,0.1653963557912729,5.942919507300941,0.7183730957082857,False,False,False,sensor_059; sensor_345; sensor_553,medium,0.8832163369495852
363,2008-08-21 15:05:00,0,phase_i,0.0909217420052945,1.767722511966052,0.1342146144538396,False,False,False,sensor_030; sensor_029; sensor_014,routine,0.6777281429483089
364,2008-08-21 15:06:00,0,phase_i,0.1323924258446009,2.7593126467675324,0.2677952209079322,False,False,False,sensor_059; sensor_345; sensor_029,medium,0.8308870453095086
365,2008-08-21 15:32:00,0,phase_i,0.0242705716068317,9.485045407966217,0.3195991574974482,False,False,False,sensor_059; sensor_345; sensor_030,routine,0.17166560306317805
366,2008-08-21 15:48:00,0,phase_i,0.1079069662095405,2.851043020351117,0.2934154140865572,False,False,False,sensor_030; sensor_029; sensor_285,medium,0.7600510529674538
367,2008-08-21 15:50:00,0,phase_i,0.1020944188360972,4.071464538879916,0.3559012663504594,False,False,False,sensor_014; sensor_150; sensor_553,medium,0.7345245692405871
368,2008-08-21 16:19:00,1,phase_i,0.6381695863542326,3.274640922867053,2.3333297079928066,False,False,False,sensor_059; sensor_345; sensor_014,high,0.9617102744097
369,2008-08-21 16:36:00,0,phase_i,0.0501403031969572,1.177531588988157,0.0659998944956833,False,False,False,sensor_029; sensor_150; sensor_030,routine,0.39183152520740266
370,2008-08-21 17:25:00,0,phase_i,0.0314305788913136,2.301080255855594,0.1889301512311711,False,False,False,sensor_030; sensor_029; sensor_014,routine,0.17549457562220805
371,2008-08-21 17:44:00,0,phase_i,0.1873572314588846,5.937077943869992,0.232558862835184,False,False,False,sensor_014; sensor_059; sensor_345,high,0.9055520102105935
372,2008-08-21 18:04:00,0,phase_i,0.1322446696008397,2.3589413145311404,0.0239478157977918,False,False,False,sensor_014; sensor_059; sensor_150,medium,0.8302488832163369
373,2008-08-21 18:05:00,1,phase_i,0.62319627722445,2.6257492113353598,0.4372290342629642,False,False,False,sensor_014; sensor_150; sensor_285,high,0.955966815571155
374,2008-08-21 18:39:00,0,phase_i,0.0702129085688555,2.455636718180932,0.301011207192619,False,False,False,sensor_014; sensor_029; sensor_150,routine,0.5507338864071474
375,2008-08-21 18:53:00,0,phase_i,0.0359692750531199,14.67492919813234,4.032048129115759,False,False,False,sensor_014; sensor_059; sensor_285,routine,0.23803446075303128
376,2008-08-21 19:12:00,0,phase_i,0.0322822852024144,5.94618448516151,0.521871291673679,False,False,False,sensor_014; sensor_150; sensor_029,routine,0.18889597957881302
377,2008-08-21 19:12:00,0,phase_i,0.1816739191664991,1.4992003443383042,1.0576253955126955,False,False,False,sensor_014; sensor_029; sensor_030,high,0.9017230376515635
378,2008-08-21 19:46:00,0,phase_i,0.0747457015984969,2.729887071041038,0.2763411546785478,False,False,False,sensor_030; sensor_029; sensor_553,routine,0.5826419910657307
379,2008-08-21 20:19:00,0,phase_i,0.1255160949077854,2.5393915409922267,0.4666826576099016,False,False,False,sensor_014; sensor_059; sensor_345,medium,0.8098276962348436
380,2008-08-21 20:21:00,0,phase_i,0.2261736187504354,3.9160916576179874,1.6809320199697957,False,False,False,sensor_030; sensor_059; sensor_345,high,0.9272495213784301
381,2008-08-21 20:37:00,0,phase_i,0.1143017733784026,5.250419316235833,0.7619474826512893,False,False,False,sensor_059; sensor_345; sensor_030,medium,0.7791959157626037
382,2008-08-21 21:32:00,0,phase_i,0.0291349558525437,1.2816865978466778,0.0543988741249057,False,False,False,sensor_014; sensor_285; sensor_150,routine,0.1557115507338864
383,2008-08-21 22:25:00,0,phase_i,0.040517917391491,4.516187043317755,0.0400861036771112,False,False,False,sensor_014; sensor_029; sensor_030,routine,0.29738353541799617
384,2008-08-21 22:41:00,0,phase_i,0.1010729669922762,7.757872727337704,0.2389352294505625,False,False,False,sensor_059; sensor_345; sensor_014,medium,0.7294192724952138
385,2008-08-21 23:08:00,0,phase_i,0.1100679949900717,3.522936594213331,0.9427866686162556,False,False,False,sensor_059; sensor_345; sensor_014,medium,0.768985322271857
386,2008-08-21 23:27:00,0,phase_i,0.0818535665145379,2.885739329483452,0.2911600128874193,False,False,False,sensor_014; sensor_030; sensor_029,routine,0.6222080408423739
387,2008-08-21 23:53:00,0,phase_i,0.1344294985144124,3.117009692826655,1.5947857916204922,False,False,False,sensor_030; sensor_029; sensor_345,medium,0.8372686662412253
388,2008-08-21 23:57:00,0,phase_i,0.033155117280819,2.3817182443046665,0.1385251829245531,False,False,False,sensor_029; sensor_030; sensor_285,routine,0.20229738353541799
389,2008-08-22 00:43:00,0,phase_i,0.1160823430575544,2.788364235597533,1.5633411471374778,False,False,False,sensor_014; sensor_059; sensor_345,medium,0.7849393746011487
390,2008-08-22 00:44:00,0,phase_i,0.0264106349918588,4.557253669341844,0.2164351631547499,False,False,False,sensor_014; sensor_059; sensor_345,routine,0.1372048500319081
391,2008-08-22 00:47:00,0,phase_i,0.1948454229252651,11.693954507362216,1.5041863239367823,False,False,False,sensor_014; sensor_029; sensor_030,high,0.9081046585832802
392,2008-08-22 01:04:00,1,phase_i,0.6446109387134867,4.806442962201273,0.7619282307553514,False,False,False,sensor_030; sensor_029; sensor_021,high,0.9623484365028717
393,2008-08-22 01:26:00,0,phase_i,0.0837392054555449,3.0798739386246203,1.7558245404757562,False,False,False,sensor_059; sensor_345; sensor_014,routine,0.6349712827058073
394,2008-08-22 01:27:00,0,phase_i,0.0312615113779688,3.554087931993155,0.614810331471729,False,False,False,sensor_059; sensor_345; sensor_285,routine,0.17358008934269303
395,2008-08-22 01:54:00,0,phase_i,0.0698954515690775,4.7421295103440615,0.561804710209026,False,False,False,sensor_014; sensor_059; sensor_345,routine,0.5481812380344607
396,2008-08-22 02:01:00,0,phase_i,0.0335712833854522,4.396242661745359,0.4953531305998578,False,False,False,sensor_029; sensor_030; sensor_553,routine,0.20867900446713467
397,2008-08-22 02:25:00,0,phase_i,0.0474289547542632,2.6769128383260203,0.2388647623406427,False,False,False,sensor_150; sensor_285; sensor_014,routine,0.36630504148053605
398,2008-08-22 02:52:00,0,phase_i,0.0496644137969672,4.643191165921897,0.1160468592623013,False,False,False,sensor_553; sensor_014; sensor_556,routine,0.387364390555201
399,2008-08-22 03:18:00,0,phase_i,0.0295917294983691,2.9022239558531955,0.3937792542645985,False,False,False,sensor_030; sensor_029; sensor_345,routine,0.1595405232929164
400,2008-08-22 03:58:00,0,phase_i,0.0332983553782808,3.3718844335135616,0.0582765856299396,False,False,False,sensor_150; sensor_014; sensor_553,routine,0.20485003190810466
401,2008-08-22 04:40:00,0,phase_i,0.0353803036560174,2.0192614498189907,0.5577332208562908,False,False,False,sensor_014; sensor_150; sensor_285,routine,0.23037651563497127
402,2008-08-22 04:57:00,0,phase_i,0.152030797484298,2.8482441220477,0.3013359720744433,False,False,False,sensor_014; sensor_150; sensor_059,medium,0.8679004467134652
403,2008-08-22 05:21:00,0,phase_i,0.0386818650418271,2.778023637950467,0.8273888834689654,False,False,False,sensor_014; sensor_150; sensor_285,routine,0.27568602425015953
404,2008-08-22 05:31:00,0,phase_i,0.0197307255075753,3.1973713466766003,0.1282339125371512,False,False,False,sensor_059; sensor_345; sensor_553,routine,0.08040842373962986
405,2008-08-22 05:32:00,0,phase_i,0.0248407369262362,8.706386140894635,0.9366016487361726,False,False,False,sensor_014; sensor_059; sensor_345,routine,0.1206126356094448
406,2008-08-22 06:00:00,1,phase_i,0.7116369313451306,1.329731503134144,0.5940167466849282,False,False,False,sensor_014; sensor_285; sensor_059,high,0.990427568602425
407,2008-08-22 07:04:00,0,phase_i,0.0199660259227681,3.611055329304445,0.1465456386684225,False,False,False,sensor_014; sensor_285; sensor_029,routine,0.08296107211231653
408,2008-08-22 07:17:00,0,phase_i,0.2366480007154331,16.738105891325844,7.742279097966881,False,False,False,sensor_059; sensor_345; sensor_025,high,0.9336311423101468
409,2008-08-22 07:27:00,0,phase_i,0.0509315385857176,2.442821936357348,0.0878270858224067,False,False,False,sensor_059; sensor_345; sensor_553,routine,0.39948947032546267
410,2008-08-22 09:29:00,0,phase_i,0.1054486500751775,1.929438188295724,1.610892720931819,False,False,False,sensor_059; sensor_345; sensor_029,medium,0.751754945756222
411,2008-08-22 09:29:00,0,phase_i,0.0205426762482183,1.2869374509647236,0.2602294243965287,False,False,False,sensor_030; sensor_029; sensor_021,routine,0.09061901723037652
412,2008-08-22 10:01:00,0,phase_i,0.0921462273856359,2.443014887017702,1.1904474134513947,False,False,False,sensor_059; sensor_345; sensor_553,routine,0.6834716017868538
413,2008-08-22 10:18:00,0,phase_i,0.0146693682128009,2.0218753851519327,0.365452533037986,False,False,False,sensor_014; sensor_059; sensor_345,routine,0.05105296745373325
414,2008-08-22 10:47:00,0,phase_i,0.0375602036409928,2.7340968945316457,0.3286954505265417,False,False,False,sensor_014; sensor_285; sensor_553,routine,0.2603701340140396
415,2008-08-22 11:32:00,0,phase_i,0.053605297563279,2.3552939480038826,0.0781522452493219,False,False,False,sensor_059; sensor_345; sensor_029,routine,0.4205488194001276
416,2008-08-22 12:13:00,0,phase_i,0.030037213224612,5.199724792551544,0.1398377605825413,False,False,False,sensor_059; sensor_345; sensor_030,routine,0.16273133375877472
417,2008-08-22 12:37:00,0,phase_i,0.2362607116962855,2.6679769059466096,0.8521459415827105,False,False,False,sensor_029; sensor_030; sensor_021,high,0.9329929802169751
418,2008-08-22 12:42:00,0,phase_i,0.0444009200830242,3.2051304035657093,0.3062122492528019,False,False,False,sensor_029; sensor_030; sensor_014,routine,0.3363114231014678
419,2008-08-22 13:22:00,0,phase_i,0.089159544271855,1.6166201213558888,0.1799120551122689,False,False,False,sensor_029; sensor_030; sensor_150,routine,0.6656030631780472
420,2008-08-22 14:45:00,0,phase_i,0.0201613554228739,2.3265984237164106,0.199284666131278,False,False,False,sensor_029; sensor_030; sensor_014,routine,0.08615188257817485
421,2008-08-22 15:25:00,0,phase_i,0.1680277108251285,4.98211927812985,3.869750627979724,False,False,False,sensor_059; sensor_345; sensor_029,medium,0.8870453095086152
422,2008-08-22 15:39:00,0,phase_i,0.0348507807822581,2.0693973892816624,0.2059329418651556,False,False,False,sensor_059; sensor_345; sensor_285,routine,0.22208040842373963
423,2008-08-22 15:54:00,0,phase_i,0.2003694738022466,4.353619932851015,3.403629694468361,False,False,False,sensor_059; sensor_345; sensor_030,high,0.9119336311423102
424,2008-08-22 19:14:00,1,phase_i,0.6678780908431148,7.533854496861907,1.5020292658443408,False,False,False,sensor_014; sensor_150; sensor_029,high,0.9738353541799617
425,2008-08-22 23:46:00,0,phase_i,0.0618153282116648,5.622818076829868,0.1889246920971656,False,False,False,sensor_150; sensor_014; sensor_030,routine,0.4901084875558392
426,2008-08-22 23:47:00,0,phase_i,0.0285097555909373,21.184361083942115,28.61718360643473,True,True,True,sensor_059; sensor_345; sensor_025,routine,0.30887045309508615
427,2008-08-22 23:49:00,0,phase_i,0.0910559881041665,2.3274817482390344,0.3235462432176795,True,True,False,sensor_014; sensor_150; sensor_285,routine,0.6790044671346522
428,2008-08-22 23:56:00,0,phase_i,0.0112720777918516,2.885189660567572,0.6369899161940262,False,True,False,sensor_029; sensor_030; sensor_014,routine,0.20867900446713467
429,2008-08-23 02:04:00,0,phase_i,0.053389728862553,2.7233875574691417,0.3478807138853219,False,True,False,sensor_014; sensor_150; sensor_030,routine,0.41799617102744097
430,2008-08-23 03:26:00,0,phase_i,0.0568456230057627,3.928726858882843,0.247111888391995,False,False,False,sensor_029; sensor_030; sensor_059,routine,0.4460753031269943
431,2008-08-23 04:50:00,0,phase_i,0.0656338730837771,2.0501394327707003,0.6859936970608763,False,False,False,sensor_059; sensor_345; sensor_030,routine,0.5181876196553925
432,2008-08-23 04:52:00,0,phase_i,0.1052993353535397,4.178665824006917,0.4783995807178634,False,False,False,sensor_014; sensor_150; sensor_285,medium,0.7511167836630505
433,2008-08-23 05:57:00,0,phase_i,0.0774921536904199,3.543499509990362,0.6314192552882417,False,False,False,sensor_014; sensor_150; sensor_030,routine,0.601148691767709
434,2008-08-23 05:57:00,0,phase_i,0.0829508390600866,3.2581045288725123,0.3111582501197132,False,False,False,sensor_029; sensor_030; sensor_059,routine,0.629865985960434
435,2008-08-23 05:58:00,0,phase_i,0.0719550663260874,1.5134630138708696,1.6941385102687876,False,False,False,sensor_030; sensor_029; sensor_059,routine,0.562858966177409
436,2008-08-23 05:58:00,0,phase_i,0.0946549539742316,7.38747155787962,1.4966614730135734,False,False,False,sensor_059; sensor_345; sensor_150,routine,0.6936821952776006
437,2008-08-23 09:24:00,0,phase_i,0.0358092900340818,2.136297846908682,0.2794973619335649,False,False,False,sensor_553; sensor_030; sensor_029,routine,0.23611997447351626
438,2008-08-23 12:58:00,0,phase_i,0.0356197578087587,19.44917806270537,20.38293230819229,True,True,True,sensor_059; sensor_345; sensor_029,routine,0.2635609444798979
439,2008-08-23 13:02:00,0,phase_i,0.0411445305850566,16.794182550248482,20.222238120714135,True,True,True,sensor_059; sensor_345; sensor_029,routine,0.3063178047223995
440,2008-08-23 15:10:00,0,phase_i,0.0492512766862097,3.570919998784436,0.2879376929920194,True,True,False,sensor_014; sensor_059; sensor_029,routine,0.3841735800893427
441,2008-08-23 15:29:00,1,phase_i,0.6027480895543793,3.627526008830659,2.300005275029465,True,True,False,sensor_014; sensor_150; sensor_285,high,0.9495851946394385
442,2008-08-24 02:32:00,0,phase_i,0.0377074640563777,2.937092937354851,0.5098055965332093,True,True,False,sensor_059; sensor_345; sensor_030,routine,0.28270580727504785
443,2008-08-24 04:00:00,0,phase_i,0.034799691059271,15.037928846313855,19.51074505623102,True,True,True,sensor_059; sensor_345; sensor_029,routine,0.32929164007657946
444,2008-08-24 07:12:00,0,phase_i,0.0383305095142876,6.109842138808967,0.4724075953283412,True,True,False,sensor_014; sensor_150; sensor_029,routine,0.3267389917038928
445,2008-08-24 07:14:00,0,phase_i,0.0894502480856612,4.220229673382984,0.1272835453706513,True,True,False,sensor_014; sensor_150; sensor_553,routine,0.6675175494575623
446,2008-08-24 10:09:00,0,phase_i,0.1004760313868236,7.450673721842532,1.3843047288652908,True,True,False,sensor_059; sensor_345; sensor_029,medium,0.7230376515634971
447,2008-08-24 10:14:00,0,phase_i,0.1092648226976468,3.5379403089184764,0.3016039316644318,False,True,False,sensor_030; sensor_029; sensor_014,medium,0.7664326738991704
448,2008-08-24 13:03:00,1,phase_i,0.6351000191634377,4.188029647449492,0.2705334082849218,False,True,False,sensor_014; sensor_285; sensor_150,high,0.9604339502233568
449,2008-08-25 09:29:00,0,phase_i,0.1447222319161924,2.302242229614227,0.2770010273393583,False,True,False,sensor_014; sensor_030; sensor_029,medium,0.8564135290363752
450,2008-08-27 00:46:00,0,phase_i,0.0324685711479926,3.409536049725248,0.3347007151404069,False,True,False,sensor_059; sensor_345; sensor_029,routine,0.2986598596043395
451,2008-08-27 11:38:00,0,phase_i,0.041156370662736,4.008164217027117,0.3478593807109712,False,True,False,sensor_014; sensor_285; sensor_030,routine,0.30695596681557114
452,2008-08-27 12:22:00,0,phase_i,0.0428615305804245,1.793740547972313,0.2982483406059842,False,True,False,sensor_014; sensor_285; sensor_059,routine,0.3209955328653478
453,2008-08-27 13:35:00,0,phase_i,0.0518274475565901,6.21237713218515,0.6509967752139659,False,True,False,sensor_014; sensor_059; sensor_345,routine,0.406509253350351
454,2008-08-27 14:18:00,0,phase_i,0.0133513898571963,3.896274886546176,0.8672789268365848,False,True,False,sensor_014; sensor_150; sensor_030,routine,0.26802807913209953
455,2008-08-27 17:14:00,0,phase_i,0.0587720863578432,2.3729798164712608,0.4135278169091877,False,True,False,sensor_014; sensor_029; sensor_030,routine,0.4639438417358009
456,2008-08-27 22:48:00,0,phase_i,0.0448768230936856,2.267709378955158,1.1809712400834385,False,True,False,sensor_014; sensor_150; sensor_029,routine,0.3414167198468411
457,2008-08-27 22:58:00,0,phase_i,0.1781225597318789,266.3721055847053,0.940928558343969,True,True,True,sensor_014; sensor_285; sensor_150,medium,0.8978940650925336
458,2008-08-28 03:03:00,0,phase_i,0.0905058154900316,2.4766180864994265,0.1623607850869854,True,True,False,sensor_059; sensor_345; sensor_553,routine,0.6745373324824505
459,2008-08-28 03:04:00,0,phase_i,0.037742231466589,2.7524690400920804,0.1274862041983743,True,True,False,sensor_014; sensor_029; sensor_030,routine,0.3560944479897894
460,2008-08-28 03:29:00,0,phase_i,0.1174831841430139,2.8057860880242087,0.1446506360730602,True,True,False,sensor_014; sensor_150; sensor_285,medium,0.790044671346522
461,2008-08-28 03:38:00,0,phase_i,0.0607384706730086,4.603079994188223,10.530061847588453,True,True,False,sensor_014; sensor_285; sensor_150,routine,0.4767070835992342
462,2008-08-28 03:45:00,0,phase_i,0.0250579937741441,4.605234207939456,0.3925130329458562,False,True,False,sensor_014; sensor_029; sensor_030,routine,0.3433312061263561
463,2008-08-28 04:10:00,0,phase_i,0.1049954246403473,2.7965257060722464,0.1773109026154651,False,True,False,sensor_029; sensor_030; sensor_285,medium,0.7498404594767071
464,2008-08-28 04:20:00,0,phase_i,0.064781678436927,2.042728178538716,0.244140928341503,False,True,False,sensor_029; sensor_030; sensor_059,routine,0.5124441608168475
465,2008-08-28 04:54:00,0,phase_i,0.014686858881707,3.466074795836706,0.0086469959155845,False,True,False,sensor_150; sensor_030; sensor_029,routine,0.3312061263560944
466,2008-08-28 05:00:00,0,phase_i,0.1797131656265873,44.98049501616157,14.93615996967854,True,True,True,sensor_059; sensor_345; sensor_030,medium,0.8991703892788768
467,2008-08-28 06:15:00,0,phase_i,0.0683412508818714,3.413224519383128,0.2090897332423817,True,True,False,sensor_030; sensor_029; sensor_021,routine,0.5360561582641991
468,2008-08-28 06:39:00,0,phase_i,0.0157852345869102,3.190681576909443,0.2414665620739881,True,True,False,sensor_030; sensor_029; sensor_285,routine,0.3803446075303127
469,2008-08-28 06:56:00,0,phase_i,0.0363651557625482,1.4051535237821309,0.2539071585911803,False,True,False,sensor_030; sensor_029; sensor_150,routine,0.3752393107849394
470,2008-08-28 07:40:00,0,phase_i,0.1047274410864456,1.837019624133007,0.4232736197246277,False,True,False,sensor_059; sensor_345; sensor_030,medium,0.7472878111040204
471,2008-08-28 07:51:00,0,phase_i,0.0353837681800897,4.14258617825536,0.3984741264660469,False,True,False,sensor_014; sensor_285; sensor_059,routine,0.3637523931078494
472,2008-08-28 08:41:00,0,phase_i,0.0227079402788294,3.818066525765132,0.4492688108684246,False,True,False,sensor_150; sensor_030; sensor_014,routine,0.35864709636247605
473,2008-08-28 09:46:00,0,phase_i,0.0107558517377337,7.200694158242528,0.5105669501685992,False,True,False,sensor_014; sensor_150; sensor_553,routine,0.35290363752393106
474,2008-08-28 09:49:00,0,phase_i,0.0447593958775965,4.1359358138574205,0.960128319127307,False,True,False,sensor_059; sensor_345; sensor_029,routine,0.3490746649649011
475,2008-08-28 10:15:00,0,phase_i,0.1230901180465534,1.348824610929042,0.5874473124854889,False,True,False,sensor_014; sensor_285; sensor_059,medium,0.8028079132099554
476,2008-08-28 10:28:00,0,phase_i,0.0625556075557528,3.382128093861813,0.244906570408668,False,True,False,sensor_030; sensor_059; sensor_345,routine,0.4952137843012125
477,2008-08-28 10:32:00,0,phase_i,0.0421452773969132,5.056702049560102,0.7065263069723515,False,True,False,sensor_059; sensor_345; sensor_029,routine,0.3363114231014678
478,2008-08-28 11:19:00,0,phase_i,0.0441257276504793,3.821324419178272,0.376267341095677,False,True,False,sensor_285; sensor_150; sensor_030,routine,0.3324824505424378
479,2008-08-28 12:44:00,0,phase_i,0.0883598140063667,11.674519513634417,0.536079439497871,False,True,False,sensor_059; sensor_345; sensor_014,routine,0.6636885768985322
480,2008-08-28 14:48:00,0,phase_i,0.0382468747249597,30.23928774988813,1.3246458154964456,True,True,False,sensor_014; sensor_150; sensor_285,routine,0.32865347798340777
481,2008-08-28 15:19:00,0,phase_i,0.0768471642911745,3.46108181358627,0.4373613595636825,True,True,False,sensor_030; sensor_029; sensor_553,routine,0.597319719208679
482,2008-08-28 16:01:00,0,phase_i,0.0252137959843929,4.687822073816788,2.982417967838628,False,True,False,sensor_014; sensor_285; sensor_059,routine,0.3184428844926611
483,2008-08-28 16:43:00,0,phase_i,0.0540658698938074,7.904041581929464,0.3088367130376606,False,True,False,sensor_059; sensor_345; sensor_030,routine,0.42437779195915765
484,2008-08-28 16:52:00,0,phase_i,0.0420891987960455,2.118800847975038,0.3145527979563136,False,True,False,sensor_014; sensor_059; sensor_345,routine,0.31589023611997447
485,2008-08-28 17:21:00,0,phase_i,0.0858594062881349,2.4172594238830447,0.5710489406716336,False,True,False,sensor_014; sensor_150; sensor_059,routine,0.6490108487555839
486,2008-08-28 17:27:00,0,phase_i,0.106588647007542,2.3830368023531268,0.1502115453584913,False,True,False,sensor_059; sensor_345; sensor_285,medium,0.7555839183152521
487,2008-08-28 17:32:00,0,phase_i,0.0638486549431194,1.3317299863134855,0.1147577485790084,False,True,False,sensor_029; sensor_285; sensor_030,routine,0.5054243777919591
488,2008-08-28 18:05:00,0,phase_i,0.0373095368620334,2.56527126387193,0.0448108899341491,False,True,False,sensor_029; sensor_030; sensor_150,routine,0.2820676451818762
489,2008-08-28 18:10:00,0,phase_i,0.0899091262905587,5.170183517434775,0.8108192508454637,False,True,False,sensor_014; sensor_029; sensor_030,routine,0.6713465220165922
490,2008-08-28 18:15:00,0,phase_i,0.0348574026198841,1.7354470912471816,0.5589722305970263,False,True,False,sensor_014; sensor_345; sensor_059,routine,0.26483726866624124
491,2008-08-28 18:25:00,0,phase_i,0.0402727854086535,3.982026632689226,0.7967270097249303,False,True,False,sensor_014; sensor_285; sensor_150,routine,0.29546904913848115
492,2008-08-28 18:47:00,0,phase_i,0.0671841655654807,1.3500406142910648,0.4374260607245649,False,True,False,sensor_014; sensor_285; sensor_059,routine,0.5290363752393108
493,2008-08-28 18:57:00,0,phase_i,0.107887627887998,1.2392139228817738,0.0872571461480272,False,True,False,sensor_059; sensor_345; sensor_150,medium,0.7594128908742821
494,2008-08-28 20:20:00,0,phase_i,0.0638364520573017,4.232078411035342,0.9414772185140716,False,True,False,sensor_014; sensor_150; sensor_285,routine,0.5047862156987875
495,2008-08-28 20:39:00,1,phase_i,0.6451112204208054,2.418232247565193,0.2459173140899803,False,True,False,sensor_014; sensor_150; sensor_285,high,0.9636247606892151
496,2008-08-28 21:03:00,0,phase_i,0.0404700396327328,1.1477070282982096,0.5718870191876401,False,True,False,sensor_014; sensor_030; sensor_029,routine,0.2967453733248245
497,2008-08-28 21:52:00,0,phase_i,0.0323597763694586,7.754749878122196,9.693014122144085,False,True,False,sensor_059; sensor_345; sensor_030,routine,0.2667517549457562
498,2008-08-28 22:57:00,0,phase_i,0.0514407769967092,5.840765489611142,1.1761045870497135,False,True,False,sensor_059; sensor_345; sensor_014,routine,0.40331844288449265
499,2008-08-28 23:40:00,0,phase_i,0.0951366933294898,5.995232357366208,0.2289821213232088,False,True,False,sensor_029; sensor_030; sensor_553,routine,0.6968730057434588
500,2008-08-28 23:42:00,0,phase_i,0.083087233958453,5.157838530044119,2.002364738517806,False,True,False,sensor_014; sensor_030; sensor_150,routine,0.6317804722399489
501,2008-08-29 00:49:00,0,phase_i,0.0573141252191737,4.559630545571122,1.1376293752468012,False,True,False,sensor_014; sensor_030; sensor_285,routine,0.4511805998723676
502,2008-08-29 01:06:00,0,phase_i,0.0940176331755168,2.3144615441537093,0.7438691236583366,False,True,False,sensor_030; sensor_150; sensor_029,routine,0.6892150606253988
503,2008-08-29 02:38:00,0,phase_i,0.0120373248234852,2.198576231287284,0.1297542811533159,False,True,False,sensor_030; sensor_345; sensor_059,routine,0.198468410976388
504,2008-08-29 02:39:00,0,phase_i,0.0390621000921649,13.05442338628882,0.3395392606026156,False,False,False,sensor_014; sensor_285; sensor_029,routine,0.2820676451818762
505,2008-08-29 03:27:00,0,phase_i,0.1380392674591958,1.7579228505805748,0.1603074872904124,False,False,False,sensor_030; sensor_029; sensor_021,medium,0.845564773452457
506,2008-08-29 03:33:00,0,phase_i,0.2216404845974177,4.038910066966314,0.3894763356504919,False,False,False,sensor_029; sensor_030; sensor_059,high,0.9253350350989151
507,2008-08-29 03:46:00,0,phase_i,0.014927584839685,2.6746830080998345,1.7554346084809385,False,False,False,sensor_014; sensor_150; sensor_285,routine,0.07657945118059988
508,2008-08-29 04:55:00,1,phase_i,0.6172142953861317,2.3631484724711664,0.021696604762946,False,False,False,sensor_553; sensor_556; sensor_285,high,0.9534141671984684
509,2008-08-29 04:56:00,0,phase_i,0.0139579682162335,2.237235472366507,0.5679180693163471,False,False,False,sensor_014; sensor_059; sensor_345,routine,0.03956604977664327
510,2008-08-29 05:16:00,0,phase_i,0.0354695055672822,2.366746524095998,0.2022546080204833,False,False,False,sensor_014; sensor_285; sensor_029,routine,0.2322910019144863
511,2008-08-29 05:54:00,0,phase_i,0.0547912094427168,1.7682755241428467,0.3103684627004471,False,False,False,sensor_014; sensor_150; sensor_029,routine,0.43139757498404596
512,2008-08-29 05:54:00,0,phase_i,0.0,4.106336978708746,0.095096893974656,False,False,False,sensor_553; sensor_059; sensor_345,routine,0.012125079770261647
513,2008-08-29 05:57:00,0,phase_i,0.0287704876934604,15.72080948546008,0.6130740927974171,False,False,False,sensor_014; sensor_029; sensor_030,routine,0.15188257817485643
514,2008-08-29 05:57:00,0,phase_i,0.0389818140628968,4.249777341102635,0.0946168008261624,False,False,False,sensor_553; sensor_029; sensor_030,routine,0.2801531589023612
515,2008-08-29 06:35:00,0,phase_i,0.1681594351722376,2.285458499121708,0.5560752123737931,False,False,False,sensor_030; sensor_029; sensor_059,medium,0.8876834716017868
516,2008-08-29 06:37:00,0,phase_i,0.0758970210699741,5.930934869688479,0.3646455569339576,False,False,False,sensor_030; sensor_029; sensor_025,routine,0.591576260370134
517,2008-08-29 06:40:00,0,phase_i,0.0491242655089761,4.182828247859669,0.2966559732023147,False,False,False,sensor_014; sensor_285; sensor_059,routine,0.383535417996171
518,2008-08-29 06:45:00,1,phase_i,0.6804783019280335,7.740666277827528,1.112571051129603,False,False,False,sensor_014; sensor_150; sensor_059,high,0.978940650925335
519,2008-08-29 06:54:00,0,phase_i,0.0520267503125122,2.467222656500231,0.3212267757558867,False,False,False,sensor_014; sensor_150; sensor_029,routine,0.408423739629866
520,2008-08-29 07:18:00,0,phase_i,0.0450091683934058,4.937144607154605,0.2034168314648857,False,False,False,sensor_059; sensor_345; sensor_030,routine,0.34205488194001277
521,2008-08-29 07:22:00,0,phase_i,0.0608114387665548,1.2179371983984624,0.2084790120365824,False,False,False,sensor_029; sensor_030; sensor_059,routine,0.4786215698787492
522,2008-08-29 07:24:00,0,phase_i,0.0674412045320566,2.1735266632339827,2.095141012675588,False,False,False,sensor_014; sensor_285; sensor_150,routine,0.5309508615188258
523,2008-08-29 07:33:00,0,phase_i,0.0783353417528653,6.730713612935991,0.1325732609090279,False,False,False,sensor_030; sensor_029; sensor_014,routine,0.6049776643267389
524,2008-08-29 07:33:00,0,phase_i,0.0731426743215966,2.0861164258864378,0.3851745012056221,False,False,False,sensor_014; sensor_030; sensor_029,routine,0.5711550733886407
525,2008-08-29 08:10:00,0,phase_i,0.0726384179663211,3.0294862207342,0.2299343659491723,False,False,False,sensor_029; sensor_014; sensor_030,routine,0.5679642629227823
526,2008-08-29 08:20:00,0,phase_i,0.042939454547885,5.457025652273955,0.4716856573268725,False,False,False,sensor_014; sensor_059; sensor_345,routine,0.32163369495851946
527,2008-08-29 08:41:00,0,phase_i,0.0725636103314329,6.826843854216632,0.0490858242025284,False,False,False,sensor_059; sensor_345; sensor_150,routine,0.5673261008296108
528,2008-08-29 08:45:00,0,phase_i,0.0555472047800182,2.19353681504322,0.3039173448421419,False,False,False,sensor_285; sensor_014; sensor_059,routine,0.4377791959157626
529,2008-08-29 12:21:00,0,phase_i,0.1059839774975126,3.306063575592889,3.3322019315577607,False,False,False,sensor_014; sensor_150; sensor_285,medium,0.7523931078493937
530,2008-08-29 12:22:00,0,phase_i,0.00875379224275,2.263362724753601,0.267970922315706,False,False,False,sensor_030; sensor_029; sensor_150,routine,0.1148691767708998
531,2008-08-29 12:37:00,0,phase_i,0.0608260164740226,3.729203957811485,0.18655136399792,False,False,False,sensor_014; sensor_150; sensor_553,routine,0.47925973197192084
532,2008-08-29 13:04:00,0,phase_i,0.0372542883751235,3.0989694038819326,0.2621382196361702,False,False,False,sensor_014; sensor_150; sensor_285,routine,0.2552648372686662
533,2008-08-29 13:14:00,0,phase_i,0.0423905410194753,2.264824037378415,0.5512069476622864,False,False,False,sensor_014; sensor_029; sensor_030,routine,0.3178047223994895
534,2008-08-29 13:27:00,0,phase_i,0.0853236069912191,2.739987649936354,0.2198087867791451,False,False,False,sensor_285; sensor_014; sensor_059,routine,0.6458200382897256
535,2008-08-29 13:49:00,0,phase_i,0.0489627133420775,1.8781428892489451,0.2158357427760666,False,False,False,sensor_030; sensor_029; sensor_014,routine,0.381620931716656
536,2008-08-29 14:11:00,0,phase_i,0.0624080736392576,4.446505919099798,0.8790025597246495,False,False,False,sensor_014; sensor_285; sensor_150,routine,0.49329929802169753
537,2008-08-29 14:18:00,0,phase_i,0.0809468900733258,13.755498769032958,0.2119333730345377,False,False,False,sensor_014; sensor_059; sensor_345,routine,0.6190172303765157
538,2008-08-29 14:30:00,0,phase_i,0.0769373301513163,26.198506466633336,0.7678050565003783,True,True,False,sensor_059; sensor_345; sensor_030,routine,0.5979578813018507
539,2008-08-29 15:01:00,0,phase_i,0.0342392682674079,1.4429300355538834,0.2753133165303408,True,True,False,sensor_014; sensor_030; sensor_553,routine,0.24441608168474793
540,2008-08-29 15:43:00,0,phase_i,0.0940895906119545,1.731359162837152,0.2411251769573966,True,True,False,sensor_030; sensor_029; sensor_150,routine,0.6898532227185705
541,2008-08-29 16:26:00,0,phase_i,0.0725209251081923,2.016990311911086,0.2993992867316464,False,True,False,sensor_014; sensor_150; sensor_029,routine,0.5666879387364391
542,2008-08-29 20:21:00,0,phase_i,0.0381995180040241,6.683285781761217,0.5985671294949043,False,True,False,sensor_014; sensor_285; sensor_150,routine,0.2686662412252712
543,2008-08-29 20:49:00,0,phase_i,0.0589960196715136,10.816241567795508,0.5913118636451528,False,True,False,sensor_014; sensor_059; sensor_345,routine,0.4652201659221442
544,2008-08-29 21:25:00,0,phase_i,0.0426680922841929,3.3400304393994737,0.1462465601946222,False,True,False,sensor_059; sensor_345; sensor_553,routine,0.31971920867900444
545,2008-08-29 21:46:00,0,phase_i,0.0246814858253289,1.628934224875365,0.1584084711794459,False,True,False,sensor_059; sensor_345; sensor_030,routine,0.2393107849393746
546,2008-08-29 21:54:00,0,phase_i,0.0697162197974512,10.995096796782851,0.245689470887213,True,True,False,sensor_014; sensor_029; sensor_030,routine,0.547543075941289
547,2008-08-29 22:11:00,0,phase_i,0.0176993960702331,2.223332836858509,0.3837445305171685,True,True,False,sensor_030; sensor_029; sensor_059,routine,0.27760051052967455
548,2008-08-29 22:45:00,0,phase_i,0.0657809181552441,7.3695265291677154,0.0564257886794647,False,True,False,sensor_014; sensor_150; sensor_030,routine,0.5194639438417358
549,2008-08-29 22:49:00,0,phase_i,0.0363337582768263,3.2795183588154453,0.1476327163877993,False,True,False,sensor_029; sensor_030; sensor_059,routine,0.2482450542437779
550,2008-08-29 22:56:00,0,phase_i,0.0992207536442684,3.5743622959215,0.5319531090257524,False,True,False,sensor_029; sensor_059; sensor_345,medium,0.7179323548181238
551,2008-08-30 00:01:00,0,phase_i,0.012024941063671,9.40174692602741,0.3593296047406165,False,True,False,sensor_030; sensor_029; sensor_345,routine,0.27696234843650286
552,2008-08-30 00:05:00,0,phase_i,0.1082844152886433,1.3607088380778043,0.1696789333277797,False,True,False,sensor_030; sensor_029; sensor_014,medium,0.7619655392469687
553,2008-08-30 00:57:00,0,phase_i,0.008921047190679,3.7544322970771313,0.0830834899790863,False,True,False,sensor_029; sensor_030; sensor_150,routine,0.2673899170389279
554,2008-08-30 01:29:00,0,phase_i,0.0249174583603301,3.8039619703790746,0.1340949331631408,False,True,False,sensor_029; sensor_030; sensor_014,routine,0.2693044033184429
555,2008-08-30 02:08:00,0,phase_i,0.0485681656660353,2.124923147781032,1.02442811892127,False,True,False,sensor_014; sensor_150; sensor_059,routine,0.37779195915762603
556,2008-08-30 02:22:00,0,phase_i,0.0597695229245646,24.934844855380927,0.7261215098128859,True,True,False,sensor_030; sensor_029; sensor_059,routine,0.47223994894703253
557,2008-08-30 02:32:00,0,phase_i,0.0202368884137946,2.5554565989653155,0.3885838488858274,False,True,False,sensor_014; sensor_030; sensor_150,routine,0.2322910019144863
558,2008-08-30 02:39:00,0,phase_i,0.0316662843956495,2.485255198738512,0.6912854577300751,False,True,False,sensor_014; sensor_285; sensor_150,routine,0.21123165283982132
559,2008-08-30 02:50:00,0,phase_i,0.0294196833712256,4.212694247925459,0.2280774346903405,False,True,False,sensor_014; sensor_150; sensor_553,routine,0.20931716656030633
560,2008-08-30 03:10:00,0,phase_i,0.0361797945850906,1.737101963451558,0.3339412648060179,False,False,False,sensor_014; sensor_150; sensor_029,routine,0.2412252712188896
561,2008-08-30 04:20:00,0,phase_i,0.127344173646355,3.641784361071147,0.2326700842226683,False,True,False,sensor_553; sensor_285; sensor_556,medium,0.8149329929802169
562,2008-08-30 04:24:00,0,phase_i,0.049325456936358,3.3565024005031643,0.7628469591107854,False,False,False,sensor_014; sensor_285; sensor_059,routine,0.38544990427568604
563,2008-08-30 04:55:00,0,phase_i,0.0992963973128681,4.657562329068898,0.1521318582297084,False,True,False,sensor_014; sensor_030; sensor_029,medium,0.7198468410976387
564,2008-08-30 05:05:00,0,phase_i,0.0335425356578635,2.161594805928717,0.9716794409445662,False,False,False,sensor_029; sensor_030; sensor_059,routine,0.20804084237396298
565,2008-08-30 05:05:00,0,phase_i,0.0976871798980831,3.770603870099764,0.2107494550262036,False,False,False,sensor_553; sensor_059; sensor_345,medium,0.7096362476068921
566,2008-08-30 05:38:00,0,phase_i,0.0300586593906155,2.5581996685317687,0.2009200993941959,False,False,False,sensor_059; sensor_345; sensor_030,routine,0.16400765794511807
567,2008-08-30 05:51:00,0,phase_i,0.1177958001278109,5.326537547857352,1.8082667740935987,False,False,False,sensor_014; sensor_150; sensor_030,medium,0.791959157626037
568,2008-08-30 07:50:00,0,phase_i,0.0247041148305375,2.8689702005078828,0.1785626791059135,False,False,False,sensor_150; sensor_014; sensor_030,routine,0.11869814932992981
569,2008-08-30 07:54:00,0,phase_i,0.1190941866973816,9.721732968611576,0.985206407163958,False,False,False,sensor_014; sensor_150; sensor_285,medium,0.795788130185067
570,2008-08-30 08:10:00,0,phase_i,0.0243577503652039,6.135792794797755,1.5266317148166069,False,False,False,sensor_014; sensor_150; sensor_059,routine,0.1148691767708998
571,2008-08-30 08:29:00,0,phase_i,0.1141574542297988,2.32761681432278,0.2661504112678004,False,False,False,sensor_014; sensor_059; sensor_345,medium,0.778557753669432
572,2008-08-30 08:42:00,0,phase_i,0.0523333463058603,2.2640925589138416,0.1137276986497045,False,False,False,sensor_150; sensor_014; sensor_059,routine,0.412252712188896
573,2008-08-30 08:53:00,0,phase_i,0.008425868643817,5.157756970553661,0.2594774897255608,False,False,False,sensor_014; sensor_285; sensor_553,routine,0.041480536056158264
574,2008-08-30 09:13:00,0,phase_i,0.0497438975301174,4.824107201721828,0.0176263558816337,False,False,False,sensor_150; sensor_014; sensor_059,routine,0.3880025526483727
575,2008-08-30 09:37:00,0,phase_i,0.0484036428873186,1.838631984460136,0.3427914506161862,False,False,False,sensor_030; sensor_014; sensor_150,routine,0.3752393107849394
576,2008-08-30 09:45:00,1,phase_i,0.6448112310671419,3.3594937188635123,8.129942976599748,False,False,False,sensor_030; sensor_029; sensor_021,high,0.9629865985960434
577,2008-08-30 10:15:00,0,phase_i,0.0388822073026774,2.032884430036067,0.3165522424877686,False,False,False,sensor_030; sensor_059; sensor_345,routine,0.27760051052967455
578,2008-08-30 10:16:00,0,phase_i,0.0362981457137967,1.597796283132943,0.3859413941470907,False,False,False,sensor_029; sensor_030; sensor_059,routine,0.24377791959157627
579,2008-08-30 11:12:00,0,phase_i,0.0802053198731159,9.769768726900647,0.3331888548304612,True,True,False,sensor_059; sensor_345; sensor_285,routine,0.614550095724314
580,2008-08-30 11:14:00,0,phase_i,0.044659771468614,1.8218083560984808,0.4091197805371327,False,True,False,sensor_014; sensor_029; sensor_030,routine,0.3395022335673261
581,2008-08-30 11:18:00,0,phase_i,0.0138828725896862,2.497040702286583,0.3652367243459831,False,True,False,sensor_029; sensor_030; sensor_021,routine,0.19591576260370133
582,2008-08-30 11:57:00,0,phase_i,0.0147987994871797,3.261408632108372,0.2484082334798656,False,True,False,sensor_150; sensor_059; sensor_285,routine,0.196553924696873
583,2008-08-30 14:10:00,1,phase_i,0.6941937701884391,4.466665616831628,0.4329079008479521,False,True,False,sensor_059; sensor_345; sensor_029,high,0.9853222718570517
584,2008-08-30 14:23:00,0,phase_i,0.0338814052101438,1.332248961796521,0.4549478647392116,False,False,False,sensor_014; sensor_285; sensor_059,routine,0.21378430121250797
585,2008-08-30 14:37:00,0,phase_i,0.0651679802402195,1.8860898101621792,0.0890212712806893,False,True,False,sensor_150; sensor_014; sensor_285,routine,0.5149968091895342
586,2008-08-30 15:06:00,0,phase_i,0.0541954852606134,14.572327389232887,0.07434460025306,False,False,False,sensor_030; sensor_059; sensor_345,routine,0.42565411614550097
587,2008-08-30 15:16:00,0,phase_i,0.0751059588315029,2.496226750783023,0.4590920510448014,False,False,False,sensor_059; sensor_345; sensor_030,routine,0.5845564773452457
588,2008-08-30 15:37:00,0,phase_i,0.073110908541607,1.9032120695681685,0.7846519780667234,False,False,False,sensor_029; sensor_030; sensor_014,routine,0.570516911295469
589,2008-08-30 15:50:00,0,phase_i,0.0147488869121215,1.4123574397860843,0.409900791476801,False,False,False,sensor_014; sensor_345; sensor_059,routine,0.05041480536056158
590,2008-08-30 15:57:00,0,phase_i,0.0635115065188478,2.3378451457632585,0.3592590925189849,False,False,False,sensor_014; sensor_150; sensor_285,routine,0.5022335673261008
591,2008-08-30 16:24:00,0,phase_i,0.0198889090146229,7.543692658981234,0.1088226022368339,False,False,False,sensor_014; sensor_285; sensor_553,routine,0.08359923420548819
592,2008-08-30 17:05:00,0,phase_i,0.0441082878692933,8.206290357453968,0.7750252569391844,False,False,False,sensor_014; sensor_150; sensor_285,routine,0.3305679642629228
593,2008-08-30 17:49:00,0,phase_i,0.0897251217759263,1.6450646064095136,0.8175184969522542,False,False,False,sensor_014; sensor_150; sensor_285,routine,0.6700701978302489
594,2008-08-30 19:21:00,0,phase_i,0.0184610789989812,3.5941615671163545,0.6930802302390088,False,False,False,sensor_014; sensor_150; sensor_059,routine,0.07530312699425654
595,2008-08-30 19:27:00,0,phase_i,0.0303777063460753,3.1282845533728216,0.1902868765718615,False,False,False,sensor_059; sensor_345; sensor_029,routine,0.16783663050414804
596,2008-08-30 20:11:00,0,phase_i,0.0358736931266424,21.37494522367571,0.2710548414791571,False,False,False,sensor_059; sensor_345; sensor_014,routine,0.23739629865985962
597,2008-08-30 20:53:00,0,phase_i,0.0621491377479354,5.911658500082217,0.4265254396394469,False,False,False,sensor_285; sensor_014; sensor_030,routine,0.4913848117421825
598,2008-08-30 21:53:00,0,phase_i,0.0669084122599307,8.202590311936865,0.0850476737585971,False,True,False,sensor_059; sensor_345; sensor_014,routine,0.5271218889597958
599,2008-08-30 23:51:00,0,phase_i,0.0899593010418733,1.7609447024223173,0.3031841597479279,False,False,False,sensor_014; sensor_059; sensor_345,routine,0.6719846841097639
600,2008-08-31 02:57:00,0,phase_i,0.0573286685469236,1.2485207157750324,0.1329833913816071,False,False,False,sensor_014; sensor_285; sensor_030,routine,0.4518187619655393
601,2008-08-31 04:46:00,1,phase_i,0.6045641647959753,0.7493969428757298,0.536220846584175,False,False,False,sensor_059; sensor_345; sensor_014,high,0.95022335673261
602,2008-08-31 05:05:00,0,phase_i,0.1390323337270278,5.747050515831692,0.4136992323382328,False,False,False,sensor_285; sensor_150; sensor_029,medium,0.8462029355456286
603,2008-08-31 09:11:00,0,phase_i,0.0419386678513541,3.111361690929332,0.7292308553035453,False,False,False,sensor_014; sensor_029; sensor_030,routine,0.3133375877472878
604,2008-08-31 10:36:00,0,phase_i,0.0235659224806071,19.392362796371536,0.4860142093682107,True,True,False,sensor_014; sensor_029; sensor_030,routine,0.23675813656668793
605,2008-08-31 10:59:00,1,phase_i,0.6179585644567719,4.647199873145045,0.6295834283133449,True,True,False,sensor_014; sensor_285; sensor_150,high,0.9546904913848118
606,2008-08-31 10:59:00,0,phase_i,0.0249732957322485,2.2034371182684134,1.4644600998106916,False,True,False,sensor_014; sensor_150; sensor_030,routine,0.22527121888959795
607,2008-08-31 11:03:00,0,phase_i,0.0855542789494538,5.956406508083836,0.5249036627760285,False,True,False,sensor_014; sensor_285; sensor_150,routine,0.6477345245692406
608,2008-08-31 15:09:00,0,phase_i,0.0332523500011965,6.82795988041144,0.5417082382190368,False,True,False,sensor_014; sensor_285; sensor_150,routine,0.21633694958519464
609,2008-08-31 15:13:00,0,phase_i,0.0330436081970388,2.304304490420962,0.546567697418432,False,False,False,sensor_014; sensor_059; sensor_345,routine,0.19974473516273133
610,2008-08-31 16:32:00,0,phase_i,0.0399912923845336,4.257149592350671,0.4661106188084312,False,False,False,sensor_014; sensor_150; sensor_285,routine,0.2910019144862795
611,2008-08-31 20:24:00,0,phase_i,0.0473523510778781,2.048782203268227,0.6576075448352218,False,False,False,sensor_059; sensor_345; sensor_029,routine,0.36439055520102104
612,2008-08-31 21:04:00,0,phase_i,0.0750779144228979,4.672072328495848,0.7156774218385265,False,False,False,sensor_014; sensor_285; sensor_030,routine,0.583918315252074
613,2008-08-31 21:46:00,0,phase_i,0.0078119383329314,0.9436501399496058,0.220003134648278,False,False,False,sensor_014; sensor_059; sensor_345,routine,0.11933631142310147
614,2008-08-31 21:58:00,0,phase_i,0.0350964742454378,4.109815632196866,1.1483657905083655,False,False,False,sensor_059; sensor_345; sensor_014,routine,0.22527121888959795
615,2008-08-31 22:32:00,0,phase_i,0.0142240318410515,3.487764903430989,0.197433248618446,False,False,False,sensor_029; sensor_059; sensor_030,routine,0.04530950861518826
616,2008-08-31 22:48:00,0,phase_i,0.0349698761932869,1.8407259509460343,0.7023629643878262,False,False,False,sensor_014; sensor_150; sensor_285,routine,0.22463305679642628
617,2008-08-31 22:57:00,0,phase_i,0.0676018310783866,11.50716441405,0.6715062216544601,False,False,False,sensor_059; sensor_345; sensor_029,routine,0.5315890236119974
618,2008-09-01 00:01:00,0,phase_i,0.0990260732675553,3.2691966753760147,0.28466490832697,False,False,False,sensor_030; sensor_014; sensor_029,medium,0.7172941927249521
619,2008-09-01 00:39:00,0,phase_i,0.0818487968430952,10.538353800552054,0.2272350353862512,False,False,False,sensor_014; sensor_285; sensor_029,routine,0.6215698787492023
620,2008-09-01 00:45:00,0,phase_i,0.0798044908752924,3.0238118204793047,0.1181601874896031,False,False,False,sensor_285; sensor_553; sensor_014,routine,0.6119974473516273
621,2008-09-01 00:53:00,0,phase_i,0.0358119067802327,1.6227927178119703,0.7071454071732204,False,False,False,sensor_014; sensor_150; sensor_059,routine,0.23675813656668793
622,2008-09-01 05:29:00,0,phase_i,0.0143129620224999,47.56048823066266,0.399795322976871,True,True,False,sensor_059; sensor_345; sensor_030,routine,0.25335035098915126
623,2008-09-01 05:32:00,0,phase_i,0.0298493616379085,1.7540195316709537,0.3547167971323351,True,True,False,sensor_059; sensor_345; sensor_030,routine,0.23356732610082961
624,2008-09-01 06:12:00,0,phase_i,0.0496056291743323,2.585495301206277,1.1006502685958688,False,True,False,sensor_014; sensor_553; sensor_150,routine,0.38672622846202936
625,2008-09-01 06:21:00,0,phase_i,0.0234573043284988,1.2854576377810534,0.8813992560538751,False,True,False,sensor_014; sensor_285; sensor_029,routine,0.20293554562858968
626,2008-09-01 06:52:00,0,phase_i,0.0163753738478369,1.5637325009103291,1.2438760619114224,False,False,False,sensor_014; sensor_285; sensor_150,routine,0.1876196553924697
627,2008-09-01 08:18:00,0,phase_i,0.019053494775044,1.5259472492683015,0.1907888208812635,False,False,False,sensor_014; sensor_059; sensor_345,routine,0.15443522654754308
628,2008-09-01 09:06:00,0,phase_i,0.0420157534782489,2.1445987563501925,0.4713401074719048,False,False,False,sensor_059; sensor_345; sensor_014,routine,0.31461391193363114
629,2008-09-01 09:19:00,0,phase_i,0.0209456118138298,2.7223200513833383,0.8246442493824852,False,False,False,sensor_059; sensor_345; sensor_014,routine,0.09380982769623485
630,2008-09-01 09:54:00,0,phase_i,0.0499268463736938,2.952748284810087,0.2929174404503168,False,False,False,sensor_059; sensor_345; sensor_029,routine,0.3899170389278877
631,2008-09-01 10:57:00,0,phase_i,0.0199418109685659,3.0592215325295533,0.7751790768163264,False,False,False,sensor_014; sensor_150; sensor_345,routine,0.08232291001914487
632,2008-09-01 11:40:00,0,phase_i,0.1355526914705894,3.554187395679029,0.4934803475824527,False,False,False,sensor_029; sensor_030; sensor_059,medium,0.8391831525207403
633,2008-09-01 16:20:00,0,phase_i,0.0519399030070109,11.384852940666292,0.3214687776611692,False,False,False,sensor_014; sensor_150; sensor_553,routine,0.4077855775366943
634,2008-09-01 19:54:00,1,phase_i,0.646196206201769,7.553900891722397,7.827711608630629,False,False,False,sensor_059; sensor_345; sensor_014,high,0.9649010848755584
635,2008-09-01 20:51:00,0,phase_i,0.0826329145045675,2.277814197764074,1.0475803332077749,False,False,False,sensor_030; sensor_029; sensor_014,routine,0.6253988513082323
636,2008-09-01 22:05:00,0,phase_i,0.0337614621509607,6.926421204755891,1.759647844435842,False,False,False,sensor_014; sensor_150; sensor_059,routine,0.21250797702616464
637,2008-09-01 23:05:00,0,phase_i,0.0177783462055728,2.14249788611693,0.2692260599019309,False,False,False,sensor_030; sensor_029; sensor_345,routine,0.06700701978302488
638,2008-09-01 23:19:00,0,phase_i,0.0115250180516841,2.139036068689347,0.2086438227111694,False,False,False,sensor_553; sensor_059; sensor_345,routine,0.02744097000638162
639,2008-09-01 23:24:00,0,phase_i,0.0130875008384604,7.26363512341529,0.1355753353008309,False,False,False,sensor_059; sensor_345; sensor_030,routine,0.08104658583280153
640,2008-09-01 23:28:00,0,phase_i,0.0432612714736953,5.271208340396772,0.6384381796910048,False,False,False,sensor_059; sensor_345; sensor_029,routine,0.3229100191448628
641,2008-09-01 23:39:00,0,phase_i,0.0509697230484265,1.1474127939488792,0.2308598678336944,False,False,False,sensor_014; sensor_059; sensor_345,routine,0.400765794511806
642,2008-09-01 23:45:00,0,phase_i,0.0901879574354247,3.710870793994923,0.4626508201177319,False,False,False,sensor_059; sensor_345; sensor_014,routine,0.6726228462029356
643,2008-09-01 23:59:00,0,phase_i,0.1160257364791562,26.21132807719937,0.9727048844264844,False,False,False,sensor_029; sensor_030; sensor_059,medium,0.784301212507977
644,2008-09-02 00:26:00,0,phase_i,0.0398799093283256,3.1776921186016995,0.2912202376618065,False,False,False,sensor_059; sensor_345; sensor_014,routine,0.28908742820676453
645,2008-09-02 00:31:00,0,phase_i,0.0380146420560619,2.0475203689711536,0.182748021894095,False,False,False,sensor_059; sensor_345; sensor_014,routine,0.2667517549457562
646,2008-09-02 00:46:00,0,phase_i,0.0665556883961609,1.978701936288942,0.239704979951377,False,False,False,sensor_150; sensor_014; sensor_030,routine,0.5239310784939375
647,2008-09-02 01:09:00,0,phase_i,0.0935665413131424,1.0830582762611745,0.1762999867649718,False,False,False,sensor_150; sensor_014; sensor_030,routine,0.6879387364390556
648,2008-09-02 01:10:00,0,phase_i,0.0922250966969053,10.05218220634112,0.4408224289899427,False,False,False,sensor_150; sensor_014; sensor_285,routine,0.6841097638800255
649,2008-09-02 01:10:00,0,phase_i,0.0402327331186334,1.825544765429458,0.241054963588433,False,False,False,sensor_285; sensor_030; sensor_029,routine,0.29419272495213783
650,2008-09-02 01:36:00,0,phase_i,0.0346923993991561,3.70136616974379,0.3706013035606215,False,False,False,sensor_014; sensor_150; sensor_059,routine,0.22016592214422465
651,2008-09-02 01:50:00,0,phase_i,0.0263212327011741,2.581205818022884,0.5956130972100852,False,False,False,sensor_014; sensor_029; sensor_059,routine,0.13465220165922145
652,2008-09-02 02:02:00,0,phase_i,0.0374299070996076,3.852674296712166,1.8051876995790952,False,False,False,sensor_014; sensor_029; sensor_285,routine,0.2597319719208679
653,2008-09-02 02:11:00,0,phase_i,0.0253815139103381,76.76592729872809,0.4178833891997806,True,True,False,sensor_059; sensor_345; sensor_014,routine,0.2724952137843012
654,2008-09-02 02:50:00,0,phase_i,0.0062037776004256,2.231211711931844,0.326824902235554,True,True,False,sensor_553; sensor_059; sensor_345,routine,0.2501595405232929
655,2008-09-02 02:52:00,0,phase_i,0.0701215494761304,4.295729739074203,0.1673862429702325,True,True,False,sensor_014; sensor_285; sensor_059,routine,0.5494575622208041
656,2008-09-02 03:33:00,0,phase_i,0.0353592912541741,5.686555548815755,0.4069694351050038,False,True,False,sensor_285; sensor_014; sensor_553,routine,0.2297383535417996
657,2008-09-02 03:35:00,0,phase_i,0.0335903999181961,2.5702524481243136,0.1301851764932206,False,True,False,sensor_029; sensor_030; sensor_553,routine,0.209955328653478
658,2008-09-02 03:35:00,0,phase_i,0.0534039341014922,4.877608501349807,0.7211866006782045,False,True,False,sensor_014; sensor_150; sensor_059,routine,0.41863433312061266
659,2008-09-02 04:19:00,0,phase_i,0.103463529952746,2.4230760331242545,0.1427194610544059,False,False,False,sensor_030; sensor_029; sensor_150,medium,0.7396298659859605
660,2008-09-02 04:22:00,0,phase_i,0.0460848190920093,2.985302852890161,0.7747739723308668,False,False,False,sensor_150; sensor_014; sensor_030,routine,0.3522654754307594
661,2008-09-02 05:46:00,0,phase_i,0.0631303170697456,1.9485363739082309,0.2042949807149113,False,False,False,sensor_030; sensor_029; sensor_345,routine,0.49840459476707083
662,2008-09-02 06:03:00,0,phase_i,0.071631592503875,3.193927209644521,0.3860952593176899,False,False,False,sensor_030; sensor_029; sensor_285,routine,0.5615826419910658
663,2008-09-02 06:19:00,0,phase_i,0.0436540496359983,1.3136643359987046,0.3247250486973191,False,False,False,sensor_014; sensor_285; sensor_345,routine,0.32546266751754943
664,2008-09-02 06:32:00,0,phase_i,0.0573433072181308,1.5953989920706615,0.1915627843214785,False,False,False,sensor_014; sensor_150; sensor_285,routine,0.4530950861518826
665,2008-09-02 06:48:00,0,phase_i,0.0233753655677107,1.8334370061620644,0.1490173535639729,False,False,False,sensor_029; sensor_030; sensor_059,routine,0.10338225909380983
666,2008-09-02 07:22:00,0,phase_i,0.0303493241502695,2.5901576527960946,0.917731221008649,False,False,False,sensor_014; sensor_285; sensor_150,routine,0.16656030631780472
667,2008-09-02 07:32:00,0,phase_i,0.0877168175519281,94.71587525271512,2.8784099630526816,True,True,True,sensor_029; sensor_030; sensor_014,routine,0.6598596043395022
668,2008-09-02 08:15:00,0,phase_i,0.0754051994911035,1.1901051014176118,0.4863657530740466,False,True,False,sensor_029; sensor_030; sensor_059,routine,0.5871091257179324
669,2008-09-02 08:54:00,0,phase_i,0.0489494865438583,3.492060993023847,0.449756683095751,False,True,False,sensor_014; sensor_029; sensor_059,routine,0.3803446075303127
670,2008-09-02 09:36:00,0,phase_i,0.0843955403110598,5.8850193773419095,0.2424552713966193,False,False,False,sensor_014; sensor_150; sensor_029,routine,0.6407147415443523
671,2008-09-02 09:37:00,0,phase_i,0.0444775645101108,1.1327113811360388,1.4972064874371471,False,False,False,sensor_014; sensor_150; sensor_285,routine,0.3369495851946394
672,2008-09-02 10:13:00,0,phase_i,0.0792460622958309,2.504466042200741,0.4665224966205613,False,False,False,sensor_059; sensor_345; sensor_150,routine,0.6100829610721124
673,2008-09-02 10:21:00,0,phase_i,0.0114159271564216,2.3435692764735183,0.622091577746084,False,False,False,sensor_014; sensor_285; sensor_059,routine,0.07849393746011486
674,2008-09-02 10:25:00,0,phase_i,0.0301384276701523,5.983455706030634,0.1309784197106458,False,False,False,sensor_030; sensor_029; sensor_285,routine,0.1652839821314614
675,2008-09-02 10:33:00,0,phase_i,0.0218544879700109,2.6699400326741807,0.8861204178330483,False,False,False,sensor_014; sensor_150; sensor_029,routine,0.11295469049138482
676,2008-09-02 11:08:00,0,phase_i,0.043076388515068,1.3591116335676212,1.4110471681757313,False,False,False,sensor_014; sensor_150; sensor_285,routine,0.32227185705169115
677,2008-09-02 11:22:00,0,phase_i,0.0251242835089683,1.9140141022413009,0.0589578799791227,False,False,False,sensor_285; sensor_030; sensor_029,routine,0.12571793235481812
678,2008-09-02 11:47:00,0,phase_i,0.015125640074999,1.7938729315794426,0.1721517501571289,False,False,False,sensor_029; sensor_030; sensor_021,routine,0.07019783024888322
679,2008-09-02 11:49:00,0,phase_i,0.0566405111974072,1.242220674460516,0.4791864070261316,False,False,False,sensor_014; sensor_285; sensor_150,routine,0.4447989789406509
680,2008-09-02 12:01:00,0,phase_i,0.0534855634009624,12.592249945653846,4.4761513150838415,False,False,False,sensor_014; sensor_150; sensor_285,routine,0.4192724952137843
681,2008-09-02 12:17:00,0,phase_i,0.0458578615977566,2.4284943712720257,0.5692691739651855,False,False,False,sensor_014; sensor_059; sensor_345,routine,0.3484365028717294
682,2008-09-02 12:26:00,0,phase_i,0.0466141390946241,5.531280843329054,0.5407584266139944,False,False,False,sensor_014; sensor_150; sensor_345,routine,0.3573707721761327
683,2008-09-02 12:30:00,0,phase_i,0.0828905414898592,4.965330214922719,0.6263865332729835,False,False,False,sensor_030; sensor_029; sensor_014,routine,0.6285896617740906
684,2008-09-02 12:44:00,0,phase_i,0.0363093233010663,6.246772595050851,0.1527909921582163,False,False,False,sensor_029; sensor_030; sensor_150,routine,0.24441608168474793
685,2008-09-02 13:05:00,0,phase_i,0.0723995617412236,3.163626328765974,1.4132276500770649,False,False,False,sensor_014; sensor_059; sensor_345,routine,0.5654116145500957
686,2008-09-02 13:08:00,0,phase_i,0.1019576970847203,1.2435972367999517,0.1150776582703141,False,False,False,sensor_150; sensor_029; sensor_285,medium,0.7338864071474155
687,2008-09-02 13:27:00,0,phase_i,0.0206139574458394,2.736795686595316,0.9735918983225704,False,False,False,sensor_014; sensor_059; sensor_345,routine,0.14805360561582642
688,2008-09-02 13:40:00,0,phase_i,0.072824768531404,3.4468393226007805,0.2545112552269205,False,False,False,sensor_014; sensor_059; sensor_345,routine,0.568602425015954
689,2008-09-02 14:09:00,0,phase_i,0.1136739307803968,7.949320223508917,0.2736337784886745,False,True,False,sensor_014; sensor_285; sensor_029,medium,0.7766432673899171
690,2008-09-02 14:21:00,0,phase_i,0.0091405297232915,11.109643293097225,1.2229132884207146,True,True,False,sensor_014; sensor_150; sensor_029,routine,0.2539885130823229
691,2008-09-02 14:34:00,0,phase_i,0.0368530485278863,5.535572152078599,0.9445019335638828,True,True,False,sensor_014; sensor_059; sensor_345,routine,0.25845564773452456
692,2008-09-02 15:29:00,0,phase_i,0.0472601399606206,1.9531345982148989,0.358177039105324,True,True,False,sensor_150; sensor_029; sensor_030,routine,0.3637523931078494
693,2008-09-02 16:10:00,0,phase_i,0.0379502867022439,2.805365208784691,0.6242289182625137,True,True,False,sensor_059; sensor_345; sensor_285,routine,0.2654754307594129
694,2008-09-02 16:50:00,0,phase_i,0.0666417089505948,2.161126483318742,0.2923579626960146,False,True,False,sensor_014; sensor_150; sensor_029,routine,0.5252074026802808
695,2008-09-02 16:54:00,0,phase_i,0.0729961262284951,2.897847964134203,0.4170432580743773,False,True,False,sensor_014; sensor_030; sensor_029,routine,0.5698787492022974
696,2008-09-02 16:58:00,0,phase_i,0.0092029649852019,2.4887614692889946,0.2653398581437839,False,True,False,sensor_059; sensor_345; sensor_150,routine,0.25207402680280794
697,2008-09-02 17:10:00,0,phase_i,0.0265023047165368,3.195843601328324,1.803192217236464,False,True,False,sensor_014; sensor_285; sensor_150,routine,0.26994256541161454
698,2008-09-02 17:18:00,0,phase_i,0.0303676895064679,17.369389128140813,0.8600524417948542,False,True,False,sensor_150; sensor_014; sensor_553,routine,0.2763241863433312
699,2008-09-02 18:38:00,0,phase_i,0.0744471405236593,1.15893899968669,0.2767871152378188,False,True,False,sensor_150; sensor_014; sensor_030,routine,0.5794511805998723
700,2008-09-02 18:52:00,0,phase_i,0.0701335719176755,2.022954793025404,0.8693931611199185,False,True,False,sensor_014; sensor_285; sensor_150,routine,0.5500957243139758
701,2008-09-02 19:18:00,0,phase_i,0.0139740797971978,235.988420660609,0.7191505455279223,True,True,True,sensor_014; sensor_059; sensor_345,routine,0.3241863433312061
702,2008-09-02 20:18:00,0,phase_i,0.0361820850963816,2.587290988769002,0.4488947886273195,True,True,False,sensor_029; sensor_030; sensor_059,routine,0.3178047223994895
703,2008-09-02 20:52:00,0,phase_i,0.0304425310298692,3.3668634748979174,0.0706620042487047,True,True,False,sensor_285; sensor_553; sensor_550,routine,0.31525207402680283
704,2008-09-02 20:58:00,0,phase_i,0.0648648054869869,2.8539806267537253,0.2317124466531202,True,True,False,sensor_014; sensor_150; sensor_059,routine,0.5130823229100191
705,2008-09-02 20:59:00,0,phase_i,0.0614561529050357,3.468805823733823,0.3523650550123945,True,True,False,sensor_014; sensor_150; sensor_345,routine,0.4843650287172942
706,2008-09-03 00:18:00,0,phase_i,0.0634913264856178,7.309415375654468,0.4294487902117466,False,True,False,sensor_014; sensor_059; sensor_345,routine,0.5015954052329291
707,2008-09-03 00:45:00,0,phase_i,0.1214567185418283,1.5413693481622663,0.4350079280570639,False,True,False,sensor_014; sensor_150; sensor_285,medium,0.7989789406509253
708,2008-09-03 00:58:00,0,phase_i,0.0319787271997315,4.418275999581442,0.858347317972496,False,True,False,sensor_014; sensor_285; sensor_150,routine,0.28334396936821954
709,2008-09-03 01:15:00,1,phase_i,0.6512100332381651,2.140933607642267,0.5671465398280225,False,True,False,sensor_014; sensor_150; sensor_029,high,0.9680918953414167
710,2008-09-03 01:32:00,0,phase_i,0.0608701431520036,1.7125793102932303,0.2417316949117126,False,True,False,sensor_014; sensor_150; sensor_285,routine,0.4805360561582642
711,2008-09-03 04:18:00,0,phase_i,0.0249395898991814,5.554117391831692,0.4678090813419774,False,True,False,sensor_059; sensor_345; sensor_030,routine,0.29546904913848115
712,2008-09-03 06:26:00,0,phase_i,0.0366995338894398,2.2505597447543706,0.7223252719468973,False,True,False,sensor_014; sensor_285; sensor_150,routine,0.28908742820676453
713,2008-09-03 09:38:00,0,phase_i,0.0333491721538622,1.56010972878638,0.3080989453626232,False,True,False,sensor_029; sensor_059; sensor_345,routine,0.2948308870453095
714,2008-09-03 14:24:00,0,phase_i,0.008717442628451,5.336084184720946,0.3691494484442792,False,True,False,sensor_285; sensor_059; sensor_345,routine,0.30312699425654116
715,2008-09-03 14:29:00,0,phase_i,0.0614523222933524,11.4922513629034,0.3304307889404997,False,True,False,sensor_030; sensor_029; sensor_014,routine,0.4837268666241225
716,2008-09-03 17:22:00,0,phase_i,0.0945473973154126,1.6878607261018332,0.1350606402450896,False,True,False,sensor_014; sensor_553; sensor_030,routine,0.6930440331844289
717,2008-09-03 18:16:00,0,phase_i,0.0594968396084355,2.118201407264425,0.6139414262149571,False,True,False,sensor_014; sensor_059; sensor_345,routine,0.4696873005743459
718,2008-09-03 18:16:00,0,phase_i,0.0571831294169502,3.291571047138036,0.4910860152541476,False,True,False,sensor_014; sensor_285; sensor_150,routine,0.4505424377791959
719,2008-09-03 20:00:00,0,phase_i,0.0150247034121128,3.4494729212481907,2.1872972456640354,True,True,False,sensor_014; sensor_150; sensor_285,routine,0.32163369495851946
720,2008-09-03 20:10:00,0,phase_i,0.0182481651745982,24.5761429977094,0.2504350434024742,True,True,False,sensor_059; sensor_014; sensor_345,routine,0.3209955328653478
721,2008-09-04 08:01:00,0,phase_i,0.0410470472115041,3.5650951272808973,0.7981479429530474,True,True,False,sensor_014; sensor_029; sensor_030,routine,0.32035737077217613
722,2008-09-04 08:22:00,0,phase_i,0.0148684286220334,2.6822132193208974,0.3180531401624403,True,True,False,sensor_014; sensor_150; sensor_285,routine,0.3248245054243778
723,2008-09-04 08:33:00,0,phase_i,0.0843807638326139,6.498015611625132,0.4640076127651248,True,True,False,sensor_030; sensor_029; sensor_014,routine,0.6400765794511806
724,2008-09-04 08:41:00,0,phase_i,0.0213687746343171,3.3239317462310645,0.4052105979796943,True,True,False,sensor_014; sensor_285; sensor_029,routine,0.30121250797702614
725,2008-09-04 08:53:00,0,phase_i,0.0707493248283318,13.022891174315518,0.1072892490833508,False,True,False,sensor_285; sensor_059; sensor_345,routine,0.5552010210593491
726,2008-09-04 11:50:00,0,phase_i,0.0199128607823779,2.0360792493454394,1.53929308586024,False,True,False,sensor_014; sensor_285; sensor_150,routine,0.30248883216336947
727,2008-09-04 14:09:00,0,phase_i,0.0673492054373176,1.9423019438848763,0.207615492883192,False,True,False,sensor_059; sensor_345; sensor_285,routine,0.5303126994256541
728,2008-09-04 14:11:00,0,phase_i,0.0615127982038554,1.967428532252236,0.2242510081997757,False,True,False,sensor_014; sensor_285; sensor_030,routine,0.4856413529036375
729,2008-09-04 14:48:00,0,phase_i,0.0203380051509254,1.4612097339845451,0.1521286929350772,False,True,False,sensor_030; sensor_029; sensor_553,routine,0.2814294830887045
730,2008-09-04 16:30:00,0,phase_i,0.0147669501548993,2.251506354407946,1.0405348363459197,False,True,False,sensor_014; sensor_150; sensor_030,routine,0.2871729419272495
731,2008-09-04 16:41:00,0,phase_i,0.0482973136345754,1.9309279328966025,0.2759152211508218,False,True,False,sensor_014; sensor_059; sensor_345,routine,0.37396298659859606
732,2008-09-04 16:56:00,0,phase_i,0.0550874201979792,4.96046936434459,0.0498304163252441,False,True,False,sensor_150; sensor_029; sensor_030,routine,0.4339502233567326
733,2008-09-04 17:30:00,0,phase_i,0.0427029095891402,1.842593671812629,0.4753189817180893,False,True,False,sensor_014; sensor_150; sensor_029,routine,0.32035737077217613
734,2008-09-05 15:30:00,0,phase_i,0.0365054914589756,9.593535464824694,0.5005157498012719,False,True,False,sensor_014; sensor_285; sensor_059,routine,0.27185705169112956
735,2008-09-05 21:48:00,0,phase_i,0.0720529945747557,2.6415654537564146,0.1519730920950506,False,True,False,sensor_285; sensor_014; sensor_029,routine,0.5634971282705807
736,2008-09-07 00:08:00,0,phase_i,0.0826814233303693,60.81183789392773,0.5652615435875108,True,True,False,sensor_059; sensor_345; sensor_150,routine,0.6260370134014039
737,2008-09-07 00:12:00,0,phase_i,0.0453253220618739,55.41432891914879,0.2147987466409716,True,True,False,sensor_014; sensor_150; sensor_029,routine,0.3446075303126994
738,2008-09-07 00:49:00,0,phase_i,0.0741271676742354,76.25999892505124,1.4834021326154871,True,True,False,sensor_285; sensor_014; sensor_150,routine,0.5775366943203574
739,2008-09-07 10:52:00,0,phase_i,0.0064200315186165,68.78825200189596,0.9160271791899012,True,True,False,sensor_014; sensor_285; sensor_029,routine,0.3548181238034461
740,2008-09-07 12:04:00,0,phase_i,0.0314287839376646,29.55059451094468,0.3900581921651027,True,True,False,sensor_014; sensor_150; sensor_029,routine,0.32801531589023614
741,2008-09-07 12:20:00,0,phase_i,0.018258576304822,2.756732150612481,0.6324313996218244,True,True,False,sensor_014; sensor_150; sensor_029,routine,0.3229100191448628
742,2008-09-07 13:02:00,0,phase_i,0.0529403389367413,66.4495317532338,0.8594443796233174,True,True,False,sensor_014; sensor_285; sensor_059,routine,0.41289087428206767
743,2008-09-07 18:02:00,0,phase_i,0.0441382212217851,21.686075508135477,0.2268324165321135,True,True,False,sensor_014; sensor_150; sensor_285,routine,0.3356732610082961
744,2008-09-07 18:24:00,0,phase_i,0.0949325405556749,1.8750419774941005,0.4723212837054137,False,True,False,sensor_014; sensor_285; sensor_030,routine,0.6955966815571155
745,2008-09-07 18:49:00,0,phase_i,0.0180339812722693,66.62181923906459,1.386540999119728,True,True,False,sensor_014; sensor_285; sensor_150,routine,0.387364390555201
746,2008-09-07 19:29:00,0,phase_i,0.0860517660695603,69.05418333912189,0.5060393705911393,True,True,False,sensor_285; sensor_014; sensor_059,routine,0.6496490108487556
747,2008-09-07 19:31:00,0,phase_i,0.0116657055783107,41.827104606456,0.3473729319906669,True,True,False,sensor_059; sensor_345; sensor_150,routine,0.41735800893426933
748,2008-09-07 20:12:00,0,phase_i,0.0207698072653475,3.1367605175389888,0.106852140317455,True,True,False,sensor_029; sensor_030; sensor_014,routine,0.4135290363752393
749,2008-09-07 20:50:00,0,phase_i,0.0462891650358001,22.6009973530001,1.0691657065287463,False,True,False,sensor_014; sensor_285; sensor_553,routine,0.39055520102105934
750,2008-09-07 23:33:00,0,phase_i,0.0407296651074218,71.84082328758214,1.6434441391733123,True,True,False,sensor_014; sensor_285; sensor_059,routine,0.42565411614550097
751,2008-09-08 00:32:00,0,phase_ii,0.0537427091847848,9.119262904754516,0.7726171860772614,True,True,False,sensor_014; sensor_030; sensor_345,routine,0.42246330567964263
752,2008-09-08 00:40:00,0,phase_ii,0.067199756491394,0.5269878404348259,0.1737792579800532,True,True,False,sensor_553; sensor_285; sensor_556,routine,0.5296745373324825
753,2008-09-08 01:24:00,0,phase_ii,0.0349129036531579,2.8619014103789078,0.1537824987859402,True,True,False,sensor_059; sensor_345; sensor_150,routine,0.41799617102744097
754,2008-09-08 03:32:00,0,phase_ii,0.0664735930313279,4.317041429328804,0.181709116752255,False,True,False,sensor_150; sensor_014; sensor_285,routine,0.5232929164007658
755,2008-09-08 03:48:00,0,phase_ii,0.0616130995116502,2.8488363793426825,0.8152176479998477,False,True,False,sensor_030; sensor_014; sensor_029,routine,0.4881940012763242
756,2008-09-08 04:21:00,0,phase_ii,0.0111116971007501,4.743769006784003,0.3857499609870678,False,True,False,sensor_285; sensor_059; sensor_345,routine,0.406509253350351
757,2008-09-08 06:37:00,0,phase_ii,0.023847369565584,7.134524761679202,1.4132982125928548,False,True,False,sensor_014; sensor_150; sensor_285,routine,0.40331844288449265
758,2008-09-08 07:14:00,0,phase_ii,0.0331007165754333,68.47059315487714,0.75258462198927,True,True,False,sensor_014; sensor_285; sensor_029,routine,0.4333120612635609
759,2008-09-08 07:41:00,0,phase_ii,0.0571463404768688,70.0958904883374,0.6402302703797909,True,True,False,sensor_014; sensor_059; sensor_345,routine,0.4582003828972559
760,2008-09-08 18:46:00,0,phase_ii,0.0438028195011312,67.49145838207714,1.250855962704588,True,True,False,sensor_014; sensor_285; sensor_553,routine,0.4901084875558392
761,2008-09-08 19:14:00,0,phase_ii,0.0477056558609004,68.0581955257542,0.9435401647036348,True,True,False,sensor_014; sensor_285; sensor_059,routine,0.5003190810465858
762,2008-09-08 19:15:00,0,phase_ii,0.0131204159313398,195.4546833877405,4.895672552599262,True,True,True,sensor_014; sensor_030; sensor_029,routine,0.4639438417358009
763,2008-09-08 19:25:00,0,phase_ii,0.0353852246215451,68.7017275432723,0.4936834816610766,True,True,False,sensor_150; sensor_014; sensor_030,routine,0.49393746011486916
764,2008-09-08 19:33:00,0,phase_ii,0.0200062137678872,182.21789648410456,1.803050379962308,True,True,True,sensor_014; sensor_029; sensor_030,routine,0.4409700063816209
765,2008-09-08 20:00:00,0,phase_ii,0.0305348984404483,2.916555618336517,0.9572324177412892,True,True,False,sensor_014; sensor_285; sensor_345,routine,0.4384173580089343
766,2008-09-08 21:36:00,0,phase_ii,0.0782674346639495,69.44892254034175,0.520145072307854,True,True,False,sensor_014; sensor_030; sensor_029,routine,0.6043395022335674
767,2008-09-08 21:53:00,0,phase_ii,0.0489560719029744,75.61886954628199,3.2597408205631613,True,True,False,sensor_014; sensor_150; sensor_029,routine,0.4952137843012125
768,2008-09-08 22:17:00,0,phase_ii,0.0387383100621358,53.43925489010114,0.2585602586414319,True,True,False,sensor_150; sensor_014; sensor_285,routine,0.5015954052329291
769,2008-09-09 00:25:00,0,phase_ii,0.0823560109671746,9.56666236450748,1.8908815394690883,True,True,False,sensor_014; sensor_285; sensor_150,routine,0.6247606892150607
770,2008-09-09 03:53:00,0,phase_ii,0.0333464440924541,67.73969543896229,0.4145913075234858,True,True,False,sensor_014; sensor_150; sensor_059,routine,0.5028717294192725
771,2008-09-09 08:44:00,0,phase_ii,0.0321516820151241,5.480525628527657,0.840476121765474,True,True,False,sensor_014; sensor_285; sensor_150,routine,0.5022335673261008
772,2008-09-10 07:26:00,0,phase_ii,0.0133051114845917,282.7327321555843,5.741430657659039,True,True,True,sensor_014; sensor_285; sensor_030,routine,0.4894703254626675
773,2008-09-10 09:21:00,0,phase_ii,0.0299651781081203,71.90165346723472,1.6945430062035505,True,True,False,sensor_014; sensor_150; sensor_285,routine,0.49968091895341415
774,2008-09-10 20:52:00,0,phase_ii,0.1465902926624197,23.722020573532824,1.7229197867190775,True,True,False,sensor_014; sensor_285; sensor_029,medium,0.8596043395022336
775,2008-09-10 20:53:00,0,phase_ii,0.0360231464308071,179.46362005232317,7.293013682843831,True,True,True,sensor_014; sensor_285; sensor_150,routine,0.4511805998723676
776,2008-09-10 21:56:00,0,phase_ii,0.0563181613583289,117.11269348179064,2.365820420659621,True,True,True,sensor_014; sensor_059; sensor_345,routine,0.44288449266113594
777,2008-09-10 23:30:00,0,phase_ii,0.0443287668445566,21.610697065648413,1.5349669849381458,True,True,False,sensor_029; sensor_030; sensor_014,routine,0.4077855775366943
778,2008-09-10 23:43:00,0,phase_ii,0.0844961072723066,137.0430913231418,0.8721346904228967,True,True,True,sensor_059; sensor_345; sensor_014,routine,0.641352903637524
779,2008-09-11 00:17:00,0,phase_ii,0.0209960991181025,161.13771413473543,6.078985116367056,True,True,True,sensor_014; sensor_285; sensor_150,routine,0.46266751754945756
780,2008-09-11 05:20:00,0,phase_ii,0.0286528644636928,68.66801113170924,2.7157537382677037,True,True,False,sensor_014; sensor_150; sensor_345,routine,0.4339502233567326
781,2008-09-11 06:04:00,0,phase_ii,0.0477444847252148,17.56980382896901,4.3652001759832775,True,True,False,sensor_014; sensor_285; sensor_030,routine,0.4454371410338226
782,2008-09-11 07:43:00,0,phase_ii,0.0364002057961,65.97606468156268,1.3605883682413331,True,True,False,sensor_014; sensor_285; sensor_029,routine,0.4192724952137843
783,2008-09-11 08:06:00,0,phase_ii,0.0643751962448499,215.2773977490721,3.7380309479541673,True,True,True,sensor_014; sensor_059; sensor_345,routine,0.5086151882578175
784,2008-09-11 08:58:00,0,phase_ii,0.0546267991584749,65.40171516931251,1.1679479510923336,True,True,False,sensor_059; sensor_345; sensor_029,routine,0.4390555201021059
785,2008-09-11 09:24:00,0,phase_ii,0.019214948487073,161.26213122486126,1.024472803664116,True,True,True,sensor_029; sensor_030; sensor_285,routine,0.48883216336949586
786,2008-09-11 12:47:00,0,phase_ii,0.0684035565393233,56.8854963748813,1.347358165956287,True,True,False,sensor_014; sensor_030; sensor_029,routine,0.5366943203573707
787,2008-09-11 13:36:00,0,phase_ii,0.0583525470931302,128.57172564676114,5.927070354873478,True,True,True,sensor_014; sensor_285; sensor_345,routine,0.4716017868538609
788,2008-09-11 14:20:00,0,phase_ii,0.0455785873727494,1379.6977959340245,13.89719469144054,True,True,True,sensor_014; sensor_285; sensor_150,routine,0.5035098915124442
789,2008-09-11 14:24:00,0,phase_ii,0.0977095208717178,234.5149939404042,4.043869592923137,True,True,True,sensor_014; sensor_285; sensor_150,medium,0.7102744097000638
790,2008-09-11 14:31:00,0,phase_ii,0.0409270072683337,168.3969490937957,2.0227184578119983,True,True,True,sensor_059; sensor_345; sensor_014,routine,0.5041480536056159
791,2008-09-11 15:05:00,0,phase_ii,0.0233443734853347,123.24054035206136,4.449839530910508,True,True,True,sensor_014; sensor_285; sensor_030,routine,0.5067007019783025
792,2008-09-11 15:08:00,0,phase_ii,0.0465059734661798,114.8935892935742,3.0656138101225308,True,True,True,sensor_014; sensor_285; sensor_150,routine,0.5079770261646458
793,2008-09-11 16:28:00,0,phase_ii,0.0374190451576022,53.59066432566567,2.8963778631745263,True,True,False,sensor_014; sensor_285; sensor_150,routine,0.5073388640714741
794,2008-09-11 21:13:00,0,phase_ii,0.0180675183792083,69.00914060904593,2.472820845739093,True,True,False,sensor_014; sensor_150; sensor_285,routine,0.5047862156987875
795,2008-09-11 22:07:00,1,phase_ii,0.6347198218692626,130.28921327636996,1.3853265910411643,True,True,True,sensor_030; sensor_059; sensor_029,high,0.9597957881301851
796,2008-09-11 23:10:00,0,phase_ii,0.0388650997476693,285.2934968382873,1.7969888009573294,True,True,True,sensor_030; sensor_029; sensor_345,routine,0.5086151882578175
797,2008-09-11 23:48:00,1,phase_ii,0.635890807981483,128.2487748728199,1.8182094720929745,True,True,True,sensor_014; sensor_030; sensor_285,high,0.9610721123165284
798,2008-09-12 05:11:00,0,phase_ii,0.0893743904939431,137.00150817942065,1.5892534752735064,True,True,True,sensor_014; sensor_285; sensor_059,routine,0.6668793873643906
799,2008-09-12 05:55:00,0,phase_ii,0.1137154122245524,108.7688940118484,1.1897260613503402,True,True,True,sensor_014; sensor_059; sensor_345,medium,0.7772814294830888
800,2008-09-12 06:38:00,0,phase_ii,0.1016903461195001,73.3199602396357,2.687423757366467,True,True,False,sensor_014; sensor_029; sensor_030,medium,0.7326100829610721
801,2008-09-12 06:41:00,0,phase_ii,0.0507337910501128,1.5738751204804469,1.937811620865908,True,True,False,sensor_014; sensor_150; sensor_285,routine,0.5098915124441609
802,2008-09-12 06:45:00,0,phase_ii,0.0531410570807256,78.14667588593198,2.325614233135584,True,True,False,sensor_014; sensor_285; sensor_029,routine,0.5124441608168475
803,2008-09-12 07:21:00,0,phase_ii,0.0230495519686029,71.80151833368649,0.4815374463837466,True,True,False,sensor_014; sensor_285; sensor_030,routine,0.5130823229100191
804,2008-09-12 07:29:00,0,phase_ii,0.0613029936926624,158.92869609572045,1.8514942002857893,True,True,True,sensor_014; sensor_030; sensor_029,routine,0.5137204850031908
805,2008-09-12 07:38:00,0,phase_ii,0.0703403011293383,280.61205368120227,5.722356501656923,True,True,True,sensor_014; sensor_285; sensor_150,routine,0.5513720485003191
806,2008-09-12 11:57:00,0,phase_ii,0.0410690861822292,40.13611093231838,1.3582316653418556,True,True,False,sensor_014; sensor_150; sensor_285,routine,0.5143586470963625
807,2008-09-12 13:08:00,0,phase_ii,0.0176893091521146,177.5979827483986,4.28298623706204,True,True,True,sensor_014; sensor_285; sensor_029,routine,0.5156349712827059
808,2008-09-12 14:52:00,0,phase_ii,0.0326519137169932,33.639397223563584,1.719111026069327,True,True,False,sensor_014; sensor_030; sensor_029,routine,0.5162731333758774
809,2008-09-12 15:40:00,0,phase_ii,0.0607500977971006,119.1150156736896,3.4311663547047924,True,True,True,sensor_030; sensor_029; sensor_014,routine,0.5169112954690491
810,2008-09-12 16:23:00,0,phase_ii,0.0551999565306641,247.41313659837087,0.895290222787342,True,True,True,sensor_059; sensor_345; sensor_029,routine,0.5175494575622208
811,2008-09-12 18:01:00,0,phase_ii,0.0154558968023215,133.92118477563716,1.668799494282997,True,True,True,sensor_014; sensor_285; sensor_059,routine,0.5181876196553925
812,2008-09-12 18:52:00,0,phase_ii,0.0312312716661969,146.51179423291214,1.1481030246756012,True,True,True,sensor_030; sensor_059; sensor_345,routine,0.5194639438417358
813,2008-09-12 19:36:00,0,phase_ii,0.0286785553879576,149.8412257987538,3.0801176641655363,True,True,True,sensor_014; sensor_285; sensor_059,routine,0.5188257817485641
814,2008-09-12 20:28:00,0,phase_ii,0.0125488943408203,100.06860680923415,5.658354839185399,True,True,True,sensor_014; sensor_285; sensor_150,routine,0.5201021059349075
815,2008-09-12 21:12:00,0,phase_ii,0.0400338653553292,165.29934168281278,2.854383906777983,True,True,True,sensor_014; sensor_030; sensor_029,routine,0.5207402680280792
816,2008-09-12 22:25:00,0,phase_ii,0.0246703790645556,244.1022354206941,1.9927654102058627,True,True,True,sensor_030; sensor_029; sensor_345,routine,0.5220165922144224
817,2008-09-12 22:45:00,0,phase_ii,0.0334810122788272,59.12128399407814,0.8016365691367543,True,True,False,sensor_150; sensor_014; sensor_285,routine,0.5213784301212508
818,2008-09-12 23:28:00,0,phase_ii,0.0031769547325102,194.1152153369365,4.071769449284244,True,True,True,sensor_014; sensor_285; sensor_150,routine,0.5226547543075941
819,2008-09-12 23:40:00,0,phase_ii,0.0658080714207482,239.31405779909616,4.561641581997818,True,True,True,sensor_014; sensor_285; sensor_150,routine,0.5232929164007658
820,2008-09-13 00:25:00,0,phase_ii,0.0695928758720295,403.33951033704136,1.6082940134562131,True,True,True,sensor_059; sensor_345; sensor_030,routine,0.5456285896617741
821,2008-09-13 02:57:00,0,phase_ii,0.0088372281280437,158.3303264321836,1.5039903759638782,True,True,True,sensor_059; sensor_345; sensor_014,routine,0.5239310784939375
822,2008-09-13 03:14:00,0,phase_ii,0.0257677528859854,30.12201081746749,4.328569097340205,True,True,False,sensor_014; sensor_029; sensor_030,routine,0.5258455647734525
823,2008-09-13 09:19:00,0,phase_ii,0.0615444741794951,23.17940215355728,0.9996831937996552,True,True,False,sensor_014; sensor_285; sensor_553,routine,0.5252074026802808
824,2008-09-13 10:55:00,0,phase_ii,0.0355416814017678,257.5132505702618,2.015851867580965,True,True,True,sensor_014; sensor_285; sensor_150,routine,0.5264837268666241
825,2008-09-13 11:42:00,0,phase_ii,0.0903439138290629,25.347584505581462,3.4531951149940663,True,True,False,sensor_014; sensor_150; sensor_285,routine,0.6738991703892788
826,2008-09-13 11:56:00,1,phase_ii,0.5855722261100322,60.74845612531966,3.021970637484216,True,True,False,sensor_014; sensor_150; sensor_285,high,0.9463943841735801
827,2008-09-13 12:48:00,0,phase_ii,0.107832870242168,239.6819428025125,2.4675929962792096,True,True,True,sensor_030; sensor_029; sensor_021,medium,0.7581365666879387
828,2008-09-13 14:07:00,0,phase_ii,0.0495274172509458,196.43130569939223,2.792186713623808,True,True,True,sensor_029; sensor_030; sensor_014,routine,0.5290363752393108
829,2008-09-13 16:04:00,0,phase_ii,0.0739669718218511,20.430630404914787,3.1569929618147072,True,True,False,sensor_014; sensor_285; sensor_150,routine,0.576260370134014
830,2008-09-13 16:04:00,0,phase_ii,0.0122779051367953,264.00305760195806,2.6392364876324064,True,True,True,sensor_014; sensor_030; sensor_285,routine,0.5347798340778558
831,2008-09-13 20:06:00,1,phase_ii,0.657254826584832,236.40188254814544,3.799388916480821,True,True,True,sensor_014; sensor_059; sensor_345,high,0.9706445437141034
832,2008-09-14 02:50:00,0,phase_ii,0.0514587601941719,61.98956683139258,4.745145510100861,True,True,False,sensor_014; sensor_030; sensor_029,routine,0.5354179961710275
833,2008-09-14 02:59:00,0,phase_ii,0.0926670157259086,56.95690432459318,0.3072155886097724,True,True,False,sensor_150; sensor_014; sensor_030,routine,0.6853860880663688
834,2008-09-14 15:02:00,0,phase_ii,0.0317224176823023,189.9128302738021,1.3253967727960565,True,True,True,sensor_014; sensor_150; sensor_345,routine,0.5303126994256541
835,2008-09-14 15:46:00,0,phase_ii,0.0511486436887329,197.45406524400696,3.895419673539223,True,True,True,sensor_014; sensor_285; sensor_059,routine,0.5315890236119974
836,2008-09-14 16:34:00,0,phase_ii,0.0759045648336318,304.7809743805086,1.839236797151057,True,True,True,sensor_059; sensor_345; sensor_029,routine,0.5922144224633057
837,2008-09-14 17:40:00,0,phase_ii,0.0571175166847262,113.26870776561032,1.7660736697973127,True,True,True,sensor_014; sensor_030; sensor_285,routine,0.5328653477983408
838,2008-09-14 18:27:00,0,phase_ii,0.053576488409319,320.50897805357283,2.767890642809394,True,True,True,sensor_014; sensor_150; sensor_059,routine,0.5386088066368858
839,2008-09-14 18:27:00,0,phase_ii,0.0270962373379556,40.35389656139855,0.2537436015258421,True,True,False,sensor_014; sensor_150; sensor_030,routine,0.5360561582641991
840,2008-09-14 19:13:00,0,phase_ii,0.0255981724466535,239.28569018969765,1.1233622686582252,True,True,True,sensor_030; sensor_029; sensor_059,routine,0.5424377791959157
841,2008-09-14 20:00:00,0,phase_ii,0.0379333932446244,68.94864229157906,1.5268961383337598,True,True,False,sensor_014; sensor_030; sensor_029,routine,0.5462667517549458
842,2008-09-14 20:43:00,0,phase_ii,0.0398200481855071,136.87902369994328,1.031534440030705,True,True,True,sensor_014; sensor_345; sensor_059,routine,0.5500957243139758
843,2008-09-14 20:45:00,0,phase_ii,0.024002386946741,17.509559155376053,1.8396766083213167,True,True,False,sensor_014; sensor_285; sensor_150,routine,0.5513720485003191
844,2008-09-14 21:31:00,0,phase_ii,0.0242354318565544,66.95878631969941,0.475773517925426,True,True,False,sensor_014; sensor_285; sensor_059,routine,0.5488194001276324
845,2008-09-14 23:00:00,0,phase_ii,0.0434571405856536,247.01235423229687,4.625744817080631,True,True,True,sensor_014; sensor_285; sensor_030,routine,0.5507338864071474
846,2008-09-15 02:04:00,0,phase_ii,0.1166789348110294,241.8556627910349,3.8166295289992367,True,True,True,sensor_014; sensor_030; sensor_285,medium,0.788130185067007
847,2008-09-15 10:03:00,0,phase_ii,0.1000948089864005,164.25863825835222,0.6081672516386605,True,True,True,sensor_059; sensor_345; sensor_014,medium,0.7217613273771538
848,2008-09-15 11:40:00,0,phase_ii,0.0175141343651663,186.97163634474447,1.189655863223202,True,True,True,sensor_059; sensor_345; sensor_285,routine,0.547543075941289
849,2008-09-15 12:27:00,0,phase_ii,0.0057850888173355,190.8925487249171,1.1299315510019767,True,True,True,sensor_059; sensor_014; sensor_345,routine,0.5405232929164008
850,2008-09-15 16:10:00,0,phase_ii,0.037841828917135,307.8436567402283,3.2933253088074084,True,True,True,sensor_059; sensor_345; sensor_014,routine,0.5366943203573707
851,2008-09-15 16:59:00,0,phase_ii,0.0086379381721253,89.52059200120878,0.2982743679842808,True,True,True,sensor_150; sensor_285; sensor_029,routine,0.5322271857051691
852,2008-09-15 19:54:00,0,phase_ii,0.0113705343233383,430.0323942669297,3.5233407483088417,True,True,True,sensor_029; sensor_030; sensor_014,routine,0.541799617102744
853,2008-09-15 21:56:00,0,phase_ii,0.0850392800058458,91.26909213128708,0.7469234770230696,True,True,True,sensor_059; sensor_345; sensor_150,routine,0.6445437141033823
854,2008-09-15 22:13:00,0,phase_ii,0.0511341909469859,19.654520846524747,2.1015169732160506,True,True,False,sensor_014; sensor_285; sensor_150,routine,0.5411614550095725
855,2008-09-15 22:45:00,0,phase_ii,0.0289595328579036,66.96265682514654,0.3688820598843507,True,True,False,sensor_014; sensor_285; sensor_150,routine,0.5437141033822591
856,2008-09-15 22:54:00,0,phase_ii,0.0320998993860793,1.8308582161974143,1.364661280277641,True,True,False,sensor_014; sensor_285; sensor_150,routine,0.5430759412890874
857,2008-09-15 23:37:00,0,phase_ii,0.0340623916469521,189.423547194719,0.5960069471613273,True,True,True,sensor_014; sensor_150; sensor_345,routine,0.5373324824505424
858,2008-09-16 07:39:00,0,phase_ii,0.0420632680383316,14.93918487438388,0.4735463070942169,True,True,False,sensor_014; sensor_285; sensor_150,routine,0.5379706445437141
859,2008-09-16 07:48:00,0,phase_ii,0.0503757001712295,23.357109618457624,1.493682814614445,True,True,False,sensor_014; sensor_285; sensor_030,routine,0.5392469687300574
860,2008-09-16 08:50:00,0,phase_ii,0.0395031273247969,207.45141731103587,3.306434153582944,True,True,True,sensor_014; sensor_285; sensor_150,routine,0.5449904275686024
861,2008-09-16 08:52:00,0,phase_ii,0.0320426053258743,2.115525784699197,1.027706348267068,True,True,False,sensor_014; sensor_150; sensor_030,routine,0.5443522654754308
862,2008-09-16 09:37:00,0,phase_ii,0.0579498667920467,11.026732145672966,2.300726950864549,True,True,False,sensor_014; sensor_285; sensor_150,routine,0.5481812380344607
863,2008-09-16 17:07:00,0,phase_ii,0.0453462436079141,1.4569264413930103,0.1856392134546192,True,True,False,sensor_553; sensor_059; sensor_345,routine,0.5469049138481175
864,2008-09-16 18:09:00,0,phase_ii,0.0557700503433375,3.560468898491328,0.1916327594467765,True,True,False,sensor_014; sensor_285; sensor_059,routine,0.5456285896617741
865,2008-09-16 18:23:00,0,phase_ii,0.0460821940672639,243.1353748614032,1.944707177712777,True,True,True,sensor_014; sensor_030; sensor_029,routine,0.553286534779834
866,2008-09-16 19:34:00,0,phase_ii,0.1171194211129012,16.344762672641103,0.1506837972343691,True,True,False,sensor_030; sensor_029; sensor_014,medium,0.7887683471601787
867,2008-09-16 19:45:00,0,phase_ii,0.0410056820410746,120.76734756935367,0.986197849843627,True,True,True,sensor_059; sensor_345; sensor_150,routine,0.5552010210593491
868,2008-09-16 21:21:00,0,phase_ii,0.0281401238467741,185.9480979199864,0.9592172719346512,True,True,True,sensor_059; sensor_345; sensor_285,routine,0.5520102105934908
869,2008-09-16 22:45:00,0,phase_ii,0.0615948825880771,87.85364493702782,0.7614587505365308,True,True,True,sensor_014; sensor_150; sensor_285,routine,0.5494575622208041
870,2008-09-17 02:01:00,0,phase_ii,0.1113618523139401,1380.4144695594823,5.589977173761786,True,True,True,sensor_014; sensor_285; sensor_029,medium,0.7721761327377153
871,2008-09-17 04:23:00,1,phase_ii,0.6472787679869165,87.97694421688439,0.4471563909716535,True,True,True,sensor_285; sensor_014; sensor_059,high,0.9661774090619017
872,2008-09-17 07:14:00,0,phase_ii,0.0545136111743257,244.63017920237115,1.4034815005028711,True,True,True,sensor_030; sensor_014; sensor_029,routine,0.5577536694320357
873,2008-09-17 07:28:00,0,phase_ii,0.0263402031612171,100.84926889961254,0.4631008274581319,True,True,True,sensor_014; sensor_059; sensor_345,routine,0.5583918315252074
874,2008-09-17 21:52:00,0,phase_ii,0.0312622892874228,89.12547516958205,0.4358817721072542,True,True,True,sensor_014; sensor_285; sensor_029,routine,0.5564773452456924
875,2008-09-18 00:57:00,0,phase_ii,0.027999955770671,331.594769015424,1.0601460736050103,True,True,True,sensor_014; sensor_285; sensor_030,routine,0.559029993618379
876,2008-09-18 01:40:00,0,phase_ii,0.0344250278461398,303.8611044950229,1.22068762076194,True,True,True,sensor_059; sensor_345; sensor_029,routine,0.5596681557115507
877,2008-09-18 01:43:00,0,phase_ii,0.0694388664134661,242.1845757908732,0.9795428764493734,True,True,True,sensor_029; sensor_030; sensor_014,routine,0.5603063178047224
878,2008-09-18 02:01:00,0,phase_ii,0.0256919099874264,65.96099829748798,0.4213986279488447,True,True,False,sensor_014; sensor_150; sensor_059,routine,0.5609444798978941
879,2008-09-18 03:58:00,0,phase_ii,0.0297862557743632,99.86070927398733,0.3587050366197697,True,True,True,sensor_059; sensor_345; sensor_014,routine,0.5615826419910658
880,2008-09-18 03:58:00,0,phase_ii,0.1063757768205803,337.4028342169992,0.4226030236016512,True,True,True,sensor_059; sensor_345; sensor_285,medium,0.7549457562220804
881,2008-09-18 05:44:00,0,phase_ii,0.0287076117068813,115.45037630327276,0.959297337692306,True,True,True,sensor_030; sensor_029; sensor_014,routine,0.564773452456924
882,2008-09-18 05:58:00,0,phase_ii,0.0101987648499774,41.33795434299366,0.3248824489652029,True,True,False,sensor_014; sensor_285; sensor_029,routine,0.5641352903637524
883,2008-09-18 08:04:00,0,phase_ii,0.0616798172200029,173.79810117503905,0.4903173465682043,True,True,True,sensor_014; sensor_029; sensor_030,routine,0.5634971282705807
884,2008-09-18 10:48:00,0,phase_ii,0.0753898844125602,133.42881899927954,2.0176797451289685,True,True,True,sensor_059; sensor_345; sensor_014,routine,0.5864709636247607
885,2008-09-18 13:48:00,0,phase_ii,0.0177534295429477,465.48542145235376,2.2017059799182186,True,True,True,sensor_014; sensor_030; sensor_285,routine,0.5654116145500957
886,2008-09-18 17:22:00,0,phase_ii,0.0610899164115191,303.6610065485765,1.0059118313727426,True,True,True,sensor_014; sensor_029; sensor_285,routine,0.5673261008296108
887,2008-09-18 18:12:00,0,phase_ii,0.0239120309862395,53.15643994763395,0.3391371007715494,True,True,False,sensor_059; sensor_345; sensor_014,routine,0.5666879387364391
888,2008-09-18 18:56:00,0,phase_ii,0.0330622613822969,242.09169674679168,1.5247797098912104,True,True,True,sensor_059; sensor_345; sensor_285,routine,0.5660497766432674
889,2008-09-18 21:12:00,0,phase_ii,0.0394741355124982,346.7759841504396,0.9436832019293812,True,True,True,sensor_014; sensor_285; sensor_030,routine,0.568602425015954
890,2008-09-18 21:56:00,0,phase_ii,0.0060458488690032,349.3005201040142,1.5966349522677683,True,True,True,sensor_030; sensor_029; sensor_014,routine,0.5749840459476707
891,2008-09-18 23:00:00,0,phase_ii,0.0438440749713699,194.65507629254327,0.4866902799401668,True,True,True,sensor_029; sensor_030; sensor_285,routine,0.5724313975749841
892,2008-09-18 23:05:00,0,phase_ii,0.0573313963144253,328.06577476473984,0.9693609312995072,True,True,True,sensor_059; sensor_345; sensor_029,routine,0.5698787492022974
893,2008-09-18 23:44:00,0,phase_ii,0.0233605186092438,110.34478325551969,0.298870076519683,True,True,True,sensor_059; sensor_345; sensor_030,routine,0.5717932354818124
894,2008-09-19 00:30:00,0,phase_ii,0.0182934261399684,62.8251255020114,0.1530848110024456,True,True,False,sensor_285; sensor_150; sensor_014,routine,0.574345883854499
895,2008-09-19 01:57:00,0,phase_ii,0.0611559085402979,89.87971845789788,0.1682318314355458,True,True,True,sensor_059; sensor_345; sensor_014,routine,0.5692405871091257
896,2008-09-19 02:44:00,0,phase_ii,0.0337200249485544,136.44096523296798,1.5226786866073672,True,True,True,sensor_059; sensor_345; sensor_030,routine,0.5711550733886407
897,2008-09-19 04:42:00,0,phase_ii,0.0864320379235075,134.73140910914964,0.4290298176339838,True,True,True,sensor_059; sensor_345; sensor_014,routine,0.6528398213146139
898,2008-09-19 05:33:00,0,phase_ii,0.0057409480861447,179.9777559052689,1.6106597783997545,True,True,True,sensor_030; sensor_029; sensor_014,routine,0.5730695596681558
899,2008-09-19 05:57:00,0,phase_ii,0.1589152064032974,37.33784492369129,0.2422297952823151,True,True,False,sensor_014; sensor_029; sensor_030,medium,0.8749202297383536
900,2008-09-19 06:01:00,0,phase_ii,0.0085741050728797,63.22881146879452,0.4269159982160964,True,True,False,sensor_029; sensor_030; sensor_014,routine,0.5737077217613273
901,2008-09-19 06:44:00,0,phase_ii,0.0226952597618578,242.24650592917584,1.0304999454204489,True,True,True,sensor_029; sensor_030; sensor_021,routine,0.5756222080408424
902,2008-09-19 07:14:00,0,phase_ii,0.0086957692253974,416.4216115936663,1.6049125446752404,True,True,True,sensor_030; sensor_029; sensor_285,routine,0.576260370134014
903,2008-09-19 07:18:00,0,phase_ii,0.0178181884198096,517.420737365924,1.2148611232857456,True,True,True,sensor_014; sensor_285; sensor_030,routine,0.5768985322271857
904,2008-09-19 08:08:00,0,phase_ii,0.0697005042639631,627.9622727335469,2.016249614047585,True,True,True,sensor_014; sensor_285; sensor_030,routine,0.5775366943203574
905,2008-09-19 08:52:00,0,phase_ii,0.0383471423094184,253.33734736955665,3.781922673676313,True,True,True,sensor_014; sensor_030; sensor_029,routine,0.5781748564135291
906,2008-09-19 09:12:00,0,phase_ii,0.0450514778580131,349.63066133925963,0.4961075666515684,True,True,True,sensor_285; sensor_029; sensor_030,routine,0.5794511805998723
907,2008-09-19 09:47:00,0,phase_ii,0.0088130538385161,68.62858041430833,0.1687815654945293,True,True,False,sensor_030; sensor_059; sensor_345,routine,0.580089342693044
908,2008-09-19 10:45:00,0,phase_ii,0.0331331353503863,109.4012321105848,0.643338431137552,True,True,True,sensor_014; sensor_029; sensor_030,routine,0.5788130185067007
909,2008-09-19 11:13:00,0,phase_ii,0.0249486709603135,1107.9010485657725,3.9370916188563623,True,True,True,sensor_030; sensor_029; sensor_014,routine,0.5807275047862157
910,2008-09-19 11:54:00,0,phase_ii,0.1047548758834627,236.8079088349904,1.050569709367433,True,True,True,sensor_059; sensor_345; sensor_014,medium,0.7479259731971921
911,2008-09-19 13:59:00,0,phase_ii,0.0546434002953491,895.7509861026738,4.107376400868288,True,True,True,sensor_014; sensor_285; sensor_030,routine,0.582003828972559
912,2008-09-19 15:31:00,0,phase_ii,0.0166674229482284,397.4301478568964,0.6271137487915817,True,True,True,sensor_030; sensor_029; sensor_285,routine,0.5826419910657307
913,2008-09-19 16:40:00,0,phase_ii,0.0259053253553441,899.7966828870556,3.456798277462762,True,True,True,sensor_014; sensor_285; sensor_030,routine,0.5832801531589024
914,2008-09-19 16:58:00,1,phase_ii,0.6688396945396523,394.08342781116926,2.6417796391227064,True,True,True,sensor_014; sensor_285; sensor_345,high,0.9744735162731334
915,2008-09-19 17:47:00,0,phase_ii,0.0245796330529836,327.1929441736495,1.2985014554011185,True,True,True,sensor_059; sensor_345; sensor_014,routine,0.585832801531589
916,2008-09-19 18:11:00,0,phase_ii,0.0182807449331342,327.70592573549567,2.073032137943644,True,True,True,sensor_059; sensor_345; sensor_014,routine,0.5851946394384173
917,2008-09-19 18:33:00,0,phase_ii,0.0285932347161765,329.2802016367874,0.977536441473979,True,True,True,sensor_059; sensor_345; sensor_014,routine,0.5845564773452457
918,2008-09-19 19:18:00,0,phase_ii,0.0390307018324977,342.67101194905564,2.39827306949646,True,True,True,sensor_059; sensor_345; sensor_014,routine,0.583918315252074
919,2008-09-19 19:29:00,0,phase_ii,0.03201746224478,582.8855693723633,1.6339846650680336,True,True,True,sensor_014; sensor_285; sensor_030,routine,0.5871091257179324
920,2008-09-19 20:05:00,0,phase_ii,0.0769558801288006,51.67435195782121,1.1569720206543743,True,True,False,sensor_014; sensor_029; sensor_030,routine,0.5985960433950224
921,2008-09-19 20:07:00,0,phase_ii,0.0204025109298217,13.347493723703398,0.2155195598728428,True,True,False,sensor_014; sensor_150; sensor_553,routine,0.5890236119974473
922,2008-09-19 20:10:00,0,phase_ii,0.0463705052724022,358.9152912537564,1.9541758597805032,True,True,True,sensor_059; sensor_345; sensor_014,routine,0.587747287811104
923,2008-09-19 20:17:00,0,phase_ii,0.0777522090218682,358.4609113068806,7.743586321967137,True,True,True,sensor_059; sensor_345; sensor_014,routine,0.6024250159540523
924,2008-09-19 20:19:00,1,phase_ii,0.6818941381396286,249.74007315899377,1.5209135169762196,True,True,True,sensor_014; sensor_029; sensor_030,high,0.9802169751116784
925,2008-09-19 21:08:00,0,phase_ii,0.0344575295805285,1082.253941988665,2.3721205979430118,True,True,True,sensor_014; sensor_285; sensor_030,routine,0.5909380982769623
926,2008-09-19 21:09:00,1,phase_ii,0.7139783794104859,394.397703396996,1.7514420856039088,True,True,True,sensor_014; sensor_030; sensor_345,high,0.9917038927887684
927,2008-09-19 21:13:00,0,phase_ii,0.0144989102272449,63.45723215544945,0.5726488296307626,True,True,False,sensor_030; sensor_029; sensor_025,routine,0.5922144224633057
928,2008-09-19 21:14:00,0,phase_ii,0.0323184346249872,432.36677406462223,1.2165965873589004,True,True,True,sensor_030; sensor_029; sensor_014,routine,0.5928525845564774
929,2008-09-19 21:59:00,1,phase_ii,0.6646440924886706,271.70878194601886,0.6076308517232476,True,True,True,sensor_059; sensor_345; sensor_030,high,0.97319719208679
930,2008-09-19 23:26:00,0,phase_ii,0.0077660367615306,919.90309309385,3.4069043179723826,True,True,True,sensor_014; sensor_285; sensor_030,routine,0.5941289087428206
931,2008-09-19 23:33:00,0,phase_ii,0.0369194183838205,173.54385254646834,0.6517345392427478,True,True,True,sensor_029; sensor_030; sensor_553,routine,0.5947670708359923
932,2008-09-20 00:18:00,0,phase_ii,0.0,221.777448103096,0.5345980445502683,True,True,True,sensor_014; sensor_030; sensor_285,routine,0.5998723675813656
933,2008-09-20 00:33:00,0,phase_ii,0.036208057074088,107.6505100958704,1.6008319232278403,True,True,True,sensor_014; sensor_285; sensor_150,routine,0.597319719208679
934,2008-09-20 03:58:00,0,phase_ii,0.0282700832873587,330.6211087205045,0.7471173699888688,True,True,True,sensor_059; sensor_345; sensor_150,routine,0.595405232929164
935,2008-09-20 04:13:00,0,phase_ii,0.0214127171123864,58.14384901911403,0.1264312390256898,True,True,False,sensor_014; sensor_059; sensor_285,routine,0.5966815571155073
936,2008-09-20 04:28:00,0,phase_ii,0.0169099509336781,171.8559873006115,0.6871498847077234,True,True,True,sensor_030; sensor_029; sensor_059,routine,0.5960433950223357
937,2008-09-20 05:22:00,0,phase_ii,0.0142005168570116,79.65243336356676,0.7328119636494691,True,True,True,sensor_014; sensor_285; sensor_150,routine,0.599234205488194
938,2008-09-20 05:25:00,0,phase_ii,0.0258539514301183,255.8203152959589,2.1855155896572094,True,True,True,sensor_059; sensor_345; sensor_014,routine,0.5979578813018507
939,2008-09-20 05:34:00,0,phase_ii,0.0309528033221838,237.25979513205104,1.6308690645913704,True,True,True,sensor_059; sensor_345; sensor_030,routine,0.5985960433950224
940,2008-09-20 06:08:00,0,phase_ii,0.0499408246470337,895.2812557924699,3.182385175500183,True,True,True,sensor_014; sensor_285; sensor_030,routine,0.6005105296745373
941,2008-09-20 07:21:00,0,phase_ii,0.049807296970485,892.6539519626863,2.337049989394155,True,True,True,sensor_014; sensor_285; sensor_345,routine,0.601148691767709
942,2008-09-20 08:14:00,0,phase_ii,0.0240709862408374,237.12939804476324,1.0385207414683408,True,True,True,sensor_059; sensor_345; sensor_014,routine,0.6017868538608807
943,2008-09-20 10:51:00,0,phase_ii,0.0331928506832522,243.95754183781628,1.4901776617859193,True,True,True,sensor_014; sensor_030; sensor_029,routine,0.6024250159540523
944,2008-09-20 11:18:00,0,phase_ii,0.0435795703845259,901.2876015661664,1.952801681264124,True,True,True,sensor_014; sensor_285; sensor_030,routine,0.6049776643267389
945,2008-09-20 12:20:00,0,phase_ii,0.0247912564898542,236.2802804787381,0.6527192434373325,True,True,True,sensor_059; sensor_345; sensor_029,routine,0.6056158264199106
946,2008-09-20 12:26:00,0,phase_ii,0.017022056399521,166.99819429230612,0.7986567540026217,True,True,True,sensor_059; sensor_345; sensor_030,routine,0.6043395022335674
947,2008-09-20 12:27:00,0,phase_ii,0.016403708393127,174.52876406841438,5.003770691546339,True,True,True,sensor_014; sensor_150; sensor_059,routine,0.603063178047224
948,2008-09-20 12:36:00,0,phase_ii,0.0174451720663158,193.62841449173985,2.408667691468064,True,True,True,sensor_059; sensor_345; sensor_014,routine,0.6037013401403957
949,2008-09-20 12:57:00,0,phase_ii,0.0737854467082702,302.48042837624223,2.356159398166846,True,True,True,sensor_014; sensor_029; sensor_030,routine,0.606892150606254
950,2008-09-20 14:00:00,0,phase_ii,0.0056388721661467,184.98471497306983,1.008020475207883,True,True,True,sensor_014; sensor_285; sensor_059,routine,0.6062539885130823
951,2008-09-20 14:06:00,0,phase_ii,0.0384481211134276,901.0989932982316,3.621393658537184,True,True,True,sensor_014; sensor_285; sensor_030,routine,0.6075303126994257
952,2008-09-20 14:42:00,0,phase_ii,0.0337179131224811,7.441755290328381,0.2288020480104425,True,True,False,sensor_029; sensor_030; sensor_059,routine,0.6081684747925973
953,2008-09-20 14:50:00,0,phase_ii,0.0370978252712101,278.7534954788184,1.179843460097978,True,True,True,sensor_030; sensor_014; sensor_345,routine,0.608806636885769
954,2008-09-20 14:53:00,0,phase_ii,0.01799453476849,890.5713759930986,3.674951908812627,True,True,True,sensor_014; sensor_285; sensor_030,routine,0.6119974473516273
955,2008-09-20 15:02:00,0,phase_ii,0.0200695580476156,12.701986584704844,0.1496303738672565,True,True,False,sensor_285; sensor_059; sensor_345,routine,0.612635609444799
956,2008-09-20 15:19:00,0,phase_ii,0.0194293603322089,176.98288300186204,1.5678911914463796,True,True,True,sensor_014; sensor_059; sensor_285,routine,0.6107211231652839
957,2008-09-20 15:37:00,0,phase_ii,0.0215233365593758,71.65941681756186,0.9280921003576644,True,True,False,sensor_014; sensor_150; sensor_030,routine,0.6113592852584556
958,2008-09-20 15:46:00,0,phase_ii,0.0436721534645231,134.23293100255785,0.6459193825949252,True,True,True,sensor_059; sensor_345; sensor_553,routine,0.6094447989789407
959,2008-09-20 16:43:00,0,phase_ii,0.0321219423469238,236.92114573828968,1.8354682868897396,True,True,True,sensor_059; sensor_345; sensor_030,routine,0.6100829610721124
960,2008-09-20 16:44:00,0,phase_ii,0.0380966113434613,892.5916240099016,3.17914550733474,True,True,True,sensor_030; sensor_029; sensor_285,routine,0.6132737715379707
961,2008-09-20 17:26:00,0,phase_ii,0.0259608732605634,334.78744264345346,0.4418778774395083,True,True,True,sensor_059; sensor_345; sensor_285,routine,0.6139119336311423
962,2008-09-20 17:29:00,0,phase_ii,0.0115366258022982,909.3621620327256,4.057358499357948,True,True,True,sensor_014; sensor_285; sensor_345,routine,0.6151882578174857
963,2008-09-20 18:03:00,0,phase_ii,0.0202946798500131,171.75311740355335,0.3817880038932284,True,True,True,sensor_059; sensor_345; sensor_029,routine,0.614550095724314
964,2008-09-20 18:21:00,0,phase_ii,0.0243279630570204,902.3096522713076,4.594511854099447,True,True,True,sensor_014; sensor_285; sensor_150,routine,0.6158264199106573
965,2008-09-20 18:56:00,0,phase_ii,0.0323595439234692,358.6554344936562,1.4036511084747347,True,True,True,sensor_059; sensor_345; sensor_014,routine,0.6164645820038289
966,2008-09-20 19:14:00,0,phase_ii,0.0607591398202721,236.14495655513693,0.8707388074951873,True,True,True,sensor_059; sensor_345; sensor_029,routine,0.6171027440970006
967,2008-09-20 19:21:00,0,phase_ii,0.0405982591835299,545.310208869503,1.8141160973871528,True,True,True,sensor_059; sensor_345; sensor_030,routine,0.618379068283344
968,2008-09-20 23:34:00,0,phase_ii,0.0282062602177147,13.379871006890312,0.1869436516449462,True,True,False,sensor_059; sensor_345; sensor_029,routine,0.6190172303765157
969,2008-09-21 00:48:00,0,phase_ii,0.017292372472102,15.363951801645392,0.491316931130307,True,True,False,sensor_014; sensor_285; sensor_029,routine,0.6196553924696873
970,2008-09-21 01:06:00,0,phase_ii,0.1216966532956655,353.5150144061565,3.8634175306025273,True,True,True,sensor_059; sensor_345; sensor_029,medium,0.799617102744097
971,2008-09-21 02:07:00,0,phase_ii,0.0153424164572769,897.3290157030249,2.966301700927565,True,True,True,sensor_014; sensor_285; sensor_030,routine,0.620293554562859
972,2008-09-21 03:04:00,0,phase_ii,0.041098614658675,900.5122067825687,2.2748825278514206,True,True,True,sensor_014; sensor_285; sensor_030,routine,0.6209317166560306
973,2008-09-21 03:47:00,0,phase_ii,0.0141876228758552,1300.1166061307315,5.644400854566459,True,True,True,sensor_014; sensor_029; sensor_030,routine,0.6215698787492023
974,2008-09-21 04:17:00,0,phase_ii,0.040832410131202,904.1351556004342,3.054012516142618,True,True,True,sensor_014; sensor_285; sensor_030,routine,0.6222080408423739
975,2008-09-21 04:49:00,0,phase_ii,0.0,887.0105743123825,4.143118777264655,True,True,True,sensor_014; sensor_285; sensor_030,routine,0.6253988513082323
976,2008-09-21 07:30:00,0,phase_ii,0.022634888401573,24.306420823445144,0.8190735017310029,True,True,False,sensor_014; sensor_059; sensor_285,routine,0.6260370134014039
977,2008-09-21 07:55:00,0,phase_ii,0.0425867005299643,185.89016260329396,1.059313475329542,True,True,True,sensor_014; sensor_285; sensor_059,routine,0.624122527121889
978,2008-09-21 08:22:00,0,phase_ii,0.0237635617998607,13.499940214398055,0.2294943082001329,True,True,False,sensor_059; sensor_345; sensor_014,routine,0.6247606892150607
979,2008-09-21 08:49:00,0,phase_ii,0.0129365673991723,327.0453625114033,2.3149905954065004,True,True,True,sensor_014; sensor_059; sensor_345,routine,0.6228462029355456
980,2008-09-21 09:16:00,0,phase_ii,0.0206273047786384,237.5216717695364,0.7722226160109225,True,True,True,sensor_059; sensor_345; sensor_029,routine,0.6234843650287173
981,2008-09-21 09:31:00,0,phase_ii,0.0304697043762121,1306.9490039988275,2.587259369330275,True,True,True,sensor_014; sensor_285; sensor_059,routine,0.6266751754945756
982,2008-09-21 10:07:00,0,phase_ii,0.0078328280978305,87.54154532010548,1.0129143264452285,True,True,True,sensor_014; sensor_030; sensor_029,routine,0.6273133375877473
983,2008-09-21 10:49:00,0,phase_ii,0.01395807817008,117.86472606497227,1.0524933379459038,True,True,True,sensor_030; sensor_029; sensor_345,routine,0.6279514996809189
984,2008-09-21 11:33:00,0,phase_ii,0.0469792164916068,1144.4471195236267,3.906863061213594,True,True,True,sensor_014; sensor_030; sensor_029,routine,0.6285896617740906
985,2008-09-21 12:04:00,0,phase_ii,0.0521851530415413,206.3862683307056,0.3204977556412953,True,True,True,sensor_059; sensor_345; sensor_030,routine,0.6292278238672623
986,2008-09-21 14:30:00,0,phase_ii,0.0181837269706864,350.1791105669919,1.2848121244228712,True,True,True,sensor_014; sensor_030; sensor_029,routine,0.629865985960434
987,2008-09-21 14:31:00,0,phase_ii,0.0274824883312711,891.6435278415195,4.226018821079516,True,True,True,sensor_014; sensor_030; sensor_029,routine,0.6305041480536057
988,2008-09-21 14:33:00,0,phase_ii,0.0312441594621014,12.391121475208616,0.1525289593213713,True,True,False,sensor_029; sensor_014; sensor_030,routine,0.6311423101467772
989,2008-09-21 15:15:00,0,phase_ii,0.0236011528710108,902.609583970082,3.815052784921128,True,True,True,sensor_014; sensor_030; sensor_285,routine,0.6317804722399489
990,2008-09-21 15:26:00,0,phase_ii,0.047227515857587,178.37944897612795,1.112904397757435,True,True,True,sensor_014; sensor_029; sensor_030,routine,0.6349712827058073
991,2008-09-21 15:34:00,0,phase_ii,0.0385383520759577,250.0056921279216,1.4798811885790932,True,True,True,sensor_059; sensor_345; sensor_030,routine,0.6368857689853222
992,2008-09-21 16:43:00,0,phase_ii,0.0385070036454717,50.840828074393,1.1865661425812208,True,True,False,sensor_059; sensor_345; sensor_014,routine,0.635609444798979
993,2008-09-21 17:26:00,0,phase_ii,0.017063832292976,13.79143210037445,0.211333333168808,True,True,False,sensor_014; sensor_059; sensor_345,routine,0.6362476068921507
994,2008-09-21 17:30:00,0,phase_ii,0.0203680404504677,139.42701287886095,0.729886045017491,True,True,True,sensor_029; sensor_030; sensor_059,routine,0.6375239310784939
995,2008-09-21 18:12:00,0,phase_ii,0.0192611232082269,118.53123378477028,0.1969735327729442,True,True,True,sensor_059; sensor_345; sensor_014,routine,0.6336949585194639
996,2008-09-21 19:19:00,0,phase_ii,0.0393222112626007,238.1050741129817,4.388533240188524,True,True,True,sensor_014; sensor_029; sensor_030,routine,0.6388002552648373
997,2008-09-21 20:35:00,0,phase_ii,0.0364152763532536,280.76826814471883,1.300393042719458,True,True,True,sensor_059; sensor_345; sensor_030,routine,0.641352903637524
998,2008-09-21 21:54:00,0,phase_ii,0.0245146123738612,14.203074086233018,1.1722013628967756,True,True,False,sensor_014; sensor_150; sensor_285,routine,0.6419910657306956
999,2008-09-21 22:02:00,0,phase_ii,0.0288383038630782,354.3588026955123,1.5509848191046178,True,True,True,sensor_059; sensor_345; sensor_030,routine,0.6381620931716656
1000,2008-09-22 00:12:00,0,phase_ii,0.0140775457564085,475.3492261075268,2.0726511431166643,True,True,True,sensor_059; sensor_345; sensor_285,routine,0.6330567964262923
1001,2008-09-22 00:28:00,0,phase_ii,0.0266443268623229,67.31753706643308,0.173783332780264,True,True,False,sensor_285; sensor_150; sensor_553,routine,0.6343331206126356
1002,2008-09-22 00:47:00,0,phase_ii,0.0368088132579816,87.05486014123585,0.6385238727071462,True,True,True,sensor_014; sensor_150; sensor_030,routine,0.6324186343331206
1003,2008-09-22 01:43:00,0,phase_ii,0.0180653949138587,897.7366315957058,2.677958251611192,True,True,True,sensor_014; sensor_285; sensor_030,routine,0.6400765794511806
1004,2008-09-22 03:51:00,0,phase_ii,0.0053481981609541,12.664541087372545,0.2985144151951806,True,True,False,sensor_029; sensor_059; sensor_345,routine,0.6407147415443523
1005,2008-09-22 06:05:00,0,phase_ii,0.040266156599532,172.13534842462843,0.5179195741937288,True,True,True,sensor_059; sensor_345; sensor_014,routine,0.6394384173580089
1006,2008-09-22 07:12:00,0,phase_ii,0.0169616878953183,177.08441377610998,0.4329046525550488,True,True,True,sensor_553; sensor_030; sensor_029,routine,0.6432673899170389
1007,2008-09-22 10:43:00,0,phase_ii,0.0834364503378032,90.5098951760322,0.128970630340457,True,True,True,sensor_059; sensor_345; sensor_285,routine,0.6426292278238672
1008,2008-09-22 11:50:00,0,phase_ii,0.0107690784405987,887.8209295559664,2.9014928255767325,True,True,True,sensor_014; sensor_285; sensor_030,routine,0.6439055520102106
1009,2008-09-22 12:11:00,0,phase_ii,0.0224656134774292,890.7397041890326,3.150738642286508,True,True,True,sensor_014; sensor_030; sensor_285,routine,0.6445437141033823
1010,2008-09-22 12:45:00,0,phase_ii,0.0172036297334801,177.25567223043788,1.2241911852359249,True,True,True,sensor_029; sensor_030; sensor_021,routine,0.6451818761965539
1011,2008-09-22 13:03:00,0,phase_ii,0.0320756653958949,236.70984636078649,1.2940998898146516,True,True,True,sensor_059; sensor_345; sensor_029,routine,0.6458200382897256
1012,2008-09-22 14:24:00,0,phase_ii,0.0323064574088018,892.8933664709941,4.13316576114628,True,True,True,sensor_014; sensor_285; sensor_030,routine,0.6464582003828973
1013,2008-09-22 14:27:00,0,phase_ii,0.0322742536927702,358.5804810288902,0.9349769387996923,True,True,True,sensor_014; sensor_285; sensor_059,routine,0.6470963624760689
1014,2008-09-22 14:36:00,0,phase_ii,0.0373732477059053,361.51614840238153,1.5789464740877497,True,True,True,sensor_014; sensor_059; sensor_345,routine,0.6477345245692406
1015,2008-09-22 16:25:00,0,phase_ii,0.0320777025093497,892.0780768671968,1.891006164862748,True,True,True,sensor_030; sensor_029; sensor_285,routine,0.6483726866624122
1016,2008-09-22 21:30:00,0,phase_ii,0.0364953036321047,76.34729150991411,0.6091942671544702,True,True,False,sensor_059; sensor_345; sensor_029,routine,0.6490108487555839
1017,2008-09-22 21:31:00,0,phase_ii,0.0247356041063242,448.8837088368176,1.2819120676255518,True,True,True,sensor_030; sensor_014; sensor_029,routine,0.6502871729419273
1018,2008-09-22 22:15:00,0,phase_ii,0.0304088444767855,328.5138204397516,1.318819129766107,True,True,True,sensor_059; sensor_345; sensor_014,routine,0.6496490108487556
1019,2008-09-22 22:17:00,0,phase_ii,0.0259035183185989,893.744041908189,3.718914348009749,True,True,True,sensor_014; sensor_285; sensor_030,routine,0.6522016592214422
1020,2008-09-22 23:01:00,0,phase_ii,0.0244492195114048,165.69244975367417,0.6792970246213331,True,True,True,sensor_014; sensor_285; sensor_059,routine,0.6509253350350989
1021,2008-09-22 23:10:00,0,phase_ii,0.0290310204807472,66.431185188484,0.3414220326085872,True,True,False,sensor_285; sensor_014; sensor_059,routine,0.6515634971282706
1022,2008-09-23 00:57:00,0,phase_ii,0.0502682870696535,1145.211156189234,3.964129886180161,True,True,True,sensor_014; sensor_030; sensor_029,routine,0.6528398213146139
1023,2008-09-23 06:44:00,0,phase_ii,0.0970954473257338,892.0330652211761,4.300259893889828,True,True,True,sensor_014; sensor_030; sensor_029,medium,0.7045309508615188
1024,2008-09-23 06:44:00,0,phase_ii,0.0213047160665305,13.28273663731868,0.5026966382507063,True,True,False,sensor_029; sensor_014; sensor_030,routine,0.6541161455009572
1025,2008-09-23 06:52:00,0,phase_ii,0.0914814100050933,360.5508235866947,2.2618081018162237,True,True,True,sensor_059; sensor_345; sensor_030,routine,0.6809189534141672
1026,2008-09-23 07:58:00,0,phase_ii,0.0241023154666381,16.55174951253373,0.822094385392085,True,True,False,sensor_014; sensor_150; sensor_029,routine,0.6553924696873006
1027,2008-09-23 08:11:00,0,phase_ii,0.0086910937491032,240.2925617578372,1.3928910771982883,True,True,True,sensor_059; sensor_345; sensor_014,routine,0.6560306317804723
1028,2008-09-23 09:43:00,0,phase_ii,0.0329375485547132,930.1497679120972,2.8912140018577928,True,True,True,sensor_014; sensor_285; sensor_030,routine,0.6566687938736439
1029,2008-09-23 11:14:00,1,phase_ii,0.6246618556727745,99.86957118546408,0.3291046845481462,True,True,True,sensor_059; sensor_345; sensor_553,high,0.9566049776643267
1030,2008-09-23 11:42:00,0,phase_ii,0.0520641606401197,66.55281648708609,0.4693400715738729,True,True,False,sensor_059; sensor_345; sensor_553,routine,0.6585832801531589
1031,2008-09-23 11:43:00,0,phase_ii,0.0938014978752158,450.5694812193956,1.915590548594453,True,True,True,sensor_059; sensor_345; sensor_030,routine,0.6885768985322271
1032,2008-09-23 12:29:00,0,phase_ii,0.0415876487616768,246.7595629761978,1.8841462532663589,True,True,True,sensor_014; sensor_285; sensor_059,routine,0.6579451180599872
1033,2008-09-23 12:31:00,0,phase_ii,0.0347428534456264,26.541636400979307,0.6742726370018197,True,True,False,sensor_059; sensor_345; sensor_014,routine,0.6592214422463306
1034,2008-09-23 12:46:00,0,phase_ii,0.0323696238919449,357.81331058193587,0.6707921612141551,True,True,True,sensor_059; sensor_345; sensor_030,routine,0.6604977664326739
1035,2008-09-23 13:37:00,0,phase_ii,0.0530816397299233,454.18800555245934,0.9889332519470136,True,True,True,sensor_059; sensor_345; sensor_030,routine,0.6611359285258456
1036,2008-09-23 15:23:00,0,phase_ii,0.0469878534530874,459.0170112641361,1.676698534458429,True,True,True,sensor_014; sensor_059; sensor_345,routine,0.6617740906190173
1037,2008-09-23 15:33:00,0,phase_ii,0.0692859271340965,460.294072914914,2.040161387364794,True,True,True,sensor_059; sensor_345; sensor_014,routine,0.6649649010848756
1038,2008-09-23 15:58:00,0,phase_ii,0.0194656506146138,327.98906076952954,1.6266672727837144,True,True,True,sensor_059; sensor_345; sensor_014,routine,0.6624122527121888
1039,2008-09-23 18:10:00,0,phase_ii,0.0339614539384827,18.50688449947762,0.4652550555130726,True,True,False,sensor_059; sensor_029; sensor_345,routine,0.6630504148053605
1040,2008-09-23 18:36:00,0,phase_ii,0.0085840636922256,14.706910471345498,0.3740856140904113,True,True,False,sensor_014; sensor_285; sensor_059,routine,0.6636885768985322
1041,2008-09-23 18:56:00,0,phase_ii,0.0656290016966984,13.041387780146882,0.2212115989915712,True,True,False,sensor_030; sensor_029; sensor_285,routine,0.6643267389917039
1042,2008-09-23 20:18:00,0,phase_ii,0.0335309242089147,460.9925197559272,4.749546644356075,True,True,True,sensor_014; sensor_150; sensor_285,routine,0.6656030631780472
1043,2008-09-23 20:59:00,0,phase_ii,0.0236354796648129,451.3426423123423,1.2825300127109378,True,True,True,sensor_014; sensor_285; sensor_059,routine,0.6662412252712189
1044,2008-09-23 21:26:00,0,phase_ii,0.0175013315358732,359.7677670903257,2.1815830169663637,True,True,True,sensor_059; sensor_345; sensor_014,routine,0.6668793873643906
1045,2008-09-23 22:25:00,0,phase_ii,0.0518424514819078,78.63170970188168,0.7018022374428295,True,True,False,sensor_059; sensor_345; sensor_029,routine,0.6675175494575623
1046,2008-09-24 02:19:00,0,phase_ii,0.0653275798095809,24.737758226324296,0.2276714148562103,True,True,False,sensor_553; sensor_014; sensor_059,routine,0.6681557115507338
1047,2008-09-24 02:44:00,0,phase_ii,0.0135891334230105,233.9414991218724,0.8832609493015446,True,True,True,sensor_059; sensor_345; sensor_030,routine,0.6687938736439055
1048,2008-09-24 03:32:00,0,phase_ii,0.0352644781216835,360.17143608071365,1.4729218503875712,True,True,True,sensor_059; sensor_345; sensor_014,routine,0.6694320357370772
1049,2008-09-24 03:40:00,0,phase_ii,0.0583363401183868,452.4428072951183,1.263242368650663,True,True,True,sensor_059; sensor_345; sensor_014,routine,0.6707083599234206
1050,2008-09-24 05:13:00,0,phase_ii,0.0292827811831828,183.06988010686536,1.2874940061903672,True,True,True,sensor_030; sensor_029; sensor_014,routine,0.6726228462029356
1051,2008-09-24 05:22:00,0,phase_ii,0.0480512549783608,172.68261806628277,0.9835495840434244,True,True,True,sensor_014; sensor_285; sensor_059,routine,0.6700701978302489
1052,2008-09-24 06:13:00,0,phase_ii,0.0590044796413768,451.33330551024414,1.7607594677093814,True,True,True,sensor_059; sensor_345; sensor_030,routine,0.6713465220165922
1053,2008-09-24 06:14:00,0,phase_ii,0.0463522407455707,25.54437136969204,0.441497296886736,True,True,False,sensor_029; sensor_030; sensor_059,routine,0.6719846841097639
1054,2008-09-24 07:23:00,0,phase_ii,0.0390317172879614,626.1250728008474,0.8382232714375669,True,True,True,sensor_059; sensor_345; sensor_285,routine,0.6732610082961072
1055,2008-09-24 10:10:00,0,phase_ii,0.0146977178536763,13.177031785779832,0.6258262959237164,True,True,False,sensor_014; sensor_285; sensor_059,routine,0.6738991703892788
1056,2008-09-24 10:53:00,0,phase_ii,0.0443560361838825,365.68891163284366,2.4974339587831587,True,True,True,sensor_014; sensor_285; sensor_030,routine,0.6745373324824505
1057,2008-09-24 10:59:00,0,phase_ii,0.0153197751259543,19.84450082998592,0.6491928021445748,True,True,False,sensor_029; sensor_059; sensor_030,routine,0.6751754945756222
1058,2008-09-24 11:47:00,0,phase_ii,0.0175914981884006,8.878096388521005,0.81609500428843,True,True,False,sensor_029; sensor_030; sensor_021,routine,0.6758136566687939
1059,2008-09-24 12:04:00,0,phase_ii,0.0690598251135179,458.53411684336334,2.391851661375637,True,True,True,sensor_014; sensor_345; sensor_059,routine,0.6764518187619656
1060,2008-09-24 12:35:00,0,phase_ii,0.0530479223715004,152.67665295685885,1.3045831737324232,True,True,True,sensor_059; sensor_345; sensor_030,routine,0.6777281429483089
1061,2008-09-24 13:01:00,0,phase_ii,0.0484450376010377,25.82498189540345,0.0632340043336961,True,True,False,sensor_553; sensor_014; sensor_556,routine,0.6770899808551372
1062,2008-09-24 15:05:00,1,phase_ii,0.5950134770945948,452.2022468331247,2.23064078542062,True,True,True,sensor_059; sensor_345; sensor_030,high,0.9489470325462668
1063,2008-09-24 15:39:00,0,phase_ii,0.0814492322251772,355.8241300011433,1.6329959365048852,True,True,True,sensor_059; sensor_345; sensor_030,routine,0.6790044671346522
1064,2008-09-24 15:42:00,0,phase_ii,0.0365950933412719,458.6740769535877,1.3516091926729228,True,True,True,sensor_059; sensor_345; sensor_150,routine,0.6796426292278238
1065,2008-09-24 15:43:00,0,phase_ii,0.0487724355077311,896.7048024247588,3.6327866054192817,True,True,True,sensor_014; sensor_030; sensor_029,routine,0.6802807913209955
1066,2008-09-24 16:26:00,0,phase_ii,0.0748286545771985,510.2237508865302,0.7522163507727305,True,True,True,sensor_030; sensor_029; sensor_014,routine,0.6809189534141672
1067,2008-09-24 17:54:00,0,phase_ii,0.0360574678913499,894.4172198044021,1.452022752662881,True,True,True,sensor_030; sensor_029; sensor_014,routine,0.6815571155073389
1068,2008-09-24 18:05:00,0,phase_ii,0.0649694959655957,149.1736480001442,0.568236654992206,True,True,True,sensor_059; sensor_345; sensor_285,routine,0.6821952776005106
1069,2008-09-25 01:05:00,0,phase_ii,0.0597325752730033,359.5394538111598,1.142107069167317,True,True,True,sensor_059; sensor_345; sensor_014,routine,0.6828334396936822
1070,2008-09-25 02:03:00,0,phase_ii,0.0515709378136003,318.0842116645747,1.4608580530319313,True,True,True,sensor_059; sensor_345; sensor_014,routine,0.6834716017868538
1071,2008-09-25 06:21:00,0,phase_ii,0.0295041268653242,508.5768909920797,8.382457432919374,True,True,True,sensor_014; sensor_285; sensor_030,routine,0.6841097638800255
1072,2008-09-25 07:12:00,0,phase_ii,0.0533515876327868,328.150807402596,2.0119206017734808,True,True,True,sensor_059; sensor_345; sensor_014,routine,0.6847479259731972
1073,2008-09-25 07:58:00,0,phase_ii,0.0280627546543823,24.646672155223484,0.1955901006488583,True,True,False,sensor_014; sensor_285; sensor_150,routine,0.6853860880663688
1074,2008-09-25 08:45:00,0,phase_ii,0.0319594783136183,172.10336194945165,0.7481849433907483,True,True,True,sensor_059; sensor_345; sensor_030,routine,0.6873005743458839
1075,2008-09-25 09:31:00,0,phase_ii,0.0470970571891269,711.9937229218001,3.9186586280999807,True,True,True,sensor_059; sensor_345; sensor_029,routine,0.6860242501595405
1076,2008-09-25 10:23:00,0,phase_ii,0.0196190681281293,24.807729908065063,0.4978638522722066,True,True,False,sensor_059; sensor_345; sensor_014,routine,0.6866624122527122
1077,2008-09-25 11:08:00,0,phase_ii,0.0392444652697762,451.4777840971471,1.1079223957989708,True,True,True,sensor_059; sensor_345; sensor_014,routine,0.6879387364390556
1078,2008-09-25 11:09:00,0,phase_ii,0.0263039667325948,25.962438881143488,0.1155968040561862,True,True,False,sensor_059; sensor_345; sensor_285,routine,0.6885768985322271
1079,2008-09-25 11:55:00,0,phase_ii,0.0444961900689839,259.7962361627552,2.0330944131964745,True,True,True,sensor_014; sensor_059; sensor_345,routine,0.6892150606253988
1080,2008-09-25 13:42:00,0,phase_ii,0.0638896683431945,148.81322695444004,0.820029705359005,True,True,True,sensor_059; sensor_345; sensor_029,routine,0.6904913848117422
1081,2008-09-25 14:08:00,0,phase_ii,0.0366173012117458,27.83886542894398,0.4501827647924828,True,True,False,sensor_014; sensor_150; sensor_285,routine,0.6898532227185705
1082,2008-09-25 14:28:00,0,phase_ii,0.055057600072986,711.0322339152966,4.089038975864661,True,True,True,sensor_014; sensor_030; sensor_029,routine,0.6911295469049138
1083,2008-09-25 15:12:00,0,phase_ii,0.0208437546595075,170.55353537629253,0.6829381603352943,True,True,True,sensor_014; sensor_285; sensor_059,routine,0.6917677089980855
1084,2008-09-25 15:40:00,0,phase_ii,0.0452791259101906,451.9851317055968,2.8681081293833754,True,True,True,sensor_014; sensor_285; sensor_059,routine,0.6924058710912572
1085,2008-09-25 15:55:00,0,phase_ii,0.0288562675904581,176.108100036217,1.2903930579794822,True,True,True,sensor_059; sensor_345; sensor_014,routine,0.6930440331844289
1086,2008-09-25 16:44:00,0,phase_ii,0.0277227408001736,453.8398471280525,0.8757116736955124,True,True,True,sensor_059; sensor_345; sensor_030,routine,0.6936821952776006
1087,2008-09-25 17:28:00,0,phase_ii,0.021573466208273,449.7763355196281,1.0254550325418184,True,True,True,sensor_014; sensor_285; sensor_059,routine,0.6943203573707721
1088,2008-09-25 17:29:00,0,phase_ii,0.0633662622639316,451.1048988775033,1.5418097205425298,True,True,True,sensor_059; sensor_345; sensor_030,routine,0.6949585194639438
1089,2008-09-25 19:49:00,0,phase_ii,0.0448488949314843,169.09862832759163,1.041703731167131,True,True,True,sensor_059; sensor_345; sensor_014,routine,0.6955966815571155
1090,2008-09-25 22:05:00,0,phase_ii,0.0507348065655398,213.13630981287437,0.5872111781871813,True,True,True,sensor_014; sensor_285; sensor_553,routine,0.6968730057434588
1091,2008-09-25 23:04:00,0,phase_ii,0.0592741277974498,22.028867186129432,0.6888982265932173,True,True,False,sensor_059; sensor_345; sensor_014,routine,0.6962348436502872
1092,2008-09-25 23:48:00,0,phase_ii,0.0570390295871869,183.37534751237797,1.320263341972121,True,True,True,sensor_059; sensor_345; sensor_030,routine,0.6975111678366305
1093,2008-09-26 00:19:00,0,phase_ii,0.0589552163366098,690.9649597235643,4.517429454484625,True,True,True,sensor_014; sensor_285; sensor_030,routine,0.6981493299298022
1094,2008-09-26 01:21:00,0,phase_ii,0.0762177745445929,185.86798331014188,1.9399153115147496,True,True,True,sensor_014; sensor_059; sensor_345,routine,0.6994256541161455
1095,2008-09-26 02:26:00,0,phase_ii,0.0391173896028608,22.442496313600373,1.054243878700268,True,True,False,sensor_059; sensor_345; sensor_029,routine,0.6987874920229739
1096,2008-09-26 03:12:00,0,phase_ii,0.0252662570774304,173.84943348163392,0.8596242362388012,True,True,True,sensor_059; sensor_345; sensor_030,medium,0.7000638162093171
1097,2008-09-26 03:29:00,0,phase_ii,0.083513493386693,1149.043017715067,4.315525512653355,True,True,True,sensor_014; sensor_285; sensor_030,medium,0.7007019783024888
1098,2008-09-26 04:14:00,0,phase_ii,0.0171683784431451,171.08109377126098,2.023383962300362,True,True,True,sensor_014; sensor_285; sensor_029,medium,0.7013401403956605
1099,2008-09-26 05:32:00,0,phase_ii,0.0348987815501341,263.08873976773623,1.189468401397712,True,True,True,sensor_059; sensor_345; sensor_285,medium,0.7019783024888322
1100,2008-09-26 11:08:00,0,phase_ii,0.0627793520830713,259.3447535075105,1.3065738440256178,True,True,True,sensor_059; sensor_345; sensor_014,medium,0.7026164645820038
1101,2008-09-26 13:36:00,0,phase_ii,0.0127150671243798,169.81456351774122,1.7128280839373466,True,True,True,sensor_014; sensor_285; sensor_059,medium,0.7032546266751755
1102,2008-09-26 13:45:00,0,phase_ii,0.0452926771858289,83.03854004952186,0.1887598478825275,True,True,True,sensor_059; sensor_345; sensor_030,medium,0.7038927887683472
1103,2008-09-26 14:20:00,0,phase_ii,0.0271619167932485,899.2827007560477,3.4788844981281444,True,True,True,sensor_014; sensor_285; sensor_030,medium,0.7051691129546905
1104,2008-09-26 14:51:00,0,phase_ii,0.0353295276177791,42.68431738483769,0.6866176633342166,True,True,False,sensor_030; sensor_014; sensor_029,medium,0.7045309508615188
1105,2008-09-26 15:06:00,0,phase_ii,0.0891902356916314,690.2455758590727,2.263852738358429,True,True,True,sensor_030; sensor_029; sensor_014,medium,0.7058072750478621
1106,2008-09-26 15:36:00,0,phase_ii,0.0692205020387208,458.4717829451122,3.729668903654565,True,True,True,sensor_014; sensor_059; sensor_345,medium,0.7070835992342055
1107,2008-09-26 15:49:00,0,phase_ii,0.0614751604015528,65.79564214925779,0.8920989422495157,True,True,False,sensor_059; sensor_345; sensor_014,medium,0.7064454371410338
1108,2008-09-26 16:31:00,0,phase_ii,0.0093183882183374,169.21671002131728,0.5455578245575017,True,True,True,sensor_014; sensor_059; sensor_150,medium,0.7077217613273772
1109,2008-09-26 17:59:00,0,phase_ii,0.0755914413168899,24.25758074810942,0.063889097639998,True,True,False,sensor_029; sensor_014; sensor_030,medium,0.7083599234205488
1110,2008-09-26 18:54:00,0,phase_ii,0.0625362392356945,317.76548503325307,3.2602877824019334,True,True,True,sensor_014; sensor_285; sensor_150,medium,0.7109125717932355
1111,2008-09-26 19:38:00,0,phase_ii,0.0419150180948615,220.11484963227517,1.592681108881006,True,True,True,sensor_014; sensor_285; sensor_030,medium,0.7102744097000638
1112,2008-09-26 19:45:00,0,phase_ii,0.0280045634383548,31.980910010152574,2.024806824786925,True,True,False,sensor_014; sensor_285; sensor_030,medium,0.7096362476068921
1113,2008-09-26 19:55:00,0,phase_ii,0.0509415493415843,56.57880491478507,1.0556523246555691,True,True,False,sensor_014; sensor_059; sensor_345,medium,0.7089980855137205
1114,2008-09-26 20:23:00,0,phase_ii,0.0385687136325864,317.3781356417237,4.905069500294276,True,True,True,sensor_014; sensor_285; sensor_150,medium,0.7121888959795788
1115,2008-09-26 20:31:00,0,phase_ii,0.0541208851769716,67.8316336303793,5.014782066650963,True,True,False,sensor_014; sensor_285; sensor_150,medium,0.7115507338864071
1116,2008-09-27 00:16:00,0,phase_ii,0.0420010944205577,451.657665241397,0.655047277136061,True,True,True,sensor_059; sensor_345; sensor_030,medium,0.7128270580727505
1117,2008-09-27 00:17:00,0,phase_ii,0.0827941610819137,190.60412422064155,0.9021243842969534,True,True,True,sensor_014; sensor_285; sensor_059,medium,0.7134652201659222
1118,2008-09-27 01:29:00,0,phase_ii,0.0486236202149742,458.2352823605386,2.747671574616054,True,True,True,sensor_014; sensor_345; sensor_059,medium,0.7141033822590938
1119,2008-09-27 03:53:00,0,phase_ii,0.0305382057327891,122.28602754580588,0.463745461757631,True,True,True,sensor_059; sensor_345; sensor_029,medium,0.7153797064454371
1120,2008-09-27 10:10:00,0,phase_ii,0.0389204310597376,26.930270077674205,1.1741508507893654,True,True,False,sensor_014; sensor_150; sensor_059,medium,0.7147415443522654
1121,2008-09-27 10:13:00,0,phase_ii,0.0323174755601804,268.88003829632,1.2726827189976382,True,True,True,sensor_059; sensor_345; sensor_014,medium,0.7160178685386088
1122,2008-09-27 11:04:00,0,phase_ii,0.0260503513577986,171.08736256879305,0.9840651443879616,True,True,True,sensor_014; sensor_150; sensor_059,medium,0.7172941927249521
1123,2008-09-27 11:45:00,0,phase_ii,0.0367092494422909,18.02757209536649,0.9381190103279288,True,True,False,sensor_029; sensor_030; sensor_014,medium,0.7166560306317805
1124,2008-09-27 11:54:00,0,phase_ii,0.0569566353680223,9023.219498746286,45.71806755847175,True,True,True,sensor_014; sensor_285; sensor_030,medium,0.7179323548181238
1125,2008-09-27 12:26:00,0,phase_ii,0.023419523096175,250.11614920650064,1.1989292967546596,True,True,True,sensor_059; sensor_345; sensor_029,medium,0.7185705169112955
1126,2008-09-27 12:28:00,0,phase_ii,0.0263923719364751,24.278102134721298,0.2931520804872395,True,True,False,sensor_553; sensor_014; sensor_550,medium,0.7192086790044672
1127,2008-09-27 12:36:00,0,phase_ii,0.0200099566808133,258.6989475455586,1.7002118757836464,True,True,True,sensor_059; sensor_345; sensor_014,medium,0.7198468410976387
1128,2008-09-27 13:14:00,0,phase_ii,0.0233787830509543,26.01313214507872,0.3555296872897901,True,True,False,sensor_059; sensor_345; sensor_014,medium,0.7204850031908104
1129,2008-09-27 13:19:00,0,phase_ii,0.0651629417721011,30.64483364381511,0.8185317633373247,True,True,False,sensor_014; sensor_285; sensor_029,medium,0.7211231652839821
1130,2008-09-27 14:01:00,0,phase_ii,0.0542440712865006,14.861974686976051,0.1898797020536599,True,True,False,sensor_030; sensor_029; sensor_014,medium,0.7217613273771538
1131,2008-09-27 14:05:00,0,phase_ii,0.0372988996911954,152.93714708123213,1.3108443039442994,True,True,True,sensor_030; sensor_029; sensor_285,medium,0.7223994894703255
1132,2008-09-27 14:46:00,0,phase_ii,0.0628268200697353,148.24255650114776,0.4056101147212924,True,True,True,sensor_059; sensor_345; sensor_014,medium,0.7230376515634971
1133,2008-09-27 15:09:00,0,phase_ii,0.0443189010738727,182.3518640235661,1.6423202882727357,True,True,True,sensor_059; sensor_345; sensor_014,medium,0.7236758136566688
1134,2008-09-27 15:30:00,0,phase_ii,0.0380902852234843,251.2728881745366,3.411499051055721,True,True,True,sensor_014; sensor_285; sensor_150,medium,0.7243139757498405
1135,2008-09-27 16:13:00,0,phase_ii,0.0438090859142579,28.26851732468525,0.7760621252647456,True,True,False,sensor_029; sensor_030; sensor_014,medium,0.7255902999361837
1136,2008-09-27 17:26:00,0,phase_ii,0.0148540011724329,191.7868958839582,4.3168534021017,True,True,True,sensor_014; sensor_285; sensor_150,medium,0.7249521378430122
1137,2008-09-27 18:14:00,0,phase_ii,0.0806733985496541,9010.945183980431,52.69558298613526,True,True,True,sensor_014; sensor_285; sensor_030,medium,0.7262284620293554
1138,2008-09-27 19:16:00,0,phase_ii,0.0400524611734813,458.4055637593171,1.545897492892679,True,True,True,sensor_059; sensor_345; sensor_553,medium,0.7268666241225271
1139,2008-09-27 20:46:00,0,phase_ii,0.0889444216299203,401.0896028732593,2.2349417387000754,True,True,True,sensor_014; sensor_030; sensor_285,medium,0.7275047862156988
1140,2008-09-27 21:45:00,0,phase_ii,0.0138447573235675,281.13729189778746,1.0724733783738607,True,True,True,sensor_014; sensor_285; sensor_030,medium,0.7281429483088705
1141,2008-09-28 00:51:00,0,phase_ii,0.1043922217344071,155.88543180000306,1.6262419072101817,True,True,True,sensor_014; sensor_150; sensor_345,medium,0.7466496490108487
1142,2008-09-28 01:22:00,0,phase_ii,0.0182721372034373,623.9143534349839,1.978182979025816,True,True,True,sensor_014; sensor_030; sensor_029,medium,0.7294192724952138
1143,2008-09-28 03:55:00,0,phase_ii,0.0405214602690988,623.7153737787634,4.823471637855022,True,True,True,sensor_014; sensor_285; sensor_030,medium,0.7300574345883855
1144,2008-09-28 04:45:00,1,phase_ii,0.615123090649438,697.8056053072135,6.096251412112158,True,True,True,sensor_014; sensor_285; sensor_030,high,0.9521378430121251
1145,2008-09-28 05:31:00,0,phase_ii,0.0530332147105193,151.0640125675667,1.0598499755674322,True,True,True,sensor_014; sensor_345; sensor_059,medium,0.7319719208679004
1146,2008-09-28 06:22:00,0,phase_ii,0.0549293395643043,70.62939978491096,2.022860589531351,True,True,False,sensor_014; sensor_029; sensor_030,medium,0.7313337587747287
1147,2008-09-28 07:38:00,0,phase_ii,0.0753374507101274,147.86180402403284,1.0295393912124575,True,True,True,sensor_014; sensor_059; sensor_345,medium,0.7326100829610721
1148,2008-09-28 07:52:00,0,phase_ii,0.0318493780894553,171.83133574313393,2.1585716117636564,True,True,True,sensor_014; sensor_059; sensor_345,medium,0.7338864071474155
1149,2008-09-28 08:40:00,0,phase_ii,0.0317240538928305,27.506326158487678,0.1066405414739043,True,True,False,sensor_014; sensor_029; sensor_030,medium,0.7345245692405871
1150,2008-09-28 08:41:00,0,phase_ii,0.018624588907052,27.956616418887577,0.3411426424537925,True,True,False,sensor_553; sensor_029; sensor_030,medium,0.7332482450542438
1151,2008-09-28 09:50:00,1,phase_ii,0.5835492621945587,120.1252757578576,1.540075887450548,True,True,True,sensor_014; sensor_285; sensor_059,high,0.9457562220804084
1152,2008-09-28 17:05:00,0,phase_ii,0.0323794490783345,170.2626195058744,1.1295665166084232,True,True,True,sensor_014; sensor_059; sensor_345,medium,0.7364390555201021
1153,2008-09-28 17:06:00,0,phase_ii,0.0641286948257114,28.27143929350563,0.4825124413720215,True,True,False,sensor_029; sensor_030; sensor_014,medium,0.7358008934269304
1154,2008-09-28 17:49:00,0,phase_ii,0.02491334606487,151.91134150762556,1.6176993580351509,True,True,True,sensor_014; sensor_059; sensor_345,medium,0.7370772176132737
1155,2008-09-28 17:55:00,0,phase_ii,0.0391381094244526,505.8878032815354,2.048183500062908,True,True,True,sensor_014; sensor_285; sensor_030,medium,0.7377153797064454
1156,2008-09-28 18:34:00,0,phase_ii,0.0623827199808658,171.08825314571948,1.0808077410991703,True,True,True,sensor_059; sensor_345; sensor_150,medium,0.7383535417996171
1157,2008-09-28 18:43:00,0,phase_ii,0.0376810688377825,267.6540285757998,2.3400691435813927,True,True,True,sensor_014; sensor_059; sensor_345,medium,0.7389917038927888
1158,2008-09-28 19:18:00,0,phase_ii,0.0249841491362803,94.33013928103004,0.3744009983418337,True,True,True,sensor_014; sensor_285; sensor_059,medium,0.7402680280791321
1159,2008-09-28 19:29:00,0,phase_ii,0.0351148560852501,27.084636429457912,0.4902972561582547,True,True,False,sensor_150; sensor_014; sensor_059,medium,0.7396298659859605
1160,2008-09-28 20:02:00,0,phase_ii,0.038947001971671,453.6700421143831,5.124010041017542,True,True,True,sensor_014; sensor_285; sensor_345,medium,0.7415443522654754
1161,2008-09-28 20:42:00,0,phase_ii,0.1311991196054046,67.99199688872139,1.917273073833305,True,True,False,sensor_014; sensor_285; sensor_059,medium,0.8276962348436503
1162,2008-09-28 21:08:00,0,phase_ii,0.0326039085447023,313.06832352598565,2.2199429773539903,True,True,True,sensor_014; sensor_285; sensor_150,medium,0.7421825143586471
1163,2008-09-28 21:27:00,0,phase_ii,0.0410671360269381,26.709509636781696,0.1496995772225166,True,True,False,sensor_014; sensor_150; sensor_285,medium,0.7428206764518187
1164,2008-09-28 22:44:00,0,phase_ii,0.0093177119228118,266.2572788449491,1.160491514168188,True,True,True,sensor_014; sensor_059; sensor_345,medium,0.7434588385449904
1165,2008-09-28 23:54:00,0,phase_ii,0.0336027255850592,518.0552786380028,1.0166021230629738,True,True,True,sensor_030; sensor_029; sensor_059,medium,0.7440970006381621
1166,2008-09-29 02:06:00,0,phase_ii,0.0355952072194328,146.2182700495947,2.406074806896601,True,True,True,sensor_014; sensor_030; sensor_150,medium,0.7453733248245055
1167,2008-09-29 03:07:00,0,phase_ii,0.0200912890730144,38.37435569391913,0.8195943997966416,True,True,False,sensor_014; sensor_150; sensor_285,medium,0.7447351627313338
1168,2008-09-29 03:50:00,0,phase_ii,0.0462869026159031,27.197468737703208,0.2824904670759769,True,True,False,sensor_030; sensor_029; sensor_014,medium,0.746011486917677
1169,2008-09-29 04:18:00,0,phase_ii,0.0081555833894165,261.2924110117831,2.786399726315671,True,True,True,sensor_014; sensor_059; sensor_345,medium,0.7466496490108487
1170,2008-09-29 04:47:00,0,phase_ii,0.0407620753814624,148.02211746102728,0.1020370378515999,True,True,True,sensor_150; sensor_030; sensor_029,medium,0.7485641352903637
1171,2008-09-29 05:32:00,0,phase_ii,0.0627996835009531,127.47962312235268,0.5371804010059749,True,True,True,sensor_014; sensor_030; sensor_285,medium,0.7504786215698788
1172,2008-09-29 07:53:00,0,phase_ii,0.058356634663052,25.32294769346204,1.2425344452176854,True,True,False,sensor_014; sensor_150; sensor_029,medium,0.7492022973835354
1173,2008-09-29 09:15:00,0,phase_ii,0.0439851338522469,24.338724490866912,0.5842447923639994,True,True,False,sensor_029; sensor_059; sensor_345,medium,0.7472878111040204
1174,2008-09-29 11:13:00,0,phase_ii,0.1049349800074376,220.18669014905575,1.4386126999457236,True,True,True,sensor_014; sensor_285; sensor_059,medium,0.7498404594767071
1175,2008-09-29 11:53:00,0,phase_ii,0.0359786429976022,77.89749728242391,0.4740141562719666,True,True,False,sensor_029; sensor_030; sensor_285,medium,0.7479259731971921
1176,2008-09-29 12:25:00,0,phase_ii,0.0323249115291328,688.0533899086431,3.771629625272609,True,True,True,sensor_014; sensor_030; sensor_029,medium,0.7511167836630505
1177,2008-09-29 14:03:00,0,phase_ii,0.073432057827874,343.1432814827308,1.6174818268431317,True,True,True,sensor_030; sensor_029; sensor_014,medium,0.7523931078493937
1178,2008-09-29 14:04:00,0,phase_ii,0.0585301927476122,77.12656053099585,0.5580997460450662,True,True,False,sensor_029; sensor_030; sensor_014,medium,0.751754945756222
1179,2008-09-29 14:08:00,0,phase_ii,0.0624069671884552,342.517232749967,1.827892987181193,True,True,True,sensor_014; sensor_285; sensor_030,medium,0.7555839183152521
1180,2008-09-29 15:09:00,0,phase_ii,0.0089713075055542,25.2781574607318,1.1561901471337093,True,True,False,sensor_014; sensor_285; sensor_030,medium,0.7549457562220804
1181,2008-09-29 15:16:00,0,phase_ii,0.0401883191719311,516.8020627217486,5.769420588872928,True,True,True,sensor_014; sensor_285; sensor_029,medium,0.7536694320357371
1182,2008-09-29 16:27:00,0,phase_ii,0.0259006322609394,27.12082223244076,0.839314216818498,True,True,False,sensor_014; sensor_285; sensor_059,medium,0.7543075941289088
1183,2008-09-29 17:21:00,0,phase_ii,0.04676757901008,513.1440218599752,2.1876248982153554,True,True,True,sensor_014; sensor_029; sensor_030,medium,0.7530312699425654
1184,2008-09-29 21:26:00,0,phase_ii,0.048248002952863,145.07172720813142,1.0705710777758135,True,True,True,sensor_014; sensor_285; sensor_150,medium,0.7568602425015954
1185,2008-09-29 21:48:00,1,phase_ii,0.5897409963677027,78.75042584749266,3.129766769860168,True,True,False,sensor_014; sensor_059; sensor_345,high,0.9476707083599234
1186,2008-09-29 22:13:00,0,phase_ii,0.0362779133170323,185.42494200821983,1.94409050141611,True,True,True,sensor_014; sensor_285; sensor_150,medium,0.757498404594767
1187,2008-09-30 01:33:00,0,phase_ii,0.0338338459221196,507.5400190627078,4.731395432963498,True,True,True,sensor_014; sensor_150; sensor_030,medium,0.7587747287811104
1188,2008-09-30 01:36:00,0,phase_ii,0.0553653848415927,29.788919158433277,2.83358166004516,True,True,False,sensor_014; sensor_150; sensor_285,medium,0.7594128908742821
1189,2008-09-30 02:44:00,1,phase_ii,0.6126582245121851,24.53021503449508,3.2748819948591086,True,True,False,sensor_014; sensor_150; sensor_285,high,0.9514996809189534
1190,2008-09-30 04:01:00,0,phase_ii,0.083754785497416,147.09793590296306,1.8672790043390863,True,True,True,sensor_014; sensor_030; sensor_345,medium,0.7600510529674538
1191,2008-09-30 04:42:00,0,phase_ii,0.0604799991572359,147.68655151203234,0.945129297371407,True,True,True,sensor_014; sensor_059; sensor_345,medium,0.7619655392469687
1192,2008-09-30 08:44:00,0,phase_ii,0.0982662984974351,301.1959822004237,2.659496336850408,True,True,True,sensor_014; sensor_285; sensor_029,medium,0.7606892150606254
1193,2008-09-30 12:31:00,0,phase_ii,0.0089113094707883,454.67514968467873,1.0486376835364155,True,True,True,sensor_014; sensor_030; sensor_029,medium,0.7657945118059988
1194,2008-09-30 13:29:00,0,phase_ii,0.0112226636154896,27.59129198516069,0.7521166200883785,True,True,False,sensor_014; sensor_285; sensor_150,medium,0.7651563497128271
1195,2008-09-30 14:20:00,0,phase_ii,0.0513241663890003,26.731877456212256,0.3713921499622991,True,True,False,sensor_014; sensor_150; sensor_553,medium,0.7638800255264837
1196,2008-09-30 14:36:00,0,phase_ii,0.0652181537127842,26.768471013036333,1.0700336860846558,True,True,False,sensor_030; sensor_029; sensor_553,medium,0.763241863433312
1197,2008-09-30 15:16:00,0,phase_ii,0.009029648857935,511.7810061831775,3.2254866747478297,True,True,True,sensor_014; sensor_029; sensor_030,medium,0.7613273771537971
1198,2008-09-30 15:26:00,0,phase_ii,0.0556910084263852,73.76608607247324,1.1949252775917547,True,True,False,sensor_014; sensor_030; sensor_285,medium,0.7645181876196554
1199,2008-09-30 16:13:00,0,phase_ii,0.0444970653721084,30.673048429718328,0.1920400681079159,True,True,False,sensor_285; sensor_030; sensor_029,medium,0.7626037013401404
1200,2008-09-30 16:50:00,0,phase_ii,0.0522850010607399,147.9685128408123,1.1113310996617325,True,True,True,sensor_059; sensor_345; sensor_553,medium,0.7664326738991704
1201,2008-09-30 17:27:00,0,phase_ii,0.0127315972523684,281.26896053805325,1.030228371761538,True,True,True,sensor_014; sensor_285; sensor_059,medium,0.7677089980855137
1202,2008-09-30 19:17:00,0,phase_ii,0.0706675150750985,77.3594092398137,0.9975287400101726,True,True,False,sensor_014; sensor_059; sensor_345,medium,0.7721761327377153
1203,2008-09-30 19:17:00,0,phase_ii,0.0608671253150677,25.059242790363637,0.5778357683375033,True,True,False,sensor_059; sensor_345; sensor_029,medium,0.7683471601786854
1204,2008-09-30 21:39:00,0,phase_ii,0.0417119943456984,149.64956252378477,2.056346287444036,True,True,True,sensor_014; sensor_285; sensor_150,medium,0.7734524569240587
1205,2008-09-30 21:42:00,0,phase_ii,0.0379991561034045,78.295656778644,0.9987495829720164,True,True,False,sensor_014; sensor_059; sensor_345,medium,0.7702616464582004
1206,2008-09-30 23:34:00,0,phase_ii,0.0483122332862501,27.519944479305725,0.3738199411714986,True,True,False,sensor_014; sensor_150; sensor_030,medium,0.767070835992342
1207,2008-09-30 23:58:00,0,phase_ii,0.0783925915466887,145.9776421798976,0.5354811753586266,True,True,True,sensor_030; sensor_029; sensor_014,medium,0.772814294830887
1208,2008-10-01 00:20:00,0,phase_ii,0.048592026214458,26.99867382370008,2.2671653209381866,True,True,False,sensor_014; sensor_285; sensor_150,medium,0.768985322271857
1209,2008-10-01 01:11:00,0,phase_ii,0.0596967332934311,147.8240874684233,0.8333884411331007,True,True,True,sensor_030; sensor_029; sensor_345,medium,0.7740906190172304
1210,2008-10-01 02:53:00,0,phase_ii,0.0791393981621199,25.434468737651446,0.8323822519746128,True,True,False,sensor_014; sensor_030; sensor_029,medium,0.7715379706445438
1211,2008-10-01 05:56:00,1,phase_ii,0.5759270100704058,26.003864845772803,0.4397178580472956,True,True,False,sensor_029; sensor_030; sensor_059,high,0.9451180599872367
1212,2008-10-01 07:19:00,0,phase_ii,0.0116385471424932,489.4635110623239,1.9896730069936928,True,True,True,sensor_014; sensor_285; sensor_030,medium,0.7696234843650287
1213,2008-10-01 07:28:00,0,phase_ii,0.0272809542953346,118.33142376440996,1.579164865870796,True,True,True,sensor_014; sensor_059; sensor_150,medium,0.774728781110402
1214,2008-10-01 08:15:00,0,phase_ii,0.0540278137665987,692.0592961389418,2.0113771486514653,True,True,True,sensor_014; sensor_285; sensor_030,medium,0.7753669432035737
1215,2008-10-01 09:15:00,0,phase_ii,0.0113980135849399,899.3229585856981,3.044539918926787,True,True,True,sensor_014; sensor_030; sensor_285,medium,0.7760051052967454
1216,2008-10-01 09:16:00,0,phase_ii,0.0168830868647606,346.5057911132825,0.9669305356953772,True,True,True,sensor_029; sensor_030; sensor_553,medium,0.7766432673899171
1217,2008-10-01 14:22:00,0,phase_ii,0.169297604359969,691.1930147831466,0.2615733136519377,True,True,True,sensor_029; sensor_030; sensor_285,medium,0.8883216336949585
1218,2008-10-01 15:16:00,0,phase_ii,0.0301607546731138,143.87467704638502,0.8687378756839893,True,True,True,sensor_030; sensor_029; sensor_059,medium,0.7779195915762603
1219,2008-10-01 16:43:00,0,phase_ii,0.0421827718544245,169.84277754661122,1.0009869626384558,True,True,True,sensor_014; sensor_285; sensor_059,medium,0.778557753669432
1220,2008-10-01 19:57:00,0,phase_ii,0.0328972764444479,32.4407904825469,0.4473895145004116,True,True,False,sensor_030; sensor_029; sensor_014,medium,0.7791959157626037
1221,2008-10-01 21:15:00,0,phase_ii,0.0971949575813703,221.34592915405585,1.4071398982831604,True,True,True,sensor_030; sensor_029; sensor_014,medium,0.7798340778557754
1222,2008-10-01 21:50:00,0,phase_ii,0.0318610814089975,551.4237051361242,4.188902866712674,True,True,True,sensor_014; sensor_030; sensor_150,medium,0.780472239948947
1223,2008-10-01 22:47:00,0,phase_ii,0.1129718179474715,147.6147855681421,0.950486708607513,True,True,True,sensor_030; sensor_029; sensor_345,medium,0.7811104020421187
1224,2008-10-01 23:34:00,0,phase_ii,0.0385898934615073,695.6583586421602,2.924985614318041,True,True,True,sensor_014; sensor_285; sensor_030,medium,0.7817485641352904
1225,2008-10-02 00:21:00,0,phase_ii,0.0779048814465277,220.627535814498,0.6488755560595575,True,True,True,sensor_014; sensor_150; sensor_285,medium,0.7823867262284621
1226,2008-10-02 00:22:00,0,phase_ii,0.073952279999357,549.7790132964262,1.239828630557121,True,True,True,sensor_030; sensor_029; sensor_014,medium,0.7830248883216337
1227,2008-10-02 03:17:00,1,phase_ii,0.673268601905054,552.1610265769523,2.5106135834522734,True,True,True,sensor_014; sensor_030; sensor_029,high,0.9763880025526483
1228,2008-10-02 03:27:00,0,phase_ii,0.0916456881537259,187.78179446606453,2.4640685202479946,True,True,True,sensor_014; sensor_030; sensor_285,medium,0.784301212507977
1229,2008-10-02 04:11:00,0,phase_ii,0.0767658079726444,394.36433055492864,2.6907645263649527,True,True,True,sensor_014; sensor_285; sensor_030,medium,0.7849393746011487
1230,2008-10-02 04:23:00,0,phase_ii,0.0935646028933612,218.32454650413632,2.37454482374746,True,True,True,sensor_014; sensor_285; sensor_345,medium,0.7855775366943204
1231,2008-10-02 04:24:00,0,phase_ii,0.0481274596405638,508.4463365167561,3.52947647773857,True,True,True,sensor_014; sensor_285; sensor_030,medium,0.786215698787492
1232,2008-10-02 06:49:00,0,phase_ii,0.023655684425176,266.3946350679406,0.7835413078507376,True,True,True,sensor_059; sensor_345; sensor_553,medium,0.7874920229738354
1233,2008-10-02 07:35:00,0,phase_ii,0.0881533103184657,508.020615044218,4.105903770508348,True,True,True,sensor_014; sensor_285; sensor_150,medium,0.7868538608806637
1234,2008-10-02 07:58:00,0,phase_ii,0.091172135052241,396.6713207951699,1.3114594536310706,True,True,True,sensor_030; sensor_029; sensor_059,medium,0.788130185067007
1235,2008-10-02 08:24:00,0,phase_ii,0.0503687976098633,316.74690632352724,3.175426894903469,True,True,True,sensor_014; sensor_285; sensor_030,medium,0.7894065092533503
1236,2008-10-02 08:52:00,0,phase_ii,0.0593939543619612,86.3217519117812,1.243370210179841,True,True,True,sensor_014; sensor_285; sensor_150,medium,0.7887683471601787
1237,2008-10-02 08:57:00,0,phase_ii,0.0638671726244857,348.67003549410856,1.9341107852010984,True,True,True,sensor_014; sensor_285; sensor_345,medium,0.790044671346522
1238,2008-10-02 09:10:00,1,phase_ii,0.6067098058333716,194.2932949946222,1.2268396718223442,True,True,True,sensor_030; sensor_029; sensor_021,high,0.9508615188257817
1239,2008-10-02 09:42:00,0,phase_ii,0.046442450249425,191.2393739070574,2.0100338461380205,True,True,True,sensor_014; sensor_030; sensor_345,medium,0.7913209955328654
1240,2008-10-02 10:03:00,0,phase_ii,0.1507016535305484,170.16997029077055,1.0483866000249775,True,True,True,sensor_059; sensor_345; sensor_014,medium,0.8672622846202935
1241,2008-10-02 14:07:00,1,phase_ii,0.5922929077011344,266.6359395659924,2.1204178006802827,True,True,True,sensor_014; sensor_285; sensor_059,high,0.9483088704530951
1242,2008-10-02 14:10:00,1,phase_ii,0.653415724401425,80.50625230227872,0.3647862821102177,True,True,True,sensor_059; sensor_345; sensor_014,high,0.9687300574345884
1243,2008-10-02 14:54:00,0,phase_ii,0.038551784789927,550.7772883840314,1.3863661550134314,True,True,True,sensor_030; sensor_029; sensor_014,medium,0.793873643905552
1244,2008-10-02 15:10:00,0,phase_ii,0.0499237604837458,550.2650210268764,2.9958230064203653,True,True,True,sensor_014; sensor_150; sensor_285,medium,0.7945118059987237
1245,2008-10-02 15:44:00,0,phase_ii,0.0464420251700315,509.1403115696244,3.9807472322610216,True,True,True,sensor_014; sensor_285; sensor_029,medium,0.7951499680918953
1246,2008-10-02 15:58:00,0,phase_ii,0.0502088417614012,513.4024781621221,6.462783365915311,True,True,True,sensor_014; sensor_285; sensor_029,medium,0.795788130185067
1247,2008-10-02 16:32:00,0,phase_ii,0.016861226003013,805.6599122263813,2.7594717125476955,True,True,True,sensor_014; sensor_030; sensor_029,medium,0.7964262922782387
1248,2008-10-02 16:58:00,0,phase_ii,0.0657216328486021,171.7259489418735,1.788945810501848,True,True,True,sensor_014; sensor_030; sensor_285,medium,0.7970644543714104
1249,2008-10-02 17:00:00,0,phase_ii,0.0692656895201717,508.7046891106714,4.443097069358172,True,True,True,sensor_014; sensor_285; sensor_029,medium,0.797702616464582
1250,2008-10-02 17:19:00,0,phase_ii,0.0573631019516608,539.923656711195,5.431513017385979,True,True,True,sensor_014; sensor_285; sensor_030,medium,0.7983407785577536
1251,2008-10-02 19:21:00,0,phase_ii,0.1008614911709899,43.76176057410926,1.2940487472731743,True,True,False,sensor_029; sensor_030; sensor_059,medium,0.7989789406509253
1252,2008-10-02 19:25:00,0,phase_ii,0.069674941195627,514.0023469310764,1.8225872415701163,True,True,True,sensor_014; sensor_030; sensor_285,medium,0.799617102744097
1253,2008-10-02 20:54:00,0,final_holdout,0.1113800804232314,500.2323008260441,1.5037703392862392,True,True,True,sensor_029; sensor_030; sensor_150,medium,0.8008934269304403
1254,2008-10-02 21:32:00,1,final_holdout,0.0655529315156688,181.1457626376117,1.3932965944620643,True,True,True,sensor_059; sensor_345; sensor_014,medium,0.8002552648372687
1255,2008-10-02 21:33:00,0,final_holdout,0.1745569585739261,43.62702966960528,0.5309136790074956,True,True,False,sensor_059; sensor_345; sensor_029,medium,0.8940650925335035
1256,2008-10-02 22:23:00,0,final_holdout,0.122520284595472,47.42227013983279,0.689561289785617,True,True,False,sensor_014; sensor_059; sensor_150,medium,0.8021697511167837
1257,2008-10-02 22:33:00,0,final_holdout,0.1742305128332429,44.32182750770403,0.6008454046813264,True,True,False,sensor_029; sensor_030; sensor_014,medium,0.8927887683471601
1258,2008-10-02 23:32:00,0,final_holdout,0.0521361990364063,686.3050017450632,6.042049173127683,True,True,True,sensor_014; sensor_285; sensor_030,medium,0.805360561582642
1259,2008-10-02 23:32:00,0,final_holdout,0.0538612995596998,7.584284591413096,1.1781426616582729,True,True,False,sensor_014; sensor_285; sensor_150,medium,0.8047223994894703
1260,2008-10-03 00:24:00,0,final_holdout,0.0645912286765278,12.52848256262772,0.3967049510185381,True,True,False,sensor_014; sensor_150; sensor_285,medium,0.803446075303127
1261,2008-10-03 00:55:00,0,final_holdout,0.0907528649437764,85.17483428083055,1.013103241444736,True,True,True,sensor_059; sensor_345; sensor_150,medium,0.8040842373962986
1262,2008-10-03 02:41:00,0,final_holdout,0.1475703765278249,282.60018023139537,1.792178730584443,True,True,True,sensor_030; sensor_029; sensor_059,medium,0.8615188257817485
1263,2008-10-03 03:52:00,0,final_holdout,0.115018572834414,316.58507583505843,4.107179953393102,True,True,True,sensor_014; sensor_345; sensor_059,medium,0.8066368857689853
1264,2008-10-03 03:56:00,0,final_holdout,0.0902738243062821,537.5203138914063,4.7820044080100255,True,True,True,sensor_014; sensor_285; sensor_150,medium,0.807275047862157
1265,2008-10-03 04:49:00,0,final_holdout,0.08414010911335,684.4904638823438,2.732970660616308,True,True,True,sensor_014; sensor_285; sensor_030,medium,0.8079132099553287
1266,2008-10-03 05:01:00,0,final_holdout,0.1031769453778957,764.5417629973546,4.588788163408596,True,True,True,sensor_014; sensor_285; sensor_030,medium,0.8085513720485004
1267,2008-10-03 05:45:00,0,final_holdout,0.1837462745388887,25.455687686008535,0.7748656686661589,True,True,False,sensor_014; sensor_285; sensor_059,high,0.9049138481174218
1268,2008-10-03 06:15:00,0,final_holdout,0.0327585386812217,174.4024457062936,1.150647312344781,True,True,True,sensor_030; sensor_029; sensor_150,medium,0.8098276962348436
1269,2008-10-03 08:35:00,0,final_holdout,0.097592324201478,153.06512586813164,0.6457395852316097,True,True,True,sensor_059; sensor_345; sensor_030,medium,0.8104658583280153
1270,2008-10-03 09:30:00,0,final_holdout,0.032993873616048,480.694309519476,2.571391571751775,True,True,True,sensor_014; sensor_285; sensor_150,medium,0.8117421825143587
1271,2008-10-03 11:40:00,0,final_holdout,0.0976665815307101,73.35756599959052,0.1792570843399104,True,True,False,sensor_014; sensor_150; sensor_029,medium,0.811104020421187
1272,2008-10-03 12:31:00,0,final_holdout,0.0966798299770343,144.92096137406102,2.406498451617812,True,True,True,sensor_014; sensor_345; sensor_059,medium,0.8123803446075303
1273,2008-10-03 18:45:00,0,final_holdout,0.0884852337931292,142.19269533981333,0.3649893328810614,True,True,True,sensor_059; sensor_345; sensor_030,medium,0.813018506700702
1274,2008-10-03 19:23:00,0,final_holdout,0.1697875202876079,166.99927017839366,0.2791364939371311,True,True,True,sensor_030; sensor_029; sensor_014,medium,0.8889597957881302
1275,2008-10-03 19:23:00,0,final_holdout,0.1189351037547983,83.68878578378212,1.7566085651077,True,True,True,sensor_059; sensor_345; sensor_014,medium,0.8136566687938737
1276,2008-10-03 20:11:00,0,final_holdout,0.1428903712269753,324.24404418378515,2.591900000309126,True,True,True,sensor_014; sensor_285; sensor_029,medium,0.8544990427568603
1277,2008-10-03 20:26:00,0,final_holdout,0.1043073113392624,84.30743802308864,0.6357214823865655,True,True,True,sensor_059; sensor_345; sensor_014,medium,0.8149329929802169
1278,2008-10-03 20:35:00,0,final_holdout,0.103818971766102,222.9061675847224,3.1533687099593646,True,True,True,sensor_014; sensor_030; sensor_029,medium,0.8162093171665603
1279,2008-10-03 20:46:00,0,final_holdout,0.0586116932396858,313.028328752371,0.5375456256842315,True,True,True,sensor_030; sensor_029; sensor_059,medium,0.816847479259732
1280,2008-10-03 21:15:00,0,final_holdout,0.102978450701015,541.3702073553698,7.012888947320061,True,True,True,sensor_014; sensor_285; sensor_030,medium,0.8174856413529037
1281,2008-10-03 21:52:00,0,final_holdout,0.170731479825953,614.0661099391907,5.483582675715955,True,True,True,sensor_014; sensor_285; sensor_059,medium,0.8902361199744735
1282,2008-10-03 22:08:00,0,final_holdout,0.0721997197871698,479.25228286998254,5.030509224921248,True,True,True,sensor_014; sensor_285; sensor_030,medium,0.818761965539247
1283,2008-10-03 22:53:00,0,final_holdout,0.1586051023889471,688.7108834950805,2.252653241010292,True,True,True,sensor_014; sensor_030; sensor_285,medium,0.8742820676451819
1284,2008-10-03 23:46:00,0,final_holdout,0.0410471957416553,94.22357235649798,0.3713282533818197,True,True,True,sensor_014; sensor_285; sensor_059,medium,0.8194001276324187
1285,2008-10-04 00:58:00,0,final_holdout,0.2020442025469573,269.2781292582722,3.809924151884012,True,True,True,sensor_014; sensor_059; sensor_345,high,0.9138481174218251
1286,2008-10-04 01:49:00,0,final_holdout,0.0983944764544002,139.64096879015864,0.8181130437355989,True,True,True,sensor_059; sensor_345; sensor_029,medium,0.8213146139119336
1287,2008-10-04 02:36:00,0,final_holdout,0.0733548702872475,141.86093242938622,0.1644017574382658,True,True,True,sensor_030; sensor_029; sensor_059,medium,0.8219527760051053
1288,2008-10-04 03:53:00,0,final_holdout,0.059466330841547,143.02795928251763,0.8535333755083899,True,True,True,sensor_014; sensor_059; sensor_030,medium,0.822590938098277
1289,2008-10-04 04:12:00,0,final_holdout,0.1052842275071273,765.6088280772478,3.817447779071957,True,True,True,sensor_014; sensor_285; sensor_030,medium,0.8232291001914487
1290,2008-10-04 04:45:00,0,final_holdout,0.0617163780998565,143.01877104769784,0.8679507829050068,True,True,True,sensor_059; sensor_014; sensor_345,medium,0.8238672622846203
1291,2008-10-04 09:29:00,0,final_holdout,0.0636845743496231,1046.3694961563417,2.4953236330300497,True,True,True,sensor_030; sensor_014; sensor_029,medium,0.824505424377792
1292,2008-10-04 15:16:00,0,final_holdout,0.2272948652066814,401.057312509786,6.342393995450642,True,True,True,sensor_014; sensor_285; sensor_030,high,0.9285258455647735
1293,2008-10-04 16:58:00,0,final_holdout,0.1675349102371866,144.09458064702284,2.0852223348209997,True,True,True,sensor_014; sensor_285; sensor_030,medium,0.8864071474154436
1294,2008-10-04 18:15:00,0,final_holdout,0.0710689937378146,186.96894361262068,1.3212529578114094,True,True,True,sensor_014; sensor_059; sensor_345,medium,0.8264199106573069
1295,2008-10-04 18:25:00,0,final_holdout,0.056452448207133,191.290463649994,1.011262525936806,True,True,True,sensor_030; sensor_029; sensor_059,medium,0.8270580727504786
1296,2008-10-04 18:59:00,0,final_holdout,0.0801062454735083,496.79053553394215,4.982197970185362,True,True,True,sensor_014; sensor_285; sensor_059,medium,0.828334396936822
1297,2008-10-04 19:12:00,0,final_holdout,0.0969100089992106,74.92559379966391,0.2015207836591447,True,True,False,sensor_150; sensor_014; sensor_029,medium,0.8276962348436503
1298,2008-10-04 19:47:00,0,final_holdout,0.1125134718052211,313.1361920316031,1.3264031233620015,True,True,True,sensor_014; sensor_285; sensor_030,medium,0.8289725590299937
1299,2008-10-04 19:54:00,0,final_holdout,0.0666139716656205,186.91536285015283,1.412473063290843,True,True,True,sensor_014; sensor_285; sensor_150,medium,0.8296107211231653
1300,2008-10-04 20:39:00,0,final_holdout,0.045954988026143,477.5682645904018,2.204486575011278,True,True,True,sensor_014; sensor_285; sensor_030,medium,0.8302488832163369
1301,2008-10-04 22:06:00,0,final_holdout,0.0724411394494454,322.1340543116908,0.6353922914177519,True,True,True,sensor_059; sensor_345; sensor_014,medium,0.8308870453095086
1302,2008-10-04 23:18:00,1,final_holdout,0.0514529797735111,148.8850904539297,0.3965311068368197,True,True,True,sensor_059; sensor_345; sensor_030,medium,0.8315252074026803
1303,2008-10-05 00:33:00,1,final_holdout,0.1423392872362187,126.70690729421987,2.4138763947713207,True,True,True,sensor_014; sensor_030; sensor_285,medium,0.8525845564773452
1304,2008-10-05 00:33:00,0,final_holdout,0.2093529094883764,347.74748016198623,1.0918073817193603,True,True,True,sensor_030; sensor_014; sensor_029,high,0.9202297383535418
1305,2008-10-05 01:35:00,0,final_holdout,0.0755335594002949,480.93024141825737,6.226185855163955,True,True,True,sensor_014; sensor_285; sensor_030,medium,0.834077855775367
1306,2008-10-05 04:01:00,0,final_holdout,0.1336552664936699,19.34956315393368,0.3064299584033808,True,True,False,sensor_014; sensor_285; sensor_030,medium,0.8359923420548819
1307,2008-10-05 04:20:00,0,final_holdout,0.2270201612536506,675.148644405288,1.56354412178471,True,True,True,sensor_030; sensor_029; sensor_014,high,0.9278876834716018
1308,2008-10-05 04:48:00,0,final_holdout,0.0897981113725885,150.9886457258898,1.1600794485262165,True,True,True,sensor_059; sensor_345; sensor_030,medium,0.8359923420548819
1309,2008-10-05 05:31:00,0,final_holdout,0.0660211209030093,183.37633511982975,1.2028680684073167,True,True,True,sensor_059; sensor_345; sensor_030,medium,0.8353541799617102
1310,2008-10-05 05:53:00,0,final_holdout,0.0442143367349345,151.6293237966834,0.6230876706204125,True,True,True,sensor_059; sensor_345; sensor_285,medium,0.8366305041480536
1311,2008-10-05 06:15:00,0,final_holdout,0.0552045371987378,403.52337309031753,6.751104684448364,True,True,True,sensor_014; sensor_285; sensor_030,medium,0.8372686662412253
1312,2008-10-05 08:02:00,0,final_holdout,0.0944431120323928,129.49815676417003,1.0855791931753422,True,True,True,sensor_059; sensor_345; sensor_029,medium,0.8379068283343969
1313,2008-10-05 08:40:00,0,final_holdout,0.0840606515018294,311.0502546138006,1.1288325631198632,True,True,True,sensor_030; sensor_029; sensor_059,medium,0.8385449904275686
1314,2008-10-05 09:04:00,0,final_holdout,0.0455915214808862,144.9836867556794,0.2703651428478385,True,True,True,sensor_029; sensor_030; sensor_059,medium,0.8391831525207403
1315,2008-10-05 09:47:00,0,final_holdout,0.0481531311999718,319.2205704163765,1.661291149742474,True,True,True,sensor_059; sensor_345; sensor_030,medium,0.839821314613912
1316,2008-10-05 10:00:00,0,final_holdout,0.1231229866415019,153.2602392140131,0.6192928542139662,True,True,True,sensor_014; sensor_059; sensor_345,medium,0.8404594767070837
1317,2008-10-05 10:43:00,0,final_holdout,0.0411257111816829,174.21982313430493,0.7824153979741448,True,True,True,sensor_029; sensor_030; sensor_150,medium,0.8410976388002552
1318,2008-10-05 11:05:00,0,final_holdout,0.059958137352406,152.22340855279106,0.4566081911293143,True,True,True,sensor_059; sensor_345; sensor_150,medium,0.8417358008934269
1319,2008-10-05 11:30:00,0,final_holdout,0.077537845586558,142.8146605414509,1.3839443399678475,True,True,True,sensor_014; sensor_285; sensor_059,medium,0.8423739629865986
1320,2008-10-05 12:03:00,0,final_holdout,0.1940836423269733,313.1765029246799,0.4969534182669861,True,True,True,sensor_014; sensor_285; sensor_059,high,0.9068283343969368
1321,2008-10-05 12:17:00,0,final_holdout,0.0871272724766705,507.9137880067117,4.098732172547862,True,True,True,sensor_029; sensor_030; sensor_014,medium,0.8436502871729419
1322,2008-10-05 13:49:00,0,final_holdout,0.0863314053856501,1169.070703776379,6.147783898622569,True,True,True,sensor_014; sensor_030; sensor_029,medium,0.8449266113592853
1323,2008-10-05 14:34:00,0,final_holdout,0.125483217864539,4.49264936439943,0.0975361970581676,True,True,False,sensor_029; sensor_030; sensor_021,medium,0.8442884492661136
1324,2008-10-05 15:30:00,1,final_holdout,0.1303365196618369,906.9708794587908,8.043077535235248,True,True,True,sensor_014; sensor_285; sensor_030,medium,0.8462029355456286
1325,2008-10-05 15:35:00,1,final_holdout,0.0830181152337098,93.97354383092332,1.43111237042566,True,True,True,sensor_014; sensor_285; sensor_345,medium,0.845564773452457
1326,2008-10-05 16:15:00,0,final_holdout,0.335948141328931,1152.5292469473334,6.211863064731928,True,True,True,sensor_014; sensor_030; sensor_029,high,0.9438417358008935
1327,2008-10-05 16:37:00,1,final_holdout,0.1009986794944163,103.64840112205528,1.1433714611594137,True,True,True,sensor_014; sensor_150; sensor_553,medium,0.8481174218251436
1328,2008-10-05 16:49:00,1,final_holdout,0.1823258022786438,119.93073118604076,0.7130399640247616,True,True,True,sensor_059; sensor_345; sensor_014,high,0.9023611997447352
1329,2008-10-05 18:46:00,1,final_holdout,0.1008406097963028,56.83250348348686,0.6751091241071091,True,True,False,sensor_029; sensor_030; sensor_285,medium,0.8468410976388002
1330,2008-10-05 18:59:00,0,final_holdout,0.0619702378208759,138.67509199800648,0.775273132812814,True,True,True,sensor_059; sensor_345; sensor_029,medium,0.8493937460114869
1331,2008-10-05 19:45:00,0,final_holdout,0.0473820946797314,1156.9325662457509,4.285714342354258,True,True,True,sensor_029; sensor_030; sensor_014,medium,0.8500319081046586
1332,2008-10-05 20:12:00,0,final_holdout,0.0943745089126197,402.9680193120085,0.5102847806165061,True,True,True,sensor_030; sensor_029; sensor_014,medium,0.8513082322910019
1333,2008-10-05 20:30:00,0,final_holdout,0.1590942787490452,36.73699744068361,0.5190890315743055,True,True,False,sensor_014; sensor_150; sensor_059,medium,0.8755583918315252
1334,2008-10-05 22:13:00,0,final_holdout,0.0636720183561305,694.1559648034023,1.0274925149488034,True,True,True,sensor_030; sensor_029; sensor_285,medium,0.8519463943841736
1335,2008-10-06 00:41:00,0,final_holdout,0.0906671728424814,169.8960741309773,0.4306865784079963,True,True,True,sensor_030; sensor_029; sensor_059,medium,0.8525845564773452
1336,2008-10-06 01:25:00,0,final_holdout,0.0718178638839354,189.39478849251137,0.2933006171369948,True,True,True,sensor_014; sensor_059; sensor_345,medium,0.8532227185705169
1337,2008-10-06 01:27:00,0,final_holdout,0.117507745534924,497.17435438240784,2.3195944855302044,True,True,True,sensor_030; sensor_029; sensor_014,medium,0.8538608806636886
1338,2008-10-06 01:30:00,0,final_holdout,0.0951579577621812,129.25792486388167,1.0651997581789314,True,True,True,sensor_059; sensor_345; sensor_029,medium,0.8544990427568603
1339,2008-10-06 02:44:00,0,final_holdout,0.0829326747517959,316.0276293495924,1.561992719136056,True,True,True,sensor_030; sensor_029; sensor_014,medium,0.8551372048500319
1340,2008-10-06 02:49:00,0,final_holdout,0.0857387326818709,256.9421431674561,1.1934618200894878,True,True,True,sensor_059; sensor_345; sensor_014,medium,0.8557753669432036
1341,2008-10-06 03:31:00,0,final_holdout,0.1078562055609068,228.7932707898788,0.144331157969184,True,True,True,sensor_059; sensor_345; sensor_285,medium,0.8564135290363752
1342,2008-10-06 03:50:00,1,final_holdout,0.0363381807970264,148.79064139699844,0.8752639005657831,True,True,True,sensor_030; sensor_029; sensor_553,medium,0.8583280153158902
1343,2008-10-06 03:57:00,1,final_holdout,0.0613212215480229,118.73967014683532,0.810751825017132,True,True,True,sensor_059; sensor_345; sensor_029,medium,0.8570516911295469
1344,2008-10-06 04:26:00,0,final_holdout,0.1661872942676489,25.28946944488924,0.2934826026970112,True,True,False,sensor_059; sensor_345; sensor_014,medium,0.8844926611359285
1345,2008-10-06 05:21:00,0,final_holdout,0.108280873376674,173.98100988604892,2.3479502704812774,True,True,True,sensor_030; sensor_059; sensor_345,medium,0.8589661774090619
1346,2008-10-06 05:24:00,0,final_holdout,0.1174753882053456,765.6516060949994,1.7429044362134631,True,True,True,sensor_014; sensor_285; sensor_030,medium,0.8596043395022336
1347,2008-10-06 06:11:00,0,final_holdout,0.1424882563076318,384.51703686186113,0.6359528485780722,True,True,True,sensor_030; sensor_014; sensor_029,medium,0.8602425015954053
1348,2008-10-06 06:26:00,0,final_holdout,0.087555301445307,209.59142274023836,0.7902406810151195,True,True,True,sensor_030; sensor_029; sensor_014,medium,0.8608806636885769
1349,2008-10-06 06:49:00,0,final_holdout,0.03725643251853,170.3387267205484,1.0216854206895731,True,True,True,sensor_030; sensor_014; sensor_029,medium,0.8615188257817485
1350,2008-10-06 07:12:00,0,final_holdout,0.0531992360280804,401.3265965722154,2.1148626241341955,True,True,True,sensor_030; sensor_029; sensor_059,medium,0.8621569878749202
1351,2008-10-06 07:17:00,0,final_holdout,0.0954725563975333,172.5425581017264,1.1755035662379296,True,True,True,sensor_030; sensor_029; sensor_345,medium,0.8627951499680919
1352,2008-10-06 07:35:00,0,final_holdout,0.0398622551698356,406.7135346532166,1.7182239813089744,True,True,True,sensor_030; sensor_029; sensor_059,medium,0.8634333120612636
1353,2008-10-06 07:38:00,0,final_holdout,0.0792412027182379,128.24451111295264,2.898108883402418,True,True,True,sensor_059; sensor_345; sensor_029,medium,0.8653477983407786
1354,2008-10-06 08:24:00,0,final_holdout,0.0378233245793463,109.2483681020206,0.9279691522184148,True,True,True,sensor_014; sensor_285; sensor_059,medium,0.8647096362476069
1355,2008-10-06 08:57:00,0,final_holdout,0.0351380123728111,3.2009768194170265,0.5888503950002603,True,True,False,sensor_014; sensor_029; sensor_030,medium,0.8640714741544352
1356,2008-10-06 09:11:00,0,final_holdout,0.1747057058977519,548.5784549336508,2.809694880510281,True,True,True,sensor_014; sensor_285; sensor_029,medium,0.8947032546266752
1357,2008-10-06 09:57:00,0,final_holdout,0.0783434693138897,139.7767781879642,2.001886200326048,True,True,True,sensor_029; sensor_030; sensor_059,medium,0.8666241225271218
1358,2008-10-06 10:07:00,0,final_holdout,0.020507803945219,763.5707632126705,2.5516253198366816,True,True,True,sensor_014; sensor_030; sensor_029,medium,0.8672622846202935
1359,2008-10-06 11:51:00,0,final_holdout,0.0956174702791447,258.0422992511656,1.724826499820852,True,True,True,sensor_030; sensor_029; sensor_285,medium,0.8679004467134652
1360,2008-10-06 12:39:00,0,final_holdout,0.0913049121848259,231.31810538916852,0.7813149736445385,True,True,True,sensor_030; sensor_029; sensor_059,medium,0.8704530950861519
1361,2008-10-06 12:42:00,0,final_holdout,0.1329149367872144,83.88698118607267,2.0369524872244527,True,True,True,sensor_014; sensor_059; sensor_345,medium,0.8691767708998086
1362,2008-10-06 13:08:00,0,final_holdout,0.0550749752653005,7.072300355393496,1.935161714879036,True,True,False,sensor_014; sensor_029; sensor_285,medium,0.8685386088066369
1363,2008-10-06 13:38:00,1,final_holdout,0.1816034432475984,43.44998507260632,0.5008743727072296,True,True,False,sensor_029; sensor_030; sensor_059,high,0.9010848755583918
1364,2008-10-06 13:55:00,1,final_holdout,0.1743857660299183,351.37320180722986,1.9192392807786431,True,True,True,sensor_014; sensor_150; sensor_030,medium,0.8934269304403318
1365,2008-10-06 15:00:00,1,final_holdout,0.1107960582089647,259.68484593290094,2.0311323008950195,True,True,True,sensor_059; sensor_345; sensor_014,medium,0.8723675813656668
1366,2008-10-06 15:01:00,0,final_holdout,0.0839440799965694,14.578489079265411,1.0299216919868577,True,True,False,sensor_029; sensor_030; sensor_021,medium,0.8710912571793236
1367,2008-10-06 15:52:00,0,final_holdout,0.0644628012565012,176.6641603302475,1.1284878399991023,True,True,True,sensor_059; sensor_345; sensor_030,medium,0.8730057434588385
1368,2008-10-06 16:42:00,0,final_holdout,0.0704823526091872,215.55404766405823,0.5944397603629816,True,True,True,sensor_014; sensor_030; sensor_029,medium,0.8736439055520102
1369,2008-10-06 16:50:00,0,final_holdout,0.0507201546691362,325.9450340047226,1.6788491052076917,True,True,True,sensor_059; sensor_345; sensor_014,medium,0.8742820676451819
1370,2008-10-06 17:26:00,0,final_holdout,0.0763153493266368,171.4843340803025,0.6649178315340388,True,True,True,sensor_030; sensor_029; sensor_014,medium,0.8768347160178686
1371,2008-10-06 17:26:00,0,final_holdout,0.0401759546281269,236.64715460597495,1.0440017494854268,True,True,True,sensor_285; sensor_059; sensor_345,medium,0.8755583918315252
1372,2008-10-06 17:35:00,0,final_holdout,0.0482146022771312,9.784503531492954,2.5095763951310786,True,True,False,sensor_014; sensor_150; sensor_285,medium,0.8749202297383536
1373,2008-10-06 18:54:00,0,final_holdout,0.0521597119596077,153.0644799239087,0.7582217641883097,True,True,True,sensor_059; sensor_345; sensor_014,medium,0.8761965539246969
1374,2008-10-06 18:55:00,0,final_holdout,0.1956209484801051,608.8778027650021,3.219337171637883,True,True,True,sensor_014; sensor_285; sensor_029,high,0.9093809827696235
1375,2008-10-06 19:42:00,0,final_holdout,0.0574602328453304,82.7309253797947,1.307283358434046,True,True,True,sensor_059; sensor_345; sensor_014,medium,0.8774728781110402
1376,2008-10-06 20:02:00,0,final_holdout,0.0682140603946877,140.89592003651458,0.4300632121968631,True,True,True,sensor_014; sensor_059; sensor_345,medium,0.8787492022973835
1377,2008-10-06 20:36:00,0,final_holdout,0.1034888163185168,157.67985085523375,2.217632971072768,True,True,True,sensor_014; sensor_059; sensor_345,medium,0.8793873643905552
1378,2008-10-06 20:47:00,0,final_holdout,0.0545539459734611,612.4109598583599,2.3390317166127743,True,True,True,sensor_014; sensor_029; sensor_030,medium,0.8800255264837269
1379,2008-10-06 21:46:00,0,final_holdout,0.1100547369767679,143.3918004755267,1.6058737628819515,True,True,True,sensor_059; sensor_345; sensor_150,medium,0.8806636885768986
1380,2008-10-06 21:48:00,0,final_holdout,0.0238893117808654,114.520555010837,0.6744991970759292,True,True,True,sensor_059; sensor_345; sensor_029,medium,0.8813018506700702
1381,2008-10-06 22:37:00,0,final_holdout,0.0765385106105717,811.6232002036115,4.08434894504195,True,True,True,sensor_014; sensor_030; sensor_059,medium,0.8819400127632419
1382,2008-10-06 23:03:00,0,final_holdout,0.0633455488381958,373.48448856219954,3.0134109652327483,True,True,True,sensor_030; sensor_029; sensor_014,medium,0.8832163369495852
1383,2008-10-07 01:46:00,0,final_holdout,0.1016351635385966,111.11752901821455,1.0095424478272634,True,True,True,sensor_014; sensor_059; sensor_345,medium,0.8825781748564135
1384,2008-10-07 03:29:00,0,final_holdout,0.1006191661112147,116.22888764419388,0.6113904652599277,True,True,True,sensor_059; sensor_345; sensor_014,medium,0.8838544990427568
1385,2008-10-07 03:39:00,0,final_holdout,0.0915764471107851,541.2821892429487,1.6748659642600157,True,True,True,sensor_285; sensor_014; sensor_059,medium,0.8851308232291002
1386,2008-10-07 07:32:00,0,final_holdout,0.1963691245247698,19.00954211294109,0.3946450153004899,True,True,False,sensor_150; sensor_014; sensor_553,high,0.9100191448627951
1387,2008-10-07 07:41:00,0,final_holdout,0.1036989497913207,337.0428646938452,0.4407545130964739,True,True,True,sensor_285; sensor_014; sensor_059,medium,0.8864071474154436
1388,2008-10-07 08:25:00,0,final_holdout,0.0471501175349853,83.58019301422074,1.2916257082968714,True,True,True,sensor_059; sensor_345; sensor_029,medium,0.8857689853222719
1389,2008-10-07 08:26:00,0,final_holdout,0.0635179121300214,325.96784001726803,1.364981223019624,True,True,True,sensor_014; sensor_030; sensor_029,medium,0.8870453095086152
1390,2008-10-07 09:11:00,0,final_holdout,0.0741008733213395,110.47869821122538,1.1731338622538925,True,True,True,sensor_059; sensor_345; sensor_029,medium,0.8883216336949585
1391,2008-10-07 09:20:00,0,final_holdout,0.0746918365450233,244.5140520396345,0.7786479144600137,True,True,True,sensor_030; sensor_029; sensor_345,medium,0.8902361199744735
1392,2008-10-07 09:59:00,0,final_holdout,0.0545096569043288,449.64846750339007,1.9970915679029555,True,True,True,sensor_014; sensor_059; sensor_345,medium,0.8876834716017868
1393,2008-10-07 10:04:00,0,final_holdout,0.0460796893085098,153.1703995856786,2.8877037297693526,True,True,True,sensor_014; sensor_030; sensor_150,medium,0.8889597957881302
1394,2008-10-07 10:10:00,0,final_holdout,0.1036024527137016,376.8169675261783,1.0824205122900976,True,True,True,sensor_029; sensor_030; sensor_553,medium,0.8921506062539886
1395,2008-10-07 10:51:00,0,final_holdout,0.0671736159789727,11.42809516075665,0.1699362216864019,True,True,False,sensor_014; sensor_059; sensor_345,medium,0.8915124441608169
1396,2008-10-07 11:15:00,0,final_holdout,0.0809440618087996,112.00524270929436,0.6877339319498185,True,True,True,sensor_059; sensor_345; sensor_029,medium,0.8908742820676452
1397,2008-10-07 11:16:00,0,final_holdout,0.2691763291211704,83.3016074469065,0.696037483364877,True,True,True,sensor_014; sensor_059; sensor_345,high,0.9387364390555201
1398,2008-10-07 11:36:00,0,final_holdout,0.1330681041724197,325.75603027525943,0.9846574648459738,True,True,True,sensor_285; sensor_014; sensor_029,medium,0.8927887683471601
1399,2008-10-07 12:40:00,0,final_holdout,0.0582778081964423,213.95311295891645,1.0764341626750973,True,True,True,sensor_030; sensor_029; sensor_345,medium,0.8947032546266752
1400,2008-10-07 13:10:00,1,final_holdout,0.1072762844404321,74.16151635122715,0.8590592106075239,True,True,False,sensor_014; sensor_285; sensor_059,medium,0.8934269304403318
1401,2008-10-07 13:48:00,0,final_holdout,0.2014595527419482,153.8919748076467,0.7062989682850371,True,True,True,sensor_014; sensor_059; sensor_345,high,0.9132099553286535
1402,2008-10-07 14:35:00,0,final_holdout,0.1799866557639042,143.2007546954272,0.2552116776726891,True,True,True,sensor_014; sensor_553; sensor_059,medium,0.8998085513720485
1403,2008-10-07 16:32:00,0,final_holdout,0.0928761109401482,473.1634991333629,0.7926334831587901,True,True,True,sensor_030; sensor_014; sensor_059,medium,0.8959795788130185
1404,2008-10-07 17:06:00,0,final_holdout,0.1641136013179144,658.3927210220913,3.153435947920093,True,True,True,sensor_059; sensor_345; sensor_029,medium,0.8966177409061902
1405,2008-10-07 17:28:00,0,final_holdout,0.081595345679572,366.35821024379993,0.7607321146846733,True,True,True,sensor_014; sensor_030; sensor_059,high,0.9004467134652202
1406,2008-10-07 18:39:00,0,final_holdout,0.0944009882824427,142.6340906743073,0.7235103315237259,True,True,True,sensor_014; sensor_285; sensor_059,high,0.9010848755583918
1407,2008-10-07 19:24:00,0,final_holdout,0.1103636300110138,450.0351259499221,4.639085975525633,True,True,True,sensor_014; sensor_285; sensor_059,medium,0.8972559029993619
1408,2008-10-07 20:19:00,0,final_holdout,0.0895961991783441,18.927498391368893,1.690591202716504,True,True,False,sensor_014; sensor_285; sensor_030,medium,0.8978940650925336
1409,2008-10-07 20:39:00,0,final_holdout,0.1407496934006136,114.93598202615304,0.2451931077521405,True,True,True,sensor_059; sensor_345; sensor_150,medium,0.8998085513720485
1410,2008-10-07 20:48:00,0,final_holdout,0.1249963564981227,402.92489218875176,1.202414022410346,True,True,True,sensor_030; sensor_029; sensor_014,high,0.9017230376515635
1411,2008-10-08 04:47:00,0,final_holdout,0.0823420604541432,449.8788213187973,4.066792399854435,True,True,True,sensor_014; sensor_285; sensor_059,medium,0.8985322271857051
1412,2008-10-08 05:35:00,0,final_holdout,0.0582189728924088,66.279164089148,2.11308376708438,True,True,False,sensor_014; sensor_150; sensor_285,medium,0.8991703892788768
1413,2008-10-08 05:38:00,0,final_holdout,0.0298630295135885,500.3309745038415,4.311086296057691,True,True,True,sensor_014; sensor_030; sensor_029,high,0.9029993618379069
1414,2008-10-08 06:25:00,0,final_holdout,0.048284842792762,406.329315429074,2.764541692960691,True,True,True,sensor_030; sensor_029; sensor_014,high,0.9055520102105935
1415,2008-10-08 07:10:00,0,final_holdout,0.0346698541080365,8.357456025689872,1.0470082620325645,True,True,False,sensor_014; sensor_285; sensor_150,high,0.9042756860242501
1416,2008-10-08 07:13:00,0,final_holdout,0.0481350613782257,453.0927950149579,3.2708272053284464,True,True,True,sensor_014; sensor_059; sensor_285,high,0.9023611997447352
1417,2008-10-08 07:16:00,0,final_holdout,0.1164528230796946,118.02346729329096,4.162853835899419,True,True,True,sensor_014; sensor_285; sensor_059,high,0.9036375239310785
1418,2008-10-08 09:01:00,0,final_holdout,0.1400289007594503,115.0307132140628,0.6882904538939293,True,True,True,sensor_059; sensor_345; sensor_285,high,0.9049138481174218
1419,2008-10-08 09:06:00,0,final_holdout,0.0829673364268276,332.9975460522792,0.8543955132902882,True,True,True,sensor_150; sensor_030; sensor_014,high,0.9061901723037652
1420,2008-10-08 10:37:00,0,final_holdout,0.0344890002883787,397.1582605705337,1.143609189464035,True,True,True,sensor_014; sensor_285; sensor_030,high,0.9068283343969368
1421,2008-10-08 12:11:00,0,final_holdout,0.0425974996494547,48.01252514483056,0.6922306948818604,True,True,False,sensor_059; sensor_345; sensor_029,high,0.9074664964901085
1422,2008-10-08 13:35:00,0,final_holdout,0.1357943686390101,80.25020334908197,0.440291467219702,True,True,True,sensor_014; sensor_285; sensor_150,high,0.9081046585832802
1423,2008-10-08 13:38:00,0,final_holdout,0.1257601520503757,57.398189621672266,1.1870995232468091,True,True,False,sensor_014; sensor_030; sensor_029,high,0.9087428206764518
1424,2008-10-08 14:48:00,0,final_holdout,0.1031001839554613,102.55730979353794,0.4195979507862757,True,True,True,sensor_553; sensor_030; sensor_556,high,0.9093809827696235
1425,2008-10-08 15:37:00,0,final_holdout,0.0788992479907267,471.45824560766346,2.272677875689516,True,True,True,sensor_059; sensor_345; sensor_014,high,0.9100191448627951
1426,2008-10-08 16:26:00,0,final_holdout,0.1291290207366596,874.7135317104089,2.0896920977797646,True,True,True,sensor_014; sensor_285; sensor_030,high,0.9106573069559668
1427,2008-10-08 17:14:00,0,final_holdout,0.14980135508685,104.42391802274425,2.2566028011026846,True,True,True,sensor_029; sensor_030; sensor_014,high,0.9119336311423102
1428,2008-10-08 17:31:00,0,final_holdout,0.0747151183981721,112.33892809228794,1.3040063710047145,True,True,True,sensor_059; sensor_345; sensor_014,high,0.9138481174218251
1429,2008-10-08 17:41:00,0,final_holdout,0.0438788699273667,85.15390084928723,0.1600001114159719,True,True,True,sensor_030; sensor_014; sensor_029,high,0.9151244416081685
1430,2008-10-08 18:22:00,0,final_holdout,0.0507187124652605,54.98795769131768,0.7051873461734385,True,True,False,sensor_059; sensor_345; sensor_030,high,0.9164007657945118
1431,2008-10-08 20:27:00,0,final_holdout,0.235966214131715,451.8909424560763,1.7763265578701548,True,True,True,sensor_014; sensor_285; sensor_059,high,0.9323548181238035
1432,2008-10-08 21:19:00,0,final_holdout,0.0364859595780482,115.6955476445418,1.3955663671137035,True,True,True,sensor_059; sensor_345; sensor_014,high,0.9112954690491385
1433,2008-10-08 21:45:00,0,final_holdout,0.0283143810167509,55.62174024130166,1.1513918688578082,True,True,False,sensor_150; sensor_029; sensor_014,high,0.9132099553286535
1434,2008-10-08 22:08:00,0,final_holdout,0.1000412187862332,232.28391812934092,0.0916032718237727,True,True,True,sensor_285; sensor_014; sensor_030,high,0.9144862795149968
1435,2008-10-08 23:13:00,0,final_holdout,0.2454049370665416,129.44579925779817,0.6779331687982546,True,True,True,sensor_059; sensor_345; sensor_553,high,0.9355456285896617
1436,2008-10-08 23:50:00,0,final_holdout,0.1175759512653591,668.1019544464307,4.614111338569147,True,True,True,sensor_014; sensor_285; sensor_030,high,0.9195915762603701
1437,2008-10-09 00:23:00,0,final_holdout,0.0602793553387341,450.7467386862404,2.30191508951198,True,True,True,sensor_014; sensor_059; sensor_345,high,0.9170389278876835
1438,2008-10-09 04:34:00,1,final_holdout,0.056108291782058,109.59944624284188,1.833123448630268,True,True,True,sensor_014; sensor_285; sensor_150,high,0.9183152520740268
1439,2008-10-09 06:06:00,0,final_holdout,0.0351057832964524,156.9017473208443,0.4479732692675799,True,True,True,sensor_059; sensor_345; sensor_014,high,0.9189534141671984
1440,2008-10-09 07:38:00,0,final_holdout,0.0703894409474732,117.16477064150884,1.1489925768537943,True,True,True,sensor_014; sensor_285; sensor_059,high,0.9176770899808552
1441,2008-10-09 14:15:00,0,final_holdout,0.0579735325875637,204.2657134429059,0.8691388986723031,True,True,True,sensor_030; sensor_029; sensor_014,high,0.9202297383535418
1442,2008-10-09 15:04:00,0,final_holdout,0.0477913472819267,260.302850811399,2.00200349652983,True,True,True,sensor_059; sensor_345; sensor_029,high,0.9208679004467135
1443,2008-10-09 15:55:00,1,final_holdout,0.0647125718501933,241.2853483901273,2.056542304653377,True,True,True,sensor_029; sensor_059; sensor_345,high,0.9221442246330568
1444,2008-10-09 15:56:00,0,final_holdout,0.0786656168834043,246.46106875038183,1.9649822084315776,True,True,True,sensor_059; sensor_345; sensor_014,high,0.9215060625398851
1445,2008-10-10 10:05:00,0,final_holdout,0.0866399822866657,468.3826684415592,2.495525391996358,True,True,True,sensor_059; sensor_345; sensor_030,high,0.9227823867262285
1446,2008-10-10 10:46:00,0,final_holdout,0.0291622884790858,210.90145414921747,0.6461285731075496,True,True,True,sensor_014; sensor_030; sensor_029,high,0.9234205488194002
1447,2008-10-10 10:53:00,0,final_holdout,0.1579206765775463,102.15351794456949,0.6665131562271911,True,True,True,sensor_029; sensor_030; sensor_014,high,0.9240587109125717
1448,2008-10-10 12:30:00,0,final_holdout,0.0583663960565088,150.96964760756978,0.7126320489868173,True,True,True,sensor_059; sensor_030; sensor_345,high,0.9246968730057434
1449,2008-10-10 15:33:00,0,final_holdout,0.1201500839504292,110.32673260479116,0.4113252222114292,True,True,True,sensor_030; sensor_029; sensor_285,high,0.9253350350989151
1450,2008-10-10 15:50:00,0,final_holdout,0.0882416419432823,685.8110444183665,1.3556371323351637,True,True,True,sensor_014; sensor_285; sensor_030,high,0.9272495213784301
1451,2008-10-10 20:02:00,0,final_holdout,0.0747259618917287,244.87575738093156,1.360845732186618,True,True,True,sensor_029; sensor_030; sensor_285,high,0.9259731971920868
1452,2008-10-10 21:03:00,0,final_holdout,0.0632563687765695,109.28367816808492,1.3435757868918088,True,True,True,sensor_029; sensor_030; sensor_150,high,0.9266113592852585
1453,2008-10-10 21:07:00,0,final_holdout,0.096934823539466,243.13911336143383,0.9361581628534632,True,True,True,sensor_059; sensor_345; sensor_029,high,0.9278876834716018
1454,2008-10-10 21:16:00,0,final_holdout,0.0578398850339082,105.53597597205952,0.8022957370444322,True,True,True,sensor_014; sensor_030; sensor_150,high,0.9285258455647735
1455,2008-10-11 02:55:00,0,final_holdout,0.0755797360528358,97.76985843891129,0.8264127296158902,True,True,True,sensor_014; sensor_150; sensor_059,high,0.9291640076579452
1456,2008-10-11 06:56:00,0,final_holdout,0.1395517658482194,210.45862812179732,0.5150004982288624,True,True,True,sensor_014; sensor_030; sensor_285,high,0.9298021697511167
1457,2008-10-11 07:38:00,0,final_holdout,0.0807211465096495,97.35937766746918,0.3166736604086007,True,True,True,sensor_059; sensor_345; sensor_014,high,0.9304403318442884
1458,2008-10-11 07:39:00,0,final_holdout,0.2774834837912002,515.0873321379304,19.4927909260875,True,True,True,sensor_059; sensor_345; sensor_029,high,0.9406509253350351
1459,2008-10-11 07:42:00,0,final_holdout,0.0841163373826584,7.653185499466608,0.5650872126650776,True,True,False,sensor_029; sensor_030; sensor_059,high,0.9310784939374601
1460,2008-10-11 08:27:00,0,final_holdout,0.1235239014027683,140.1286674606215,1.1128296366341313,True,True,True,sensor_059; sensor_345; sensor_029,high,0.9323548181238035
1461,2008-10-11 14:43:00,0,final_holdout,0.1006350885000687,778.6760085545236,2.203906178257441,True,True,True,sensor_030; sensor_029; sensor_285,high,0.9329929802169751
1462,2008-10-11 15:33:00,0,final_holdout,0.0346436149595172,207.0689358099375,1.521191798467161,True,True,True,sensor_014; sensor_059; sensor_345,high,0.9336311423101468
1463,2008-10-11 16:25:00,0,final_holdout,0.0290128426223443,209.0768203152292,0.5235349524686072,True,True,True,sensor_059; sensor_345; sensor_285,high,0.9342693044033185
1464,2008-10-11 23:16:00,0,final_holdout,0.0263763774406054,321.23855411065114,0.3940195639327558,True,True,True,sensor_059; sensor_345; sensor_030,high,0.9368219527760051
1465,2008-10-11 23:58:00,0,final_holdout,0.0416068362937741,202.8509956587968,1.0856591892381808,True,True,True,sensor_059; sensor_345; sensor_285,high,0.9374601148691768
1466,2008-10-12 00:57:00,0,final_holdout,0.0399791856722844,9.977286848356112,0.6616252727667351,True,True,False,sensor_029; sensor_285; sensor_059,high,0.9355456285896617
1467,2008-10-12 01:50:00,0,final_holdout,0.0684120038783395,10.764175858275776,0.224348206515187,True,True,False,sensor_150; sensor_014; sensor_059,high,0.9349074664964901
1468,2008-10-12 02:59:00,0,final_holdout,0.0353062399423127,341.8251173997639,2.874947779355658,True,True,True,sensor_014; sensor_059; sensor_345,high,0.9361837906828334
1469,2008-10-12 03:21:00,0,final_holdout,0.1121007142733678,396.67746005388005,0.7312085290557245,True,True,True,sensor_014; sensor_285; sensor_030,high,0.9380982769623485
1470,2008-10-12 03:28:00,0,final_holdout,0.1397794125393706,328.8667277679304,1.4275693577079178,True,True,True,sensor_059; sensor_345; sensor_030,high,0.9387364390555201
1471,2008-10-12 08:19:00,0,final_holdout,0.0445535350672454,335.9907363288541,1.6040899384779082,True,True,True,sensor_014; sensor_059; sensor_345,high,0.9400127632418634
1472,2008-10-12 18:47:00,0,final_holdout,0.0690682250762931,188.96890916481303,0.5706708636725236,True,True,True,sensor_059; sensor_345; sensor_014,high,0.9393746011486918
1473,2008-10-13 03:34:00,0,final_holdout,0.0417772077188787,232.06152453989804,1.1013037998542756,True,True,True,sensor_014; sensor_150; sensor_059,high,0.9412890874282067
1474,2008-10-13 03:53:00,0,final_holdout,0.058500577760798,74.72371904288485,1.5426580852988294,True,True,False,sensor_014; sensor_285; sensor_150,high,0.9406509253350351
1475,2008-10-13 11:27:00,0,final_holdout,0.0585813294557643,230.329013398006,0.9682885569052272,True,True,True,sensor_030; sensor_029; sensor_150,high,0.9432035737077218
1476,2008-10-13 12:18:00,0,final_holdout,0.0713081130771474,31.50904114230041,3.8214635617362966,True,True,False,sensor_014; sensor_285; sensor_150,high,0.9419272495213784
1477,2008-10-13 14:06:00,0,final_holdout,0.0557938889076034,424.8674303490519,1.345940827527693,True,True,True,sensor_030; sensor_029; sensor_059,high,0.9444798978940651
1478,2008-10-13 14:29:00,0,final_holdout,0.0615797777874846,222.88190683971845,2.177919248279849,True,True,True,sensor_059; sensor_345; sensor_014,high,0.9438417358008935
1479,2008-10-13 14:30:00,0,final_holdout,0.0853855325221978,322.626384187057,2.385489663440513,True,True,True,sensor_014; sensor_285; sensor_059,high,0.9425654116145501
1480,2008-10-13 14:55:00,0,final_holdout,0.0459444409889258,592.820694157836,1.8595820061511856,True,True,True,sensor_029; sensor_030; sensor_014,high,0.9451180599872367
1481,2008-10-13 15:42:00,0,final_holdout,0.0801767813963622,403.5062444692836,1.63607663081061,True,True,True,sensor_014; sensor_150; sensor_029,high,0.9457562220804084
1482,2008-10-13 15:42:00,0,final_holdout,0.1146459173998735,93.92708044151678,1.4075612462055966,True,True,True,sensor_059; sensor_345; sensor_014,high,0.9463943841735801
1483,2008-10-13 16:13:00,0,final_holdout,0.0264851581339914,586.700107057253,1.9726364226733637,True,True,True,sensor_014; sensor_029; sensor_030,high,0.9489470325462668
1484,2008-10-13 19:17:00,0,final_holdout,0.0711464850026043,31.296886263510217,1.6070671252845905,True,True,False,sensor_014; sensor_285; sensor_150,high,0.9483088704530951
1485,2008-10-13 19:36:00,0,final_holdout,0.1253193181943474,77.18315434543109,2.6807886152412705,True,True,False,sensor_014; sensor_285; sensor_150,high,0.9476707083599234
1486,2008-10-13 19:40:00,0,final_holdout,0.0485287453876229,221.57238327595,6.367427936500493,True,True,True,sensor_014; sensor_150; sensor_285,high,0.9470325462667517
1487,2008-10-13 20:10:00,0,final_holdout,0.1488720250958377,583.1775335450551,2.378507651248757,True,True,True,sensor_059; sensor_345; sensor_030,high,0.9495851946394385
1488,2008-10-13 20:30:00,0,final_holdout,0.0980038996133065,89.1821467912686,1.6368111840331403,True,True,True,sensor_014; sensor_150; sensor_285,high,0.95022335673261
1489,2008-10-13 20:53:00,0,final_holdout,0.209024753944946,328.20824748271895,7.022695276795477,True,True,True,sensor_059; sensor_345; sensor_030,high,0.9508615188257817
1490,2008-10-13 21:20:00,0,final_holdout,0.045554932560204,816.1503522274197,4.01213659470823,True,True,True,sensor_014; sensor_285; sensor_150,high,0.9514996809189534
1491,2008-10-13 21:47:00,0,final_holdout,0.0531852249402387,1224.846632955542,3.966441907353728,True,True,True,sensor_030; sensor_285; sensor_014,high,0.9521378430121251
1492,2008-10-13 21:57:00,0,final_holdout,0.0454649762305818,92.42713502122662,0.9371335194218702,True,True,True,sensor_014; sensor_059; sensor_345,high,0.9527760051052967
1493,2008-10-13 22:48:00,0,final_holdout,0.0321311863649316,212.05898337117293,0.1324855529581827,True,True,True,sensor_059; sensor_345; sensor_150,high,0.9534141671984684
1494,2008-10-13 22:54:00,0,final_holdout,0.0551530396509369,172.3396215172089,0.2277302078640977,True,True,True,sensor_059; sensor_345; sensor_150,high,0.9546904913848118
1495,2008-10-14 00:35:00,0,final_holdout,0.0484450395724033,245.62858158051412,1.6352396596682253,True,True,True,sensor_059; sensor_014; sensor_345,high,0.9540523292916401
1496,2008-10-14 03:21:00,0,final_holdout,0.0715979461762821,501.02553789162624,0.5063215166379096,True,True,True,sensor_059; sensor_345; sensor_030,high,0.9553286534779835
1497,2008-10-14 03:28:00,0,final_holdout,0.1063273487004239,103.6195299819816,1.1328807983096856,True,True,True,sensor_030; sensor_029; sensor_285,high,0.955966815571155
1498,2008-10-14 03:35:00,0,final_holdout,0.0955079343550051,133.80535922639868,0.6434922694631791,True,True,True,sensor_029; sensor_030; sensor_021,high,0.9566049776643267
1499,2008-10-14 13:13:00,0,final_holdout,0.089652483736487,399.7425634375729,0.6659283686198632,True,True,True,sensor_150; sensor_285; sensor_014,high,0.9578813018506701
1500,2008-10-14 13:16:00,0,final_holdout,0.0685769575949791,221.77209700596475,1.3011151056018226,True,True,True,sensor_059; sensor_345; sensor_014,high,0.9572431397574984
1501,2008-10-14 14:07:00,0,final_holdout,0.0360826743537626,143.32794812760324,1.208065006465259,True,True,True,sensor_059; sensor_345; sensor_030,high,0.9585194639438417
1502,2008-10-14 14:15:00,0,final_holdout,0.0414657348263429,233.4858578823517,0.7220019656087737,True,True,True,sensor_014; sensor_150; sensor_029,high,0.9591576260370134
1503,2008-10-14 14:43:00,0,final_holdout,0.1264318073698988,583.8269131583424,2.112079054716086,True,True,True,sensor_059; sensor_345; sensor_029,high,0.9604339502233568
1504,2008-10-14 17:36:00,0,final_holdout,0.0705765457062558,204.14918596354585,0.6770763590780184,True,True,True,sensor_059; sensor_345; sensor_285,high,0.9623484365028717
1505,2008-10-14 19:15:00,0,final_holdout,0.0804963609728979,77.9176172849817,0.6370611909025676,True,True,False,sensor_150; sensor_059; sensor_285,high,0.9597957881301851
1506,2008-10-14 20:01:00,0,final_holdout,0.20427796319934,290.38490775290734,0.7354170631038235,True,True,True,sensor_030; sensor_029; sensor_059,high,0.9642629227823867
1507,2008-10-14 20:30:00,0,final_holdout,0.1196786668293578,34.25907984166757,0.2374904157105992,True,True,False,sensor_030; sensor_029; sensor_150,high,0.9649010848755584
1508,2008-10-14 20:48:00,0,final_holdout,0.0300822157336637,225.159517316106,1.538698333696382,True,True,True,sensor_059; sensor_345; sensor_285,high,0.9629865985960434
1509,2008-10-14 21:36:00,0,final_holdout,0.1008135456054494,97.81572327151504,2.042842497183341,True,True,True,sensor_014; sensor_285; sensor_150,high,0.9610721123165284
1510,2008-10-14 23:07:00,0,final_holdout,0.0736747879985755,73.35465415563473,0.4138388637287526,True,True,False,sensor_285; sensor_014; sensor_029,high,0.9617102744097
1511,2008-10-15 00:03:00,0,final_holdout,0.0907239390759536,95.52912387805657,2.235319129714097,True,True,True,sensor_014; sensor_285; sensor_150,high,0.9636247606892151
1512,2008-10-15 00:27:00,0,final_holdout,0.033576942730216,242.5197345125996,1.2916430174416598,True,True,True,sensor_285; sensor_014; sensor_030,high,0.9655392469687301
1513,2008-10-15 00:47:00,0,final_holdout,0.2653376927248345,576.4223063725765,1.7088409713142936,True,True,True,sensor_059; sensor_345; sensor_030,high,0.9668155711550734
1514,2008-10-15 01:52:00,0,final_holdout,0.0689547801148629,120.53051223202444,2.171926892541157,True,True,True,sensor_014; sensor_150; sensor_285,high,0.9661774090619017
1515,2008-10-15 01:52:00,0,final_holdout,0.1164092072319118,119.42781115047538,1.995777354131902,True,True,True,sensor_014; sensor_150; sensor_029,high,0.9680918953414167
1516,2008-10-15 01:52:00,0,final_holdout,0.0603649285234204,77.77677102413432,0.521101919508805,True,True,False,sensor_014; sensor_285; sensor_059,high,0.9693682195277601
1517,2008-10-15 02:40:00,0,final_holdout,0.064523588394484,33.344601874677984,0.590037102827817,True,True,False,sensor_014; sensor_553; sensor_285,high,0.9700063816209317
1518,2008-10-15 02:40:00,0,final_holdout,0.104932255203532,220.96100240110457,3.0906550890074858,True,True,True,sensor_014; sensor_059; sensor_285,high,0.9687300574345884
1519,2008-10-15 02:42:00,1,final_holdout,0.1549161854102426,6.651571248344862,0.6092331451600527,True,True,False,sensor_014; sensor_285; sensor_553,high,0.967453733248245
1520,2008-10-15 03:24:00,0,final_holdout,0.1255889237638556,602.3836700051155,0.1531051912793036,True,True,True,sensor_285; sensor_150; sensor_059,high,0.971282705807275
1521,2008-10-15 04:08:00,0,final_holdout,0.0972023602196714,223.47886051158585,2.4430867633560616,True,True,True,sensor_014; sensor_150; sensor_059,high,0.9706445437141034
1522,2008-10-15 05:13:00,0,final_holdout,0.1003260265344416,106.4792450863842,0.4792195791075899,True,True,True,sensor_030; sensor_029; sensor_553,high,0.9719208679004467
1523,2008-10-15 05:16:00,0,final_holdout,0.0974921358180198,427.642786573839,2.630795046096273,True,True,True,sensor_014; sensor_285; sensor_150,high,0.97319719208679
1524,2008-10-15 06:49:00,0,final_holdout,0.06897371264095,433.1918793583121,1.055019286302182,True,True,True,sensor_059; sensor_345; sensor_030,high,0.9751116783663051
1525,2008-10-15 07:36:00,0,final_holdout,0.0271771694571854,57.10874951185134,0.3049601580546773,True,True,False,sensor_030; sensor_029; sensor_059,high,0.9757498404594767
1526,2008-10-15 07:55:00,0,final_holdout,0.0442830390132775,248.89744661203815,0.8217193361079617,True,True,True,sensor_059; sensor_345; sensor_029,high,0.9738353541799617
1527,2008-10-15 08:21:00,0,final_holdout,0.0568847235588044,193.4340898575718,2.4025078124928942,True,True,True,sensor_014; sensor_285; sensor_150,high,0.9725590299936184
1528,2008-10-15 09:11:00,0,final_holdout,0.101918616861949,577.462416067156,1.9951827047668225,True,True,True,sensor_059; sensor_345; sensor_030,high,0.9744735162731334
1529,2008-10-15 10:00:00,0,final_holdout,0.0643434562711619,137.341969410049,0.3053303255298896,True,True,True,sensor_014; sensor_285; sensor_030,high,0.9763880025526483
1530,2008-10-15 12:53:00,0,final_holdout,0.0664436052141927,117.20575120073168,2.800367914785199,True,True,True,sensor_014; sensor_150; sensor_030,high,0.97702616464582
1531,2008-10-15 13:14:00,0,final_holdout,0.0417503069559,253.1268736236945,0.9406907346377532,True,True,True,sensor_150; sensor_059; sensor_345,high,0.9776643267389917
1532,2008-10-15 13:16:00,0,final_holdout,0.0692397884949174,221.43469178737303,1.0024785087418586,True,True,True,sensor_029; sensor_030; sensor_285,high,0.9783024888321634
1533,2008-10-15 14:08:00,0,final_holdout,0.0356576758555738,223.83943956486235,0.7914622913775168,True,True,True,sensor_029; sensor_030; sensor_014,high,0.9795788130185067
1534,2008-10-15 15:11:00,0,final_holdout,0.0398646699184141,204.56645591278527,0.4726125197158713,True,True,True,sensor_059; sensor_345; sensor_030,high,0.9814932992980216
1535,2008-10-15 16:24:00,0,final_holdout,0.0373583817495631,17.54558309410301,0.2093351566184614,True,True,False,sensor_285; sensor_030; sensor_029,high,0.978940650925335
1536,2008-10-15 17:19:00,0,final_holdout,0.0471745989048363,31.838318687565515,0.2500925375727505,True,True,False,sensor_030; sensor_029; sensor_025,high,0.9802169751116784
1537,2008-10-15 18:16:00,0,final_holdout,0.0554353664510551,71.69209999964754,0.5465746089579037,True,True,False,sensor_059; sensor_345; sensor_150,high,0.9808551372048501
1538,2008-10-15 19:15:00,0,final_holdout,0.071346088761444,83.47036275243826,0.8694080797337899,True,True,True,sensor_014; sensor_285; sensor_030,high,0.9821314613911933
1539,2008-10-15 19:24:00,0,final_holdout,0.1007188234228565,878.5593431450989,5.567053584957972,True,True,True,sensor_014; sensor_285; sensor_059,high,0.982769623484365
1540,2008-10-15 21:44:00,0,final_holdout,0.1417874010581543,287.7555490761397,1.5426317088623214,True,True,True,sensor_059; sensor_345; sensor_030,high,0.9834077855775367
1541,2008-10-15 22:45:00,0,final_holdout,0.0402942722021618,91.00290308251914,0.7953620419053792,True,True,True,sensor_030; sensor_029; sensor_014,high,0.9840459476707084
1542,2008-10-15 22:54:00,0,final_holdout,0.1086605483952376,357.63521516492494,2.763243017247302,True,True,True,sensor_014; sensor_150; sensor_285,high,0.98468410976388
1543,2008-10-15 23:00:00,0,final_holdout,0.0714992442019816,367.62547316056657,1.381136112941271,True,True,True,sensor_014; sensor_059; sensor_345,high,0.9853222718570517
1544,2008-10-15 23:45:00,0,final_holdout,0.055813672920456,362.2808931379976,0.9884253840262314,True,True,True,sensor_014; sensor_030; sensor_029,high,0.9859604339502234
1545,2008-10-16 02:16:00,0,final_holdout,0.1163005425377781,35.45046008796253,1.1750498540538608,True,True,False,sensor_014; sensor_030; sensor_029,high,0.9865985960433951
1546,2008-10-16 02:16:00,0,final_holdout,0.1014211173043093,291.4753760930731,0.5856970293081772,True,True,True,sensor_030; sensor_029; sensor_025,high,0.9872367581365666
1547,2008-10-16 02:17:00,0,final_holdout,0.0680335840045586,105.11484989105448,0.3646072022039677,True,True,True,sensor_030; sensor_029; sensor_014,high,0.9878749202297383
1548,2008-10-16 02:22:00,0,final_holdout,0.0689973209681212,47.3114352156536,1.2289034674214476,True,True,False,sensor_059; sensor_345; sensor_029,high,0.98851308232291
1549,2008-10-16 02:55:00,0,final_holdout,0.038964806400685,350.69352265864444,0.8903515319588531,True,True,True,sensor_030; sensor_029; sensor_014,high,0.9891512444160817
1550,2008-10-16 03:56:00,0,final_holdout,0.0866676550894807,583.5246087328811,1.8796840256735716,True,True,True,sensor_059; sensor_345; sensor_030,high,0.9897894065092534
1551,2008-10-16 04:02:00,0,final_holdout,0.074442295061862,577.5767345426541,1.8124383815602192,True,True,True,sensor_059; sensor_345; sensor_285,high,0.9948947032546267
1552,2008-10-16 04:02:00,0,final_holdout,0.0836053795854665,254.30490199415965,3.6335496461318137,True,True,True,sensor_014; sensor_150; sensor_059,high,0.99617102744097
1553,2008-10-16 04:04:00,0,final_holdout,0.0771926540192562,28.712853314623004,0.2615471748091657,True,True,False,sensor_059; sensor_345; sensor_014,high,0.9974473516273133
1554,2008-10-16 04:47:00,0,final_holdout,0.0760283943285121,32.35550782081374,0.4069584135527315,True,True,False,sensor_030; sensor_029; sensor_285,high,0.9955328653477984
1555,2008-10-16 04:50:00,0,final_holdout,0.1351902090893482,128.52490937692934,1.2275086247277749,True,True,True,sensor_014; sensor_285; sensor_059,high,0.994256541161455
1556,2008-10-16 04:54:00,0,final_holdout,0.0442209320064977,321.43427955140066,1.2425955193761469,True,True,True,sensor_059; sensor_345; sensor_029,high,0.99234205488194
1557,2008-10-16 05:08:00,0,final_holdout,0.0762041986714032,230.1101887869856,0.8605886348882321,True,True,True,sensor_059; sensor_345; sensor_029,high,0.9910657306955967
1558,2008-10-16 05:13:00,0,final_holdout,0.0414067983595355,70.68192940242801,0.7075713192460558,True,True,False,sensor_059; sensor_345; sensor_014,high,0.9929802169751116
1559,2008-10-16 05:44:00,0,final_holdout,0.0317443633887864,176.17262172755397,0.3560326204058099,True,True,True,sensor_059; sensor_345; sensor_285,high,0.9936183790682833
1560,2008-10-16 05:58:00,0,final_holdout,0.0683390816852184,184.4219584140819,1.5428993938455922,True,True,True,sensor_059; sensor_345; sensor_014,high,0.990427568602425
1561,2008-10-16 15:02:00,0,final_holdout,0.0688428606787667,34.07587445962591,0.4710088542375993,True,True,False,sensor_059; sensor_345; sensor_030,high,0.9917038927887684
1562,2008-10-16 15:13:00,0,final_holdout,0.1139869080729008,580.2707418224238,2.5118857123235947,True,True,True,sensor_059; sensor_345; sensor_030,high,0.9968091895341417
1563,2008-10-16 20:49:00,0,final_holdout,0.0723018252974539,227.9725330642888,1.4032194818891486,True,True,True,sensor_014; sensor_285; sensor_030,high,0.998085513720485
1564,2008-10-17 05:26:00,0,final_holdout,0.0972788992633606,68.31416003337766,0.6130755818356798,True,True,False,sensor_030; sensor_029; sensor_345,high,0.9987236758136566
1565,2008-10-17 06:01:00,0,final_holdout,0.1367015341199232,576.5016637265984,2.0731683313680995,True,True,True,sensor_059; sensor_014; sensor_345,high,0.9993618379068283
1566,2008-10-17 06:07:00,0,final_holdout,0.0663091928036247,73.88485395416446,0.2597850290059032,True,True,False,sensor_030; sensor_029; sensor_345,high,1.0
